2026-09-15 10:21:38.034 [main] INFO  com.demo.Docker.DockerApplication - Starting DockerApplication using Java 17.0.7 with PID 7492 (C:\Amit singh\Docker\Docker\target\classes started by Sai in C:\Amit singh\Docker\Docker)
2026-09-15 10:21:38.047 [main] INFO  com.demo.Docker.DockerApplication - No active profile set, falling back to 1 default profile: "default"
2026-09-15 10:21:38.606 [main] INFO  org.springframework.data.repository.config.RepositoryConfigurationDelegate - Bootstrapping Spring Data JPA repositories in DEFAULT mode.
2026-09-15 10:21:38.651 [main] INFO  org.springframework.data.repository.config.RepositoryConfigurationDelegate - Finished Spring Data repository scanning in 35 ms. Found 1 JPA repository interface.
2026-09-15 10:21:38.993 [main] INFO  org.springframework.boot.tomcat.TomcatWebServer - Tomcat initialized with port 9087 (http)
2026-09-15 10:21:39.007 [main] INFO  org.apache.coyote.http11.Http11NioProtocol - Initializing ProtocolHandler ["http-nio-9087"]
2026-09-15 10:21:39.008 [main] INFO  org.apache.catalina.core.StandardService - Starting service [Tomcat]
2026-09-15 10:21:39.009 [main] INFO  org.apache.catalina.core.StandardEngine - Starting Servlet engine: [Apache Tomcat/11.0.20]
2026-09-15 10:21:39.059 [main] INFO  org.springframework.boot.web.context.servlet.WebApplicationContextInitializer - Root WebApplicationContext: initialization completed in 966 ms
2026-09-15 10:21:39.271 [main] INFO  org.hibernate.orm.jpa - HHH008540: Processing PersistenceUnitInfo [name: default]
2026-09-15 10:21:39.338 [main] INFO  org.hibernate.orm.core - HHH000001: Hibernate ORM core version 7.2.7.Final
2026-09-15 10:21:39.803 [main] INFO  org.springframework.orm.jpa.persistenceunit.SpringPersistenceUnitInfo - No LoadTimeWeaver setup: ignoring JPA class transformer
2026-09-15 10:21:39.838 [main] INFO  com.zaxxer.hikari.HikariDataSource - HikariPool-1 - Starting...
2026-09-15 10:21:40.759 [main] INFO  com.zaxxer.hikari.pool.HikariPool - HikariPool-1 - Added connection oracle.jdbc.driver.T4CConnection@7381d6f0
2026-09-15 10:21:40.761 [main] INFO  com.zaxxer.hikari.HikariDataSource - HikariPool-1 - Start completed.
2026-09-15 10:21:41.116 [main] WARN  org.hibernate.orm.jdbc - HHH100123: Low default JDBC fetch size: 10 (consider setting 'hibernate.jdbc.fetch_size')
2026-09-15 10:21:41.123 [main] INFO  org.hibernate.orm.connections.pooling - HHH10001005: Database info:
	Database JDBC URL [jdbc:oracle:thin:@//localhost:1521/orcl]
	Database driver: Oracle JDBC driver
	Database dialect: OracleDialect
	Database version: 21.3
	Default catalog/schema: undefined/C##MYAPP
	Autocommit mode: undefined/unknown
	Isolation level: READ_COMMITTED [default READ_COMMITTED]
	JDBC fetch size: 10
	Pool: DataSourceConnectionProvider
	Minimum pool size: undefined/unknown
	Maximum pool size: undefined/unknown
2026-09-15 10:21:41.945 [main] INFO  org.hibernate.orm.core - HHH000489: No JTA platform available (set 'hibernate.transaction.jta.platform' to enable JTA platform integration)
2026-09-15 10:21:42.922 [main] INFO  org.springframework.orm.jpa.LocalContainerEntityManagerFactoryBean - Initialized JPA EntityManagerFactory for persistence unit 'default'
2026-09-15 10:21:42.989 [main] INFO  org.springframework.data.jpa.repository.query.QueryEnhancerFactories - Hibernate is in classpath; If applicable, HQL parser will be used.
2026-09-15 10:21:43.171 [main] WARN  org.springframework.boot.jpa.autoconfigure.JpaBaseConfiguration$JpaWebConfiguration - spring.jpa.open-in-view is enabled by default. Therefore, database queries may be performed during view rendering. Explicitly configure spring.jpa.open-in-view to disable this warning
2026-09-15 10:21:43.477 [main] INFO  org.apache.coyote.http11.Http11NioProtocol - Starting ProtocolHandler ["http-nio-9087"]
2026-09-15 10:21:43.496 [main] INFO  org.springframework.boot.tomcat.TomcatWebServer - Tomcat started on port 9087 (http) with context path '/'
2026-09-15 10:21:43.503 [main] INFO  com.demo.Docker.DockerApplication - Started DockerApplication in 5.795 seconds (process running for 7.339)
2026-09-15 12:34:31.030 [HikariPool-1:housekeeper] WARN  com.zaxxer.hikari.pool.HikariPool - HikariPool-1 - Thread starvation or clock leap detected (housekeeper delta=8m17s919ms266µs301ns).
2026-09-15 12:52:33.519 [HikariPool-1:housekeeper] WARN  com.zaxxer.hikari.pool.HikariPool - HikariPool-1 - Thread starvation or clock leap detected (housekeeper delta=7m32s250ms487µs201ns).
2026-09-15 13:02:12.006 [HikariPool-1:housekeeper] WARN  com.zaxxer.hikari.pool.HikariPool - HikariPool-1 - Thread starvation or clock leap detected (housekeeper delta=9m38s487ms39µs200ns).
2026-09-15 13:20:01.025 [RMI TCP Connection(162)-127.0.0.1] INFO  org.springframework.boot.admin.SpringApplicationAdminMXBeanRegistrar$SpringApplicationAdmin - Application shutdown requested.
2026-09-15 13:20:01.132 [RMI TCP Connection(162)-127.0.0.1] INFO  org.springframework.boot.tomcat.GracefulShutdown - Commencing graceful shutdown. Waiting for active requests to complete
2026-09-15 13:20:01.148 [tomcat-shutdown] INFO  org.apache.coyote.http11.Http11NioProtocol - Pausing ProtocolHandler ["http-nio-9087"]
2026-09-15 13:20:01.459 [tomcat-shutdown] INFO  org.springframework.boot.tomcat.GracefulShutdown - Graceful shutdown complete
2026-09-15 13:20:01.462 [RMI TCP Connection(162)-127.0.0.1] INFO  org.apache.coyote.http11.Http11NioProtocol - Stopping ProtocolHandler ["http-nio-9087"]
2026-09-15 13:20:01.480 [RMI TCP Connection(162)-127.0.0.1] INFO  org.springframework.orm.jpa.LocalContainerEntityManagerFactoryBean - Closing JPA EntityManagerFactory for persistence unit 'default'
2026-09-15 13:20:01.500 [RMI TCP Connection(162)-127.0.0.1] INFO  com.zaxxer.hikari.HikariDataSource - HikariPool-1 - Shutdown initiated...
2026-09-15 13:20:01.527 [RMI TCP Connection(162)-127.0.0.1] INFO  com.zaxxer.hikari.HikariDataSource - HikariPool-1 - Shutdown completed.
2026-09-15 13:20:15.995 [main] INFO  com.demo.Docker.DockerApplication - Starting DockerApplication using Java 17.0.7 with PID 5504 (C:\Amit singh\Docker\Docker\target\classes started by Sai in C:\Amit singh\Docker\Docker)
2026-09-15 13:20:16.003 [main] INFO  com.demo.Docker.DockerApplication - No active profile set, falling back to 1 default profile: "default"
2026-09-15 13:20:16.628 [main] INFO  org.springframework.data.repository.config.RepositoryConfigurationDelegate - Bootstrapping Spring Data JPA repositories in DEFAULT mode.
2026-09-15 13:20:16.679 [main] INFO  org.springframework.data.repository.config.RepositoryConfigurationDelegate - Finished Spring Data repository scanning in 41 ms. Found 1 JPA repository interface.
2026-09-15 13:20:17.031 [main] INFO  org.springframework.boot.tomcat.TomcatWebServer - Tomcat initialized with port 9087 (http)
2026-09-15 13:20:17.044 [main] INFO  org.apache.coyote.http11.Http11NioProtocol - Initializing ProtocolHandler ["http-nio-9087"]
2026-09-15 13:20:17.046 [main] INFO  org.apache.catalina.core.StandardService - Starting service [Tomcat]
2026-09-15 13:20:17.046 [main] INFO  org.apache.catalina.core.StandardEngine - Starting Servlet engine: [Apache Tomcat/11.0.20]
2026-09-15 13:20:17.096 [main] INFO  org.springframework.boot.web.context.servlet.WebApplicationContextInitializer - Root WebApplicationContext: initialization completed in 1040 ms
2026-09-15 13:20:17.319 [main] INFO  org.hibernate.orm.jpa - HHH008540: Processing PersistenceUnitInfo [name: default]
2026-09-15 13:20:17.379 [main] INFO  org.hibernate.orm.core - HHH000001: Hibernate ORM core version 7.2.7.Final
2026-09-15 13:20:17.849 [main] INFO  org.springframework.orm.jpa.persistenceunit.SpringPersistenceUnitInfo - No LoadTimeWeaver setup: ignoring JPA class transformer
2026-09-15 13:20:17.885 [main] INFO  com.zaxxer.hikari.HikariDataSource - HikariPool-1 - Starting...
2026-09-15 13:20:18.276 [main] INFO  com.zaxxer.hikari.pool.HikariPool - HikariPool-1 - Added connection oracle.jdbc.driver.T4CConnection@b671dda
2026-09-15 13:20:18.278 [main] INFO  com.zaxxer.hikari.HikariDataSource - HikariPool-1 - Start completed.
2026-09-15 13:20:18.608 [main] WARN  org.hibernate.orm.jdbc - HHH100123: Low default JDBC fetch size: 10 (consider setting 'hibernate.jdbc.fetch_size')
2026-09-15 13:20:18.617 [main] INFO  org.hibernate.orm.connections.pooling - HHH10001005: Database info:
	Database JDBC URL [jdbc:oracle:thin:@//localhost:1521/orcl]
	Database driver: Oracle JDBC driver
	Database dialect: OracleDialect
	Database version: 21.3
	Default catalog/schema: undefined/C##MYAPP
	Autocommit mode: undefined/unknown
	Isolation level: READ_COMMITTED [default READ_COMMITTED]
	JDBC fetch size: 10
	Pool: DataSourceConnectionProvider
	Minimum pool size: undefined/unknown
	Maximum pool size: undefined/unknown
2026-09-15 13:20:19.503 [main] INFO  org.hibernate.orm.core - HHH000489: No JTA platform available (set 'hibernate.transaction.jta.platform' to enable JTA platform integration)
2026-09-15 13:20:20.636 [main] INFO  org.springframework.orm.jpa.LocalContainerEntityManagerFactoryBean - Initialized JPA EntityManagerFactory for persistence unit 'default'
2026-09-15 13:20:20.712 [main] INFO  org.springframework.data.jpa.repository.query.QueryEnhancerFactories - Hibernate is in classpath; If applicable, HQL parser will be used.
2026-09-15 13:20:20.901 [main] WARN  org.springframework.boot.jpa.autoconfigure.JpaBaseConfiguration$JpaWebConfiguration - spring.jpa.open-in-view is enabled by default. Therefore, database queries may be performed during view rendering. Explicitly configure spring.jpa.open-in-view to disable this warning
2026-09-15 13:20:21.212 [main] INFO  org.apache.coyote.http11.Http11NioProtocol - Starting ProtocolHandler ["http-nio-9087"]
2026-09-15 13:20:21.233 [main] INFO  org.springframework.boot.tomcat.TomcatWebServer - Tomcat started on port 9087 (http) with context path '/'
2026-09-15 13:20:21.239 [main] INFO  com.demo.Docker.DockerApplication - Started DockerApplication in 5.61 seconds (process running for 6.861)
2026-09-15 13:33:23.640 [RMI TCP Connection(15)-127.0.0.1] INFO  org.springframework.boot.admin.SpringApplicationAdminMXBeanRegistrar$SpringApplicationAdmin - Application shutdown requested.
2026-09-15 13:33:23.662 [RMI TCP Connection(15)-127.0.0.1] INFO  org.springframework.boot.tomcat.GracefulShutdown - Commencing graceful shutdown. Waiting for active requests to complete
2026-09-15 13:33:23.666 [tomcat-shutdown] INFO  org.apache.coyote.http11.Http11NioProtocol - Pausing ProtocolHandler ["http-nio-9087"]
2026-09-15 13:33:23.892 [tomcat-shutdown] INFO  org.springframework.boot.tomcat.GracefulShutdown - Graceful shutdown complete
2026-09-15 13:33:23.893 [RMI TCP Connection(15)-127.0.0.1] INFO  org.apache.coyote.http11.Http11NioProtocol - Stopping ProtocolHandler ["http-nio-9087"]
2026-09-15 13:33:23.900 [RMI TCP Connection(15)-127.0.0.1] INFO  org.springframework.orm.jpa.LocalContainerEntityManagerFactoryBean - Closing JPA EntityManagerFactory for persistence unit 'default'
2026-09-15 13:33:23.907 [RMI TCP Connection(15)-127.0.0.1] INFO  com.zaxxer.hikari.HikariDataSource - HikariPool-1 - Shutdown initiated...
2026-09-15 13:33:23.952 [RMI TCP Connection(15)-127.0.0.1] INFO  com.zaxxer.hikari.HikariDataSource - HikariPool-1 - Shutdown completed.
2026-09-15 13:34:01.497 [main] INFO  org.springframework.test.context.support.AnnotationConfigContextLoaderUtils - Could not detect default configuration classes for test class [com.demo.Docker.DockerApplicationTests]: DockerApplicationTests does not declare any static, non-private, non-final, nested classes annotated with @Configuration.
2026-09-15 13:34:01.612 [main] INFO  org.springframework.boot.test.context.SpringBootTestContextBootstrapper - Found @SpringBootConfiguration com.demo.Docker.DockerApplication for test class com.demo.Docker.DockerApplicationTests
2026-09-15 13:34:01.701 [main] INFO  org.springframework.test.context.support.AnnotationConfigContextLoaderUtils - Could not detect default configuration classes for test class [com.demo.Docker.DockerApplicationTests]: DockerApplicationTests does not declare any static, non-private, non-final, nested classes annotated with @Configuration.
2026-09-15 13:34:01.703 [main] INFO  org.springframework.boot.test.context.SpringBootTestContextBootstrapper - Found @SpringBootConfiguration com.demo.Docker.DockerApplication for test class com.demo.Docker.DockerApplicationTests
2026-09-15 13:34:02.045 [main] INFO  com.demo.Docker.DockerApplicationTests - Starting DockerApplicationTests using Java 17.0.7 with PID 19900 (started by Sai in C:\Amit singh\Docker\Docker)
2026-09-15 13:34:02.050 [main] INFO  com.demo.Docker.DockerApplicationTests - No active profile set, falling back to 1 default profile: "default"
2026-09-15 13:34:02.794 [main] INFO  org.springframework.data.repository.config.RepositoryConfigurationDelegate - Bootstrapping Spring Data JPA repositories in DEFAULT mode.
2026-09-15 13:34:02.857 [main] INFO  org.springframework.data.repository.config.RepositoryConfigurationDelegate - Finished Spring Data repository scanning in 48 ms. Found 1 JPA repository interface.
2026-09-15 13:34:03.334 [main] INFO  org.hibernate.orm.jpa - HHH008540: Processing PersistenceUnitInfo [name: default]
2026-09-15 13:34:03.425 [main] INFO  org.hibernate.orm.core - HHH000001: Hibernate ORM core version 7.2.7.Final
2026-09-15 13:34:04.090 [main] INFO  org.springframework.orm.jpa.persistenceunit.SpringPersistenceUnitInfo - No LoadTimeWeaver setup: ignoring JPA class transformer
2026-09-15 13:34:04.118 [main] INFO  com.zaxxer.hikari.HikariDataSource - HikariPool-1 - Starting...
2026-09-15 13:34:04.473 [main] INFO  com.zaxxer.hikari.pool.HikariPool - HikariPool-1 - Added connection oracle.jdbc.driver.T4CConnection@594c66c3
2026-09-15 13:34:04.475 [main] INFO  com.zaxxer.hikari.HikariDataSource - HikariPool-1 - Start completed.
2026-09-15 13:34:04.763 [main] WARN  org.hibernate.orm.jdbc - HHH100123: Low default JDBC fetch size: 10 (consider setting 'hibernate.jdbc.fetch_size')
2026-09-15 13:34:04.773 [main] INFO  org.hibernate.orm.connections.pooling - HHH10001005: Database info:
	Database JDBC URL [jdbc:oracle:thin:@//localhost:1521/orcl]
	Database driver: Oracle JDBC driver
	Database dialect: OracleDialect
	Database version: 21.3
	Default catalog/schema: undefined/C##MYAPP
	Autocommit mode: undefined/unknown
	Isolation level: READ_COMMITTED [default READ_COMMITTED]
	JDBC fetch size: 10
	Pool: DataSourceConnectionProvider
	Minimum pool size: undefined/unknown
	Maximum pool size: undefined/unknown
2026-09-15 13:34:05.722 [main] INFO  org.hibernate.orm.core - HHH000489: No JTA platform available (set 'hibernate.transaction.jta.platform' to enable JTA platform integration)
2026-09-15 13:34:05.941 [main] INFO  org.springframework.orm.jpa.LocalContainerEntityManagerFactoryBean - Initialized JPA EntityManagerFactory for persistence unit 'default'
2026-09-15 13:34:06.048 [main] INFO  org.springframework.data.jpa.repository.query.QueryEnhancerFactories - Hibernate is in classpath; If applicable, HQL parser will be used.
2026-09-15 13:34:06.350 [main] WARN  org.springframework.boot.jpa.autoconfigure.JpaBaseConfiguration$JpaWebConfiguration - spring.jpa.open-in-view is enabled by default. Therefore, database queries may be performed during view rendering. Explicitly configure spring.jpa.open-in-view to disable this warning
2026-09-15 13:34:06.833 [main] INFO  com.demo.Docker.DockerApplicationTests - Started DockerApplicationTests in 5.044 seconds (process running for 6.737)
2026-09-15 13:34:07.287 [SpringApplicationShutdownHook] INFO  org.springframework.orm.jpa.LocalContainerEntityManagerFactoryBean - Closing JPA EntityManagerFactory for persistence unit 'default'
2026-09-15 13:34:07.290 [SpringApplicationShutdownHook] INFO  com.zaxxer.hikari.HikariDataSource - HikariPool-1 - Shutdown initiated...
2026-09-15 13:34:07.305 [SpringApplicationShutdownHook] INFO  com.zaxxer.hikari.HikariDataSource - HikariPool-1 - Shutdown completed.
2026-09-15 13:38:54.376 [main] INFO  com.demo.Docker.DockerApplication - Starting DockerApplication using Java 17.0.7 with PID 4156 (C:\Amit singh\Docker\Docker\target\classes started by Sai in C:\Amit singh\Docker\Docker)
2026-09-15 13:38:54.384 [main] INFO  com.demo.Docker.DockerApplication - No active profile set, falling back to 1 default profile: "default"
2026-09-15 13:38:54.970 [main] INFO  org.springframework.data.repository.config.RepositoryConfigurationDelegate - Bootstrapping Spring Data JPA repositories in DEFAULT mode.
2026-09-15 13:38:55.017 [main] INFO  org.springframework.data.repository.config.RepositoryConfigurationDelegate - Finished Spring Data repository scanning in 38 ms. Found 1 JPA repository interface.
2026-09-15 13:38:55.362 [main] INFO  org.springframework.boot.tomcat.TomcatWebServer - Tomcat initialized with port 9087 (http)
2026-09-15 13:38:55.374 [main] INFO  org.apache.coyote.http11.Http11NioProtocol - Initializing ProtocolHandler ["http-nio-9087"]
2026-09-15 13:38:55.375 [main] INFO  org.apache.catalina.core.StandardService - Starting service [Tomcat]
2026-09-15 13:38:55.376 [main] INFO  org.apache.catalina.core.StandardEngine - Starting Servlet engine: [Apache Tomcat/11.0.20]
2026-09-15 13:38:55.423 [main] INFO  org.springframework.boot.web.context.servlet.WebApplicationContextInitializer - Root WebApplicationContext: initialization completed in 992 ms
2026-09-15 13:38:55.617 [main] INFO  org.hibernate.orm.jpa - HHH008540: Processing PersistenceUnitInfo [name: default]
2026-09-15 13:38:55.681 [main] INFO  org.hibernate.orm.core - HHH000001: Hibernate ORM core version 7.2.7.Final
2026-09-15 13:38:56.157 [main] INFO  org.springframework.orm.jpa.persistenceunit.SpringPersistenceUnitInfo - No LoadTimeWeaver setup: ignoring JPA class transformer
2026-09-15 13:38:56.194 [main] INFO  com.zaxxer.hikari.HikariDataSource - HikariPool-1 - Starting...
2026-09-15 13:38:56.966 [main] INFO  com.zaxxer.hikari.pool.HikariPool - HikariPool-1 - Added connection oracle.jdbc.driver.T4CConnection@5ba63110
2026-09-15 13:38:56.967 [main] INFO  com.zaxxer.hikari.HikariDataSource - HikariPool-1 - Start completed.
2026-09-15 13:38:57.274 [main] WARN  org.hibernate.orm.jdbc - HHH100123: Low default JDBC fetch size: 10 (consider setting 'hibernate.jdbc.fetch_size')
2026-09-15 13:38:57.281 [main] INFO  org.hibernate.orm.connections.pooling - HHH10001005: Database info:
	Database JDBC URL [jdbc:oracle:thin:@//localhost:1521/orcl]
	Database driver: Oracle JDBC driver
	Database dialect: OracleDialect
	Database version: 21.3
	Default catalog/schema: undefined/C##MYAPP
	Autocommit mode: undefined/unknown
	Isolation level: READ_COMMITTED [default READ_COMMITTED]
	JDBC fetch size: 10
	Pool: DataSourceConnectionProvider
	Minimum pool size: undefined/unknown
	Maximum pool size: undefined/unknown
2026-09-15 13:38:58.173 [main] INFO  org.hibernate.orm.core - HHH000489: No JTA platform available (set 'hibernate.transaction.jta.platform' to enable JTA platform integration)
2026-09-15 13:38:58.468 [main] INFO  org.springframework.orm.jpa.LocalContainerEntityManagerFactoryBean - Initialized JPA EntityManagerFactory for persistence unit 'default'
2026-09-15 13:38:58.541 [main] INFO  org.springframework.data.jpa.repository.query.QueryEnhancerFactories - Hibernate is in classpath; If applicable, HQL parser will be used.
2026-09-15 13:38:58.739 [main] WARN  org.springframework.boot.jpa.autoconfigure.JpaBaseConfiguration$JpaWebConfiguration - spring.jpa.open-in-view is enabled by default. Therefore, database queries may be performed during view rendering. Explicitly configure spring.jpa.open-in-view to disable this warning
2026-09-15 13:38:59.024 [main] INFO  org.apache.coyote.http11.Http11NioProtocol - Starting ProtocolHandler ["http-nio-9087"]
2026-09-15 13:38:59.050 [main] INFO  org.springframework.boot.tomcat.TomcatWebServer - Tomcat started on port 9087 (http) with context path '/'
2026-09-15 13:38:59.056 [main] INFO  com.demo.Docker.DockerApplication - Started DockerApplication in 5.064 seconds (process running for 6.115)
2026-09-15 13:44:21.960 [RMI TCP Connection(7)-127.0.0.1] INFO  org.springframework.boot.admin.SpringApplicationAdminMXBeanRegistrar$SpringApplicationAdmin - Application shutdown requested.
2026-09-15 13:44:21.965 [RMI TCP Connection(7)-127.0.0.1] INFO  org.springframework.boot.tomcat.GracefulShutdown - Commencing graceful shutdown. Waiting for active requests to complete
2026-09-15 13:44:21.967 [tomcat-shutdown] INFO  org.apache.coyote.http11.Http11NioProtocol - Pausing ProtocolHandler ["http-nio-9087"]
2026-09-15 13:44:22.196 [tomcat-shutdown] INFO  org.springframework.boot.tomcat.GracefulShutdown - Graceful shutdown complete
2026-09-15 13:44:22.197 [RMI TCP Connection(7)-127.0.0.1] INFO  org.apache.coyote.http11.Http11NioProtocol - Stopping ProtocolHandler ["http-nio-9087"]
2026-09-15 13:44:22.201 [RMI TCP Connection(7)-127.0.0.1] INFO  org.springframework.orm.jpa.LocalContainerEntityManagerFactoryBean - Closing JPA EntityManagerFactory for persistence unit 'default'
2026-09-15 13:44:22.203 [RMI TCP Connection(7)-127.0.0.1] INFO  com.zaxxer.hikari.HikariDataSource - HikariPool-1 - Shutdown initiated...
2026-09-15 13:44:22.230 [RMI TCP Connection(7)-127.0.0.1] INFO  com.zaxxer.hikari.HikariDataSource - HikariPool-1 - Shutdown completed.
2026-09-15 13:44:51.729 [main] INFO  org.springframework.test.context.support.AnnotationConfigContextLoaderUtils - Could not detect default configuration classes for test class [com.demo.Docker.DockerApplicationTests]: DockerApplicationTests does not declare any static, non-private, non-final, nested classes annotated with @Configuration.
2026-09-15 13:44:51.836 [main] INFO  org.springframework.boot.test.context.SpringBootTestContextBootstrapper - Found @SpringBootConfiguration com.demo.Docker.DockerApplication for test class com.demo.Docker.DockerApplicationTests
2026-09-15 13:44:51.940 [main] INFO  org.springframework.test.context.support.AnnotationConfigContextLoaderUtils - Could not detect default configuration classes for test class [com.demo.Docker.DockerApplicationTests]: DockerApplicationTests does not declare any static, non-private, non-final, nested classes annotated with @Configuration.
2026-09-15 13:44:51.943 [main] INFO  org.springframework.boot.test.context.SpringBootTestContextBootstrapper - Found @SpringBootConfiguration com.demo.Docker.DockerApplication for test class com.demo.Docker.DockerApplicationTests
2026-09-15 13:44:52.278 [main] INFO  com.demo.Docker.DockerApplicationTests - Starting DockerApplicationTests using Java 17.0.7 with PID 8016 (started by Sai in C:\Amit singh\Docker\Docker)
2026-09-15 13:44:52.285 [main] INFO  com.demo.Docker.DockerApplicationTests - No active profile set, falling back to 1 default profile: "default"
2026-09-15 13:44:52.925 [main] INFO  org.springframework.data.repository.config.RepositoryConfigurationDelegate - Bootstrapping Spring Data JPA repositories in DEFAULT mode.
2026-09-15 13:44:52.986 [main] INFO  org.springframework.data.repository.config.RepositoryConfigurationDelegate - Finished Spring Data repository scanning in 50 ms. Found 1 JPA repository interface.
2026-09-15 13:44:53.537 [main] INFO  org.hibernate.orm.jpa - HHH008540: Processing PersistenceUnitInfo [name: default]
2026-09-15 13:44:53.624 [main] INFO  org.hibernate.orm.core - HHH000001: Hibernate ORM core version 7.2.7.Final
2026-09-15 13:44:54.306 [main] INFO  org.springframework.orm.jpa.persistenceunit.SpringPersistenceUnitInfo - No LoadTimeWeaver setup: ignoring JPA class transformer
2026-09-15 13:44:54.338 [main] INFO  com.zaxxer.hikari.HikariDataSource - HikariPool-1 - Starting...
2026-09-15 13:44:54.732 [main] INFO  com.zaxxer.hikari.pool.HikariPool - HikariPool-1 - Added connection oracle.jdbc.driver.T4CConnection@594c66c3
2026-09-15 13:44:54.734 [main] INFO  com.zaxxer.hikari.HikariDataSource - HikariPool-1 - Start completed.
2026-09-15 13:44:55.021 [main] WARN  org.hibernate.orm.jdbc - HHH100123: Low default JDBC fetch size: 10 (consider setting 'hibernate.jdbc.fetch_size')
2026-09-15 13:44:55.031 [main] INFO  org.hibernate.orm.connections.pooling - HHH10001005: Database info:
	Database JDBC URL [jdbc:oracle:thin:@//localhost:1521/orcl]
	Database driver: Oracle JDBC driver
	Database dialect: OracleDialect
	Database version: 21.3
	Default catalog/schema: undefined/C##MYAPP
	Autocommit mode: undefined/unknown
	Isolation level: READ_COMMITTED [default READ_COMMITTED]
	JDBC fetch size: 10
	Pool: DataSourceConnectionProvider
	Minimum pool size: undefined/unknown
	Maximum pool size: undefined/unknown
2026-09-15 13:44:55.989 [main] INFO  org.hibernate.orm.core - HHH000489: No JTA platform available (set 'hibernate.transaction.jta.platform' to enable JTA platform integration)
2026-09-15 13:44:56.156 [main] INFO  org.springframework.orm.jpa.LocalContainerEntityManagerFactoryBean - Initialized JPA EntityManagerFactory for persistence unit 'default'
2026-09-15 13:44:56.346 [main] INFO  org.springframework.data.jpa.repository.query.QueryEnhancerFactories - Hibernate is in classpath; If applicable, HQL parser will be used.
2026-09-15 13:44:56.692 [main] WARN  org.springframework.boot.jpa.autoconfigure.JpaBaseConfiguration$JpaWebConfiguration - spring.jpa.open-in-view is enabled by default. Therefore, database queries may be performed during view rendering. Explicitly configure spring.jpa.open-in-view to disable this warning
2026-09-15 13:44:57.228 [main] INFO  com.demo.Docker.DockerApplicationTests - Started DockerApplicationTests in 5.213 seconds (process running for 6.772)
2026-09-15 13:44:57.652 [SpringApplicationShutdownHook] INFO  org.springframework.orm.jpa.LocalContainerEntityManagerFactoryBean - Closing JPA EntityManagerFactory for persistence unit 'default'
2026-09-15 13:44:57.656 [SpringApplicationShutdownHook] INFO  com.zaxxer.hikari.HikariDataSource - HikariPool-1 - Shutdown initiated...
2026-09-15 13:44:57.674 [SpringApplicationShutdownHook] INFO  com.zaxxer.hikari.HikariDataSource - HikariPool-1 - Shutdown completed.
2026-09-15 13:46:49.058 [main] INFO  org.springframework.test.context.support.AnnotationConfigContextLoaderUtils - Could not detect default configuration classes for test class [com.demo.Docker.DockerApplicationTests]: DockerApplicationTests does not declare any static, non-private, non-final, nested classes annotated with @Configuration.
2026-09-15 13:46:49.176 [main] INFO  org.springframework.boot.test.context.SpringBootTestContextBootstrapper - Found @SpringBootConfiguration com.demo.Docker.DockerApplication for test class com.demo.Docker.DockerApplicationTests
2026-09-15 13:46:49.267 [main] INFO  org.springframework.test.context.support.AnnotationConfigContextLoaderUtils - Could not detect default configuration classes for test class [com.demo.Docker.DockerApplicationTests]: DockerApplicationTests does not declare any static, non-private, non-final, nested classes annotated with @Configuration.
2026-09-15 13:46:49.269 [main] INFO  org.springframework.boot.test.context.SpringBootTestContextBootstrapper - Found @SpringBootConfiguration com.demo.Docker.DockerApplication for test class com.demo.Docker.DockerApplicationTests
2026-09-15 13:46:49.583 [main] INFO  com.demo.Docker.DockerApplicationTests - Starting DockerApplicationTests using Java 17.0.7 with PID 21872 (started by Sai in C:\Amit singh\Docker\Docker)
2026-09-15 13:46:49.587 [main] INFO  com.demo.Docker.DockerApplicationTests - No active profile set, falling back to 1 default profile: "default"
2026-09-15 13:46:50.315 [main] INFO  org.springframework.data.repository.config.RepositoryConfigurationDelegate - Bootstrapping Spring Data JPA repositories in DEFAULT mode.
2026-09-15 13:46:50.379 [main] INFO  org.springframework.data.repository.config.RepositoryConfigurationDelegate - Finished Spring Data repository scanning in 53 ms. Found 1 JPA repository interface.
2026-09-15 13:46:50.904 [main] INFO  org.hibernate.orm.jpa - HHH008540: Processing PersistenceUnitInfo [name: default]
2026-09-15 13:46:50.975 [main] INFO  org.hibernate.orm.core - HHH000001: Hibernate ORM core version 7.2.7.Final
2026-09-15 13:46:51.688 [main] INFO  org.springframework.orm.jpa.persistenceunit.SpringPersistenceUnitInfo - No LoadTimeWeaver setup: ignoring JPA class transformer
2026-09-15 13:46:51.726 [main] INFO  com.zaxxer.hikari.HikariDataSource - HikariPool-1 - Starting...
2026-09-15 13:46:53.476 [main] INFO  com.zaxxer.hikari.pool.HikariPool - HikariPool-1 - Added connection oracle.jdbc.driver.T4CConnection@27682fa9
2026-09-15 13:46:53.477 [main] INFO  com.zaxxer.hikari.HikariDataSource - HikariPool-1 - Start completed.
2026-09-15 13:46:53.886 [main] WARN  org.hibernate.orm.jdbc - HHH100123: Low default JDBC fetch size: 10 (consider setting 'hibernate.jdbc.fetch_size')
2026-09-15 13:46:53.900 [main] INFO  org.hibernate.orm.connections.pooling - HHH10001005: Database info:
	Database JDBC URL [jdbc:oracle:thin:@//localhost:1521/orcl]
	Database driver: Oracle JDBC driver
	Database dialect: OracleDialect
	Database version: 21.3
	Default catalog/schema: undefined/C##MYAPP
	Autocommit mode: undefined/unknown
	Isolation level: READ_COMMITTED [default READ_COMMITTED]
	JDBC fetch size: 10
	Pool: DataSourceConnectionProvider
	Minimum pool size: undefined/unknown
	Maximum pool size: undefined/unknown
2026-09-15 13:46:54.880 [main] INFO  org.hibernate.orm.core - HHH000489: No JTA platform available (set 'hibernate.transaction.jta.platform' to enable JTA platform integration)
2026-09-15 13:46:55.224 [main] INFO  org.springframework.orm.jpa.LocalContainerEntityManagerFactoryBean - Initialized JPA EntityManagerFactory for persistence unit 'default'
2026-09-15 13:46:55.303 [main] INFO  org.springframework.data.jpa.repository.query.QueryEnhancerFactories - Hibernate is in classpath; If applicable, HQL parser will be used.
2026-09-15 13:46:55.562 [main] WARN  org.springframework.boot.jpa.autoconfigure.JpaBaseConfiguration$JpaWebConfiguration - spring.jpa.open-in-view is enabled by default. Therefore, database queries may be performed during view rendering. Explicitly configure spring.jpa.open-in-view to disable this warning
2026-09-15 13:46:56.034 [main] INFO  com.demo.Docker.DockerApplicationTests - Started DockerApplicationTests in 6.689 seconds (process running for 8.667)
2026-09-15 13:46:56.688 [SpringApplicationShutdownHook] INFO  org.springframework.orm.jpa.LocalContainerEntityManagerFactoryBean - Closing JPA EntityManagerFactory for persistence unit 'default'
2026-09-15 13:46:56.691 [SpringApplicationShutdownHook] INFO  com.zaxxer.hikari.HikariDataSource - HikariPool-1 - Shutdown initiated...
2026-09-15 13:46:56.789 [SpringApplicationShutdownHook] INFO  com.zaxxer.hikari.HikariDataSource - HikariPool-1 - Shutdown completed.
2026-09-15 13:48:41.309 [main] INFO  org.springframework.test.context.support.AnnotationConfigContextLoaderUtils - Could not detect default configuration classes for test class [com.demo.Docker.DockerApplicationTests]: DockerApplicationTests does not declare any static, non-private, non-final, nested classes annotated with @Configuration.
2026-09-15 13:48:41.427 [main] INFO  org.springframework.boot.test.context.SpringBootTestContextBootstrapper - Found @SpringBootConfiguration com.demo.Docker.DockerApplication for test class com.demo.Docker.DockerApplicationTests
2026-09-15 13:48:41.524 [main] INFO  org.springframework.test.context.support.AnnotationConfigContextLoaderUtils - Could not detect default configuration classes for test class [com.demo.Docker.DockerApplicationTests]: DockerApplicationTests does not declare any static, non-private, non-final, nested classes annotated with @Configuration.
2026-09-15 13:48:41.526 [main] INFO  org.springframework.boot.test.context.SpringBootTestContextBootstrapper - Found @SpringBootConfiguration com.demo.Docker.DockerApplication for test class com.demo.Docker.DockerApplicationTests
2026-09-15 13:48:41.827 [main] INFO  com.demo.Docker.DockerApplicationTests - Starting DockerApplicationTests using Java 17.0.7 with PID 23912 (started by Sai in C:\Amit singh\Docker\Docker)
2026-09-15 13:48:41.831 [main] INFO  com.demo.Docker.DockerApplicationTests - No active profile set, falling back to 1 default profile: "default"
2026-09-15 13:48:42.491 [main] INFO  org.springframework.data.repository.config.RepositoryConfigurationDelegate - Bootstrapping Spring Data JPA repositories in DEFAULT mode.
2026-09-15 13:48:42.549 [main] INFO  org.springframework.data.repository.config.RepositoryConfigurationDelegate - Finished Spring Data repository scanning in 45 ms. Found 1 JPA repository interface.
2026-09-15 13:48:43.104 [main] INFO  org.hibernate.orm.jpa - HHH008540: Processing PersistenceUnitInfo [name: default]
2026-09-15 13:48:43.175 [main] INFO  org.hibernate.orm.core - HHH000001: Hibernate ORM core version 7.2.7.Final
2026-09-15 13:48:44.045 [main] INFO  org.springframework.orm.jpa.persistenceunit.SpringPersistenceUnitInfo - No LoadTimeWeaver setup: ignoring JPA class transformer
2026-09-15 13:48:44.096 [main] INFO  com.zaxxer.hikari.HikariDataSource - HikariPool-1 - Starting...
2026-09-15 13:48:44.551 [main] INFO  com.zaxxer.hikari.pool.HikariPool - HikariPool-1 - Added connection oracle.jdbc.driver.T4CConnection@594c66c3
2026-09-15 13:48:44.553 [main] INFO  com.zaxxer.hikari.HikariDataSource - HikariPool-1 - Start completed.
2026-09-15 13:48:44.869 [main] WARN  org.hibernate.orm.jdbc - HHH100123: Low default JDBC fetch size: 10 (consider setting 'hibernate.jdbc.fetch_size')
2026-09-15 13:48:44.878 [main] INFO  org.hibernate.orm.connections.pooling - HHH10001005: Database info:
	Database JDBC URL [jdbc:oracle:thin:@//localhost:1521/orcl]
	Database driver: Oracle JDBC driver
	Database dialect: OracleDialect
	Database version: 21.3
	Default catalog/schema: undefined/C##MYAPP
	Autocommit mode: undefined/unknown
	Isolation level: READ_COMMITTED [default READ_COMMITTED]
	JDBC fetch size: 10
	Pool: DataSourceConnectionProvider
	Minimum pool size: undefined/unknown
	Maximum pool size: undefined/unknown
2026-09-15 13:48:45.972 [main] INFO  org.hibernate.orm.core - HHH000489: No JTA platform available (set 'hibernate.transaction.jta.platform' to enable JTA platform integration)
2026-09-15 13:48:46.170 [main] INFO  org.springframework.orm.jpa.LocalContainerEntityManagerFactoryBean - Initialized JPA EntityManagerFactory for persistence unit 'default'
2026-09-15 13:48:46.238 [main] INFO  org.springframework.data.jpa.repository.query.QueryEnhancerFactories - Hibernate is in classpath; If applicable, HQL parser will be used.
2026-09-15 13:48:46.520 [main] WARN  org.springframework.boot.jpa.autoconfigure.JpaBaseConfiguration$JpaWebConfiguration - spring.jpa.open-in-view is enabled by default. Therefore, database queries may be performed during view rendering. Explicitly configure spring.jpa.open-in-view to disable this warning
2026-09-15 13:48:46.947 [main] INFO  com.demo.Docker.DockerApplicationTests - Started DockerApplicationTests in 5.347 seconds (process running for 7.114)
2026-09-15 13:48:47.392 [SpringApplicationShutdownHook] INFO  org.springframework.orm.jpa.LocalContainerEntityManagerFactoryBean - Closing JPA EntityManagerFactory for persistence unit 'default'
2026-09-15 13:48:47.395 [SpringApplicationShutdownHook] INFO  com.zaxxer.hikari.HikariDataSource - HikariPool-1 - Shutdown initiated...
2026-09-15 13:48:47.412 [SpringApplicationShutdownHook] INFO  com.zaxxer.hikari.HikariDataSource - HikariPool-1 - Shutdown completed.
2026-09-15 13:51:19.362 [main] INFO  org.springframework.test.context.support.AnnotationConfigContextLoaderUtils - Could not detect default configuration classes for test class [com.demo.Docker.DockerApplicationTests]: DockerApplicationTests does not declare any static, non-private, non-final, nested classes annotated with @Configuration.
2026-09-15 13:51:19.471 [main] INFO  org.springframework.boot.test.context.SpringBootTestContextBootstrapper - Found @SpringBootConfiguration com.demo.Docker.DockerApplication for test class com.demo.Docker.DockerApplicationTests
2026-09-15 13:51:19.586 [main] INFO  org.springframework.test.context.support.AnnotationConfigContextLoaderUtils - Could not detect default configuration classes for test class [com.demo.Docker.DockerApplicationTests]: DockerApplicationTests does not declare any static, non-private, non-final, nested classes annotated with @Configuration.
2026-09-15 13:51:19.588 [main] INFO  org.springframework.boot.test.context.SpringBootTestContextBootstrapper - Found @SpringBootConfiguration com.demo.Docker.DockerApplication for test class com.demo.Docker.DockerApplicationTests
2026-09-15 13:51:19.954 [main] INFO  com.demo.Docker.DockerApplicationTests - Starting DockerApplicationTests using Java 17.0.7 with PID 13304 (started by Sai in C:\Amit singh\Docker\Docker)
2026-09-15 13:51:19.957 [main] INFO  com.demo.Docker.DockerApplicationTests - No active profile set, falling back to 1 default profile: "default"
2026-09-15 13:51:20.613 [main] INFO  org.springframework.data.repository.config.RepositoryConfigurationDelegate - Bootstrapping Spring Data JPA repositories in DEFAULT mode.
2026-09-15 13:51:20.684 [main] INFO  org.springframework.data.repository.config.RepositoryConfigurationDelegate - Finished Spring Data repository scanning in 59 ms. Found 1 JPA repository interface.
2026-09-15 13:51:21.234 [main] INFO  org.hibernate.orm.jpa - HHH008540: Processing PersistenceUnitInfo [name: default]
2026-09-15 13:51:21.305 [main] INFO  org.hibernate.orm.core - HHH000001: Hibernate ORM core version 7.2.7.Final
2026-09-15 13:51:22.061 [main] INFO  org.springframework.orm.jpa.persistenceunit.SpringPersistenceUnitInfo - No LoadTimeWeaver setup: ignoring JPA class transformer
2026-09-15 13:51:22.107 [main] INFO  com.zaxxer.hikari.HikariDataSource - HikariPool-1 - Starting...
2026-09-15 13:51:23.616 [main] INFO  com.zaxxer.hikari.pool.HikariPool - HikariPool-1 - Added connection oracle.jdbc.driver.T4CConnection@594c66c3
2026-09-15 13:51:23.618 [main] INFO  com.zaxxer.hikari.HikariDataSource - HikariPool-1 - Start completed.
2026-09-15 13:51:23.998 [main] WARN  org.hibernate.orm.jdbc - HHH100123: Low default JDBC fetch size: 10 (consider setting 'hibernate.jdbc.fetch_size')
2026-09-15 13:51:24.008 [main] INFO  org.hibernate.orm.connections.pooling - HHH10001005: Database info:
	Database JDBC URL [jdbc:oracle:thin:@//localhost:1521/orcl]
	Database driver: Oracle JDBC driver
	Database dialect: OracleDialect
	Database version: 21.3
	Default catalog/schema: undefined/C##MYAPP
	Autocommit mode: undefined/unknown
	Isolation level: READ_COMMITTED [default READ_COMMITTED]
	JDBC fetch size: 10
	Pool: DataSourceConnectionProvider
	Minimum pool size: undefined/unknown
	Maximum pool size: undefined/unknown
2026-09-15 13:51:25.011 [main] INFO  org.hibernate.orm.core - HHH000489: No JTA platform available (set 'hibernate.transaction.jta.platform' to enable JTA platform integration)
2026-09-15 13:51:25.292 [main] INFO  org.springframework.orm.jpa.LocalContainerEntityManagerFactoryBean - Initialized JPA EntityManagerFactory for persistence unit 'default'
2026-09-15 13:51:25.377 [main] INFO  org.springframework.data.jpa.repository.query.QueryEnhancerFactories - Hibernate is in classpath; If applicable, HQL parser will be used.
2026-09-15 13:51:25.630 [main] WARN  org.springframework.boot.jpa.autoconfigure.JpaBaseConfiguration$JpaWebConfiguration - spring.jpa.open-in-view is enabled by default. Therefore, database queries may be performed during view rendering. Explicitly configure spring.jpa.open-in-view to disable this warning
2026-09-15 13:51:26.064 [main] INFO  com.demo.Docker.DockerApplicationTests - Started DockerApplicationTests in 6.371 seconds (process running for 8.119)
2026-09-15 13:51:26.702 [SpringApplicationShutdownHook] INFO  org.springframework.orm.jpa.LocalContainerEntityManagerFactoryBean - Closing JPA EntityManagerFactory for persistence unit 'default'
2026-09-15 13:51:26.706 [SpringApplicationShutdownHook] INFO  com.zaxxer.hikari.HikariDataSource - HikariPool-1 - Shutdown initiated...
2026-09-15 13:51:26.789 [SpringApplicationShutdownHook] INFO  com.zaxxer.hikari.HikariDataSource - HikariPool-1 - Shutdown completed.
2026-09-15 13:58:12.806 [main] INFO  org.springframework.test.context.support.AnnotationConfigContextLoaderUtils - Could not detect default configuration classes for test class [com.demo.Docker.DockerApplicationTests]: DockerApplicationTests does not declare any static, non-private, non-final, nested classes annotated with @Configuration.
2026-09-15 13:58:12.913 [main] INFO  org.springframework.boot.test.context.SpringBootTestContextBootstrapper - Found @SpringBootConfiguration com.demo.Docker.DockerApplication for test class com.demo.Docker.DockerApplicationTests
2026-09-15 13:58:13.004 [main] INFO  org.springframework.test.context.support.AnnotationConfigContextLoaderUtils - Could not detect default configuration classes for test class [com.demo.Docker.DockerApplicationTests]: DockerApplicationTests does not declare any static, non-private, non-final, nested classes annotated with @Configuration.
2026-09-15 13:58:13.005 [main] INFO  org.springframework.boot.test.context.SpringBootTestContextBootstrapper - Found @SpringBootConfiguration com.demo.Docker.DockerApplication for test class com.demo.Docker.DockerApplicationTests
2026-09-15 13:58:13.352 [main] INFO  com.demo.Docker.DockerApplicationTests - Starting DockerApplicationTests using Java 17.0.7 with PID 11372 (started by Sai in C:\Amit singh\Docker\Docker)
2026-09-15 13:58:13.355 [main] INFO  com.demo.Docker.DockerApplicationTests - No active profile set, falling back to 1 default profile: "default"
2026-09-15 13:58:13.981 [main] INFO  org.springframework.data.repository.config.RepositoryConfigurationDelegate - Bootstrapping Spring Data JPA repositories in DEFAULT mode.
2026-09-15 13:58:14.042 [main] INFO  org.springframework.data.repository.config.RepositoryConfigurationDelegate - Finished Spring Data repository scanning in 51 ms. Found 1 JPA repository interface.
2026-09-15 13:58:14.590 [main] INFO  org.hibernate.orm.jpa - HHH008540: Processing PersistenceUnitInfo [name: default]
2026-09-15 13:58:14.659 [main] INFO  org.hibernate.orm.core - HHH000001: Hibernate ORM core version 7.2.7.Final
2026-09-15 13:58:15.357 [main] INFO  org.springframework.orm.jpa.persistenceunit.SpringPersistenceUnitInfo - No LoadTimeWeaver setup: ignoring JPA class transformer
2026-09-15 13:58:15.395 [main] INFO  com.zaxxer.hikari.HikariDataSource - HikariPool-1 - Starting...
2026-09-15 13:58:16.749 [main] INFO  com.zaxxer.hikari.pool.HikariPool - HikariPool-1 - Added connection oracle.jdbc.driver.T4CConnection@64e657b0
2026-09-15 13:58:16.750 [main] INFO  com.zaxxer.hikari.HikariDataSource - HikariPool-1 - Start completed.
2026-09-15 13:58:17.073 [main] WARN  org.hibernate.orm.jdbc - HHH100123: Low default JDBC fetch size: 10 (consider setting 'hibernate.jdbc.fetch_size')
2026-09-15 13:58:17.081 [main] INFO  org.hibernate.orm.connections.pooling - HHH10001005: Database info:
	Database JDBC URL [jdbc:oracle:thin:@//localhost:1521/orcl]
	Database driver: Oracle JDBC driver
	Database dialect: OracleDialect
	Database version: 21.3
	Default catalog/schema: undefined/C##MYAPP
	Autocommit mode: undefined/unknown
	Isolation level: READ_COMMITTED [default READ_COMMITTED]
	JDBC fetch size: 10
	Pool: DataSourceConnectionProvider
	Minimum pool size: undefined/unknown
	Maximum pool size: undefined/unknown
2026-09-15 13:58:18.047 [main] INFO  org.hibernate.orm.core - HHH000489: No JTA platform available (set 'hibernate.transaction.jta.platform' to enable JTA platform integration)
2026-09-15 13:58:18.363 [main] INFO  org.springframework.orm.jpa.LocalContainerEntityManagerFactoryBean - Initialized JPA EntityManagerFactory for persistence unit 'default'
2026-09-15 13:58:18.446 [main] INFO  org.springframework.data.jpa.repository.query.QueryEnhancerFactories - Hibernate is in classpath; If applicable, HQL parser will be used.
2026-09-15 13:58:18.692 [main] WARN  org.springframework.boot.jpa.autoconfigure.JpaBaseConfiguration$JpaWebConfiguration - spring.jpa.open-in-view is enabled by default. Therefore, database queries may be performed during view rendering. Explicitly configure spring.jpa.open-in-view to disable this warning
2026-09-15 13:58:19.102 [main] INFO  com.demo.Docker.DockerApplicationTests - Started DockerApplicationTests in 6.029 seconds (process running for 7.676)
2026-09-15 13:58:19.639 [SpringApplicationShutdownHook] INFO  org.springframework.orm.jpa.LocalContainerEntityManagerFactoryBean - Closing JPA EntityManagerFactory for persistence unit 'default'
2026-09-15 13:58:19.642 [SpringApplicationShutdownHook] INFO  com.zaxxer.hikari.HikariDataSource - HikariPool-1 - Shutdown initiated...
2026-09-15 13:58:19.711 [SpringApplicationShutdownHook] INFO  com.zaxxer.hikari.HikariDataSource - HikariPool-1 - Shutdown completed.
2026-09-15 14:03:36.074 [main] INFO  org.springframework.test.context.support.AnnotationConfigContextLoaderUtils - Could not detect default configuration classes for test class [com.demo.Docker.DockerApplicationTests]: DockerApplicationTests does not declare any static, non-private, non-final, nested classes annotated with @Configuration.
2026-09-15 14:03:36.191 [main] INFO  org.springframework.boot.test.context.SpringBootTestContextBootstrapper - Found @SpringBootConfiguration com.demo.Docker.DockerApplication for test class com.demo.Docker.DockerApplicationTests
2026-09-15 14:03:36.280 [main] INFO  org.springframework.test.context.support.AnnotationConfigContextLoaderUtils - Could not detect default configuration classes for test class [com.demo.Docker.DockerApplicationTests]: DockerApplicationTests does not declare any static, non-private, non-final, nested classes annotated with @Configuration.
2026-09-15 14:03:36.282 [main] INFO  org.springframework.boot.test.context.SpringBootTestContextBootstrapper - Found @SpringBootConfiguration com.demo.Docker.DockerApplication for test class com.demo.Docker.DockerApplicationTests
2026-09-15 14:03:36.612 [main] INFO  com.demo.Docker.DockerApplicationTests - Starting DockerApplicationTests using Java 17.0.7 with PID 20820 (started by Sai in C:\Amit singh\Docker\Docker)
2026-09-15 14:03:36.617 [main] INFO  com.demo.Docker.DockerApplicationTests - No active profile set, falling back to 1 default profile: "default"
2026-09-15 14:03:37.282 [main] INFO  org.springframework.data.repository.config.RepositoryConfigurationDelegate - Bootstrapping Spring Data JPA repositories in DEFAULT mode.
2026-09-15 14:03:37.340 [main] INFO  org.springframework.data.repository.config.RepositoryConfigurationDelegate - Finished Spring Data repository scanning in 47 ms. Found 1 JPA repository interface.
2026-09-15 14:03:37.878 [main] INFO  org.hibernate.orm.jpa - HHH008540: Processing PersistenceUnitInfo [name: default]
2026-09-15 14:03:37.976 [main] INFO  org.hibernate.orm.core - HHH000001: Hibernate ORM core version 7.2.7.Final
2026-09-15 14:03:38.698 [main] INFO  org.springframework.orm.jpa.persistenceunit.SpringPersistenceUnitInfo - No LoadTimeWeaver setup: ignoring JPA class transformer
2026-09-15 14:03:38.749 [main] INFO  com.zaxxer.hikari.HikariDataSource - HikariPool-1 - Starting...
2026-09-15 14:03:40.047 [main] INFO  com.zaxxer.hikari.pool.HikariPool - HikariPool-1 - Added connection oracle.jdbc.driver.T4CConnection@27682fa9
2026-09-15 14:03:40.049 [main] INFO  com.zaxxer.hikari.HikariDataSource - HikariPool-1 - Start completed.
2026-09-15 14:03:40.392 [main] WARN  org.hibernate.orm.jdbc - HHH100123: Low default JDBC fetch size: 10 (consider setting 'hibernate.jdbc.fetch_size')
2026-09-15 14:03:40.406 [main] INFO  org.hibernate.orm.connections.pooling - HHH10001005: Database info:
	Database JDBC URL [jdbc:oracle:thin:@//localhost:1521/orcl]
	Database driver: Oracle JDBC driver
	Database dialect: OracleDialect
	Database version: 21.3
	Default catalog/schema: undefined/C##MYAPP
	Autocommit mode: undefined/unknown
	Isolation level: READ_COMMITTED [default READ_COMMITTED]
	JDBC fetch size: 10
	Pool: DataSourceConnectionProvider
	Minimum pool size: undefined/unknown
	Maximum pool size: undefined/unknown
2026-09-15 14:03:41.397 [main] INFO  org.hibernate.orm.core - HHH000489: No JTA platform available (set 'hibernate.transaction.jta.platform' to enable JTA platform integration)
2026-09-15 14:03:41.716 [main] INFO  org.springframework.orm.jpa.LocalContainerEntityManagerFactoryBean - Initialized JPA EntityManagerFactory for persistence unit 'default'
2026-09-15 14:03:41.859 [main] INFO  org.springframework.data.jpa.repository.query.QueryEnhancerFactories - Hibernate is in classpath; If applicable, HQL parser will be used.
2026-09-15 14:03:42.239 [main] WARN  org.springframework.boot.jpa.autoconfigure.JpaBaseConfiguration$JpaWebConfiguration - spring.jpa.open-in-view is enabled by default. Therefore, database queries may be performed during view rendering. Explicitly configure spring.jpa.open-in-view to disable this warning
2026-09-15 14:03:42.695 [main] INFO  com.demo.Docker.DockerApplicationTests - Started DockerApplicationTests in 6.332 seconds (process running for 8.045)
2026-09-15 14:03:43.351 [SpringApplicationShutdownHook] INFO  org.springframework.orm.jpa.LocalContainerEntityManagerFactoryBean - Closing JPA EntityManagerFactory for persistence unit 'default'
2026-09-15 14:03:43.355 [SpringApplicationShutdownHook] INFO  com.zaxxer.hikari.HikariDataSource - HikariPool-1 - Shutdown initiated...
2026-09-15 14:03:43.432 [SpringApplicationShutdownHook] INFO  com.zaxxer.hikari.HikariDataSource - HikariPool-1 - Shutdown completed.
2026-09-15 14:05:09.671 [main] INFO  org.springframework.test.context.support.AnnotationConfigContextLoaderUtils - Could not detect default configuration classes for test class [com.demo.Docker.DockerApplicationTests]: DockerApplicationTests does not declare any static, non-private, non-final, nested classes annotated with @Configuration.
2026-09-15 14:05:09.768 [main] INFO  org.springframework.boot.test.context.SpringBootTestContextBootstrapper - Found @SpringBootConfiguration com.demo.Docker.DockerApplication for test class com.demo.Docker.DockerApplicationTests
2026-09-15 14:05:09.855 [main] INFO  org.springframework.test.context.support.AnnotationConfigContextLoaderUtils - Could not detect default configuration classes for test class [com.demo.Docker.DockerApplicationTests]: DockerApplicationTests does not declare any static, non-private, non-final, nested classes annotated with @Configuration.
2026-09-15 14:05:09.857 [main] INFO  org.springframework.boot.test.context.SpringBootTestContextBootstrapper - Found @SpringBootConfiguration com.demo.Docker.DockerApplication for test class com.demo.Docker.DockerApplicationTests
2026-09-15 14:05:10.155 [main] INFO  com.demo.Docker.DockerApplicationTests - Starting DockerApplicationTests using Java 17.0.7 with PID 20376 (started by Sai in C:\Amit singh\Docker\Docker)
2026-09-15 14:05:10.159 [main] INFO  com.demo.Docker.DockerApplicationTests - No active profile set, falling back to 1 default profile: "default"
2026-09-15 14:05:10.764 [main] INFO  org.springframework.data.repository.config.RepositoryConfigurationDelegate - Bootstrapping Spring Data JPA repositories in DEFAULT mode.
2026-09-15 14:05:10.814 [main] INFO  org.springframework.data.repository.config.RepositoryConfigurationDelegate - Finished Spring Data repository scanning in 39 ms. Found 1 JPA repository interface.
2026-09-15 14:05:11.321 [main] INFO  org.hibernate.orm.jpa - HHH008540: Processing PersistenceUnitInfo [name: default]
2026-09-15 14:05:11.410 [main] INFO  org.hibernate.orm.core - HHH000001: Hibernate ORM core version 7.2.7.Final
2026-09-15 14:05:12.108 [main] INFO  org.springframework.orm.jpa.persistenceunit.SpringPersistenceUnitInfo - No LoadTimeWeaver setup: ignoring JPA class transformer
2026-09-15 14:05:12.147 [main] INFO  com.zaxxer.hikari.HikariDataSource - HikariPool-1 - Starting...
2026-09-15 14:05:12.663 [main] INFO  com.zaxxer.hikari.pool.HikariPool - HikariPool-1 - Added connection oracle.jdbc.driver.T4CConnection@594c66c3
2026-09-15 14:05:12.665 [main] INFO  com.zaxxer.hikari.HikariDataSource - HikariPool-1 - Start completed.
2026-09-15 14:05:12.952 [main] WARN  org.hibernate.orm.jdbc - HHH100123: Low default JDBC fetch size: 10 (consider setting 'hibernate.jdbc.fetch_size')
2026-09-15 14:05:12.961 [main] INFO  org.hibernate.orm.connections.pooling - HHH10001005: Database info:
	Database JDBC URL [jdbc:oracle:thin:@//localhost:1521/orcl]
	Database driver: Oracle JDBC driver
	Database dialect: OracleDialect
	Database version: 21.3
	Default catalog/schema: undefined/C##MYAPP
	Autocommit mode: undefined/unknown
	Isolation level: READ_COMMITTED [default READ_COMMITTED]
	JDBC fetch size: 10
	Pool: DataSourceConnectionProvider
	Minimum pool size: undefined/unknown
	Maximum pool size: undefined/unknown
2026-09-15 14:05:13.985 [main] INFO  org.hibernate.orm.core - HHH000489: No JTA platform available (set 'hibernate.transaction.jta.platform' to enable JTA platform integration)
2026-09-15 14:05:14.259 [main] INFO  org.springframework.orm.jpa.LocalContainerEntityManagerFactoryBean - Initialized JPA EntityManagerFactory for persistence unit 'default'
2026-09-15 14:05:14.345 [main] INFO  org.springframework.data.jpa.repository.query.QueryEnhancerFactories - Hibernate is in classpath; If applicable, HQL parser will be used.
2026-09-15 14:05:14.583 [main] WARN  org.springframework.boot.jpa.autoconfigure.JpaBaseConfiguration$JpaWebConfiguration - spring.jpa.open-in-view is enabled by default. Therefore, database queries may be performed during view rendering. Explicitly configure spring.jpa.open-in-view to disable this warning
2026-09-15 14:05:14.994 [main] INFO  com.demo.Docker.DockerApplicationTests - Started DockerApplicationTests in 5.071 seconds (process running for 6.502)
2026-09-15 14:05:15.427 [SpringApplicationShutdownHook] INFO  org.springframework.orm.jpa.LocalContainerEntityManagerFactoryBean - Closing JPA EntityManagerFactory for persistence unit 'default'
2026-09-15 14:05:15.431 [SpringApplicationShutdownHook] INFO  com.zaxxer.hikari.HikariDataSource - HikariPool-1 - Shutdown initiated...
2026-09-15 14:05:15.496 [SpringApplicationShutdownHook] INFO  com.zaxxer.hikari.HikariDataSource - HikariPool-1 - Shutdown completed.
2026-09-15 14:21:20.842 [main] INFO  org.springframework.test.context.support.AnnotationConfigContextLoaderUtils - Could not detect default configuration classes for test class [com.demo.Docker.DockerApplicationTests]: DockerApplicationTests does not declare any static, non-private, non-final, nested classes annotated with @Configuration.
2026-09-15 14:21:20.977 [main] INFO  org.springframework.boot.test.context.SpringBootTestContextBootstrapper - Found @SpringBootConfiguration com.demo.Docker.DockerApplication for test class com.demo.Docker.DockerApplicationTests
2026-09-15 14:21:21.085 [main] INFO  org.springframework.test.context.support.AnnotationConfigContextLoaderUtils - Could not detect default configuration classes for test class [com.demo.Docker.DockerApplicationTests]: DockerApplicationTests does not declare any static, non-private, non-final, nested classes annotated with @Configuration.
2026-09-15 14:21:21.087 [main] INFO  org.springframework.boot.test.context.SpringBootTestContextBootstrapper - Found @SpringBootConfiguration com.demo.Docker.DockerApplication for test class com.demo.Docker.DockerApplicationTests
2026-09-15 14:21:21.451 [main] INFO  com.demo.Docker.DockerApplicationTests - Starting DockerApplicationTests using Java 17.0.7 with PID 14664 (started by Sai in C:\Amit singh\Docker\Docker)
2026-09-15 14:21:21.456 [main] INFO  com.demo.Docker.DockerApplicationTests - No active profile set, falling back to 1 default profile: "default"
2026-09-15 14:21:22.271 [main] INFO  org.springframework.data.repository.config.RepositoryConfigurationDelegate - Bootstrapping Spring Data JPA repositories in DEFAULT mode.
2026-09-15 14:21:22.356 [main] INFO  org.springframework.data.repository.config.RepositoryConfigurationDelegate - Finished Spring Data repository scanning in 67 ms. Found 1 JPA repository interface.
2026-09-15 14:21:22.903 [main] INFO  org.hibernate.orm.jpa - HHH008540: Processing PersistenceUnitInfo [name: default]
2026-09-15 14:21:22.994 [main] INFO  org.hibernate.orm.core - HHH000001: Hibernate ORM core version 7.2.7.Final
2026-09-15 14:21:23.795 [main] INFO  org.springframework.orm.jpa.persistenceunit.SpringPersistenceUnitInfo - No LoadTimeWeaver setup: ignoring JPA class transformer
2026-09-15 14:21:23.845 [main] INFO  com.zaxxer.hikari.HikariDataSource - HikariPool-1 - Starting...
2026-09-15 14:21:27.791 [main] WARN  org.hibernate.orm.jdbc.error - HHH000247: ErrorCode: 17868, SQLState: 22000
2026-09-15 14:21:27.792 [main] WARN  org.hibernate.orm.jdbc.error - ORA-17868: Unknown host specified.: No such host is known (oracle-db)
https://docs.oracle.com/error-help/db/ora-17868/
2026-09-15 14:21:27.793 [main] WARN  org.hibernate.orm.jdbc - HHH100046: Could not obtain connection to query JDBC database metadata
org.hibernate.exception.DataException: Unable to obtain isolated JDBC connection [ORA-17868: Unknown host specified.: No such host is known (oracle-db)
https://docs.oracle.com/error-help/db/ora-17868/] [n/a]
	at org.hibernate.exception.internal.SQLStateConversionDelegate.convert(SQLStateConversionDelegate.java:84)
	at org.hibernate.exception.internal.StandardSQLExceptionConverter.convert(StandardSQLExceptionConverter.java:34)
	at org.hibernate.engine.jdbc.spi.SqlExceptionHelper.convert(SqlExceptionHelper.java:115)
	at org.hibernate.engine.jdbc.spi.SqlExceptionHelper.convert(SqlExceptionHelper.java:101)
	at org.hibernate.resource.transaction.backend.jdbc.internal.JdbcIsolationDelegate.delegateWork(JdbcIsolationDelegate.java:51)
	at org.hibernate.engine.jdbc.env.internal.JdbcEnvironmentInitiator.getJdbcEnvironmentUsingJdbcMetadata(JdbcEnvironmentInitiator.java:366)
	at org.hibernate.engine.jdbc.env.internal.JdbcEnvironmentInitiator.getJdbcEnvironment(JdbcEnvironmentInitiator.java:143)
	at org.hibernate.engine.jdbc.env.internal.JdbcEnvironmentInitiator.initiateService(JdbcEnvironmentInitiator.java:120)
	at org.hibernate.engine.jdbc.env.internal.JdbcEnvironmentInitiator.initiateService(JdbcEnvironmentInitiator.java:80)
	at org.hibernate.boot.registry.internal.StandardServiceRegistryImpl.initiateService(StandardServiceRegistryImpl.java:133)
	at org.hibernate.service.internal.AbstractServiceRegistryImpl.createService(AbstractServiceRegistryImpl.java:260)
	at org.hibernate.service.internal.AbstractServiceRegistryImpl.initializeService(AbstractServiceRegistryImpl.java:235)
	at org.hibernate.service.internal.AbstractServiceRegistryImpl.getService(AbstractServiceRegistryImpl.java:212)
	at org.hibernate.boot.model.relational.Database.<init>(Database.java:44)
	at org.hibernate.boot.internal.InFlightMetadataCollectorImpl.getDatabase(InFlightMetadataCollectorImpl.java:251)
	at org.hibernate.boot.internal.InFlightMetadataCollectorImpl.<init>(InFlightMetadataCollectorImpl.java:203)
	at org.hibernate.boot.model.process.spi.MetadataBuildingProcess.complete(MetadataBuildingProcess.java:172)
	at org.hibernate.jpa.boot.internal.EntityManagerFactoryBuilderImpl.metadata(EntityManagerFactoryBuilderImpl.java:1392)
	at org.hibernate.jpa.boot.internal.EntityManagerFactoryBuilderImpl.populateSessionFactoryBuilder(EntityManagerFactoryBuilderImpl.java:1472)
	at org.hibernate.jpa.boot.internal.EntityManagerFactoryBuilderImpl.build(EntityManagerFactoryBuilderImpl.java:1454)
	at org.springframework.orm.jpa.vendor.SpringHibernateJpaPersistenceProvider.createContainerEntityManagerFactory(SpringHibernateJpaPersistenceProvider.java:93)
	at org.springframework.orm.jpa.LocalContainerEntityManagerFactoryBean.createNativeEntityManagerFactory(LocalContainerEntityManagerFactoryBean.java:443)
	at org.springframework.orm.jpa.AbstractEntityManagerFactoryBean.buildNativeEntityManagerFactory(AbstractEntityManagerFactoryBean.java:436)
	at org.springframework.orm.jpa.AbstractEntityManagerFactoryBean.afterPropertiesSet(AbstractEntityManagerFactoryBean.java:411)
	at org.springframework.orm.jpa.LocalContainerEntityManagerFactoryBean.afterPropertiesSet(LocalContainerEntityManagerFactoryBean.java:419)
	at org.springframework.beans.factory.support.AbstractAutowireCapableBeanFactory.invokeInitMethods(AbstractAutowireCapableBeanFactory.java:1864)
	at org.springframework.beans.factory.support.AbstractAutowireCapableBeanFactory.initializeBean(AbstractAutowireCapableBeanFactory.java:1813)
	at org.springframework.beans.factory.support.AbstractAutowireCapableBeanFactory.doCreateBean(AbstractAutowireCapableBeanFactory.java:603)
	at org.springframework.beans.factory.support.AbstractAutowireCapableBeanFactory.createBean(AbstractAutowireCapableBeanFactory.java:525)
	at org.springframework.beans.factory.support.AbstractBeanFactory.lambda$doGetBean$0(AbstractBeanFactory.java:333)
	at org.springframework.beans.factory.support.DefaultSingletonBeanRegistry.getSingleton(DefaultSingletonBeanRegistry.java:371)
	at org.springframework.beans.factory.support.AbstractBeanFactory.doGetBean(AbstractBeanFactory.java:331)
	at org.springframework.beans.factory.support.AbstractBeanFactory.getBean(AbstractBeanFactory.java:201)
	at org.springframework.context.support.AbstractApplicationContext.finishBeanFactoryInitialization(AbstractApplicationContext.java:977)
	at org.springframework.context.support.AbstractApplicationContext.refresh(AbstractApplicationContext.java:621)
	at org.springframework.boot.SpringApplication.refresh(SpringApplication.java:756)
	at org.springframework.boot.SpringApplication.refreshContext(SpringApplication.java:445)
	at org.springframework.boot.SpringApplication.run(SpringApplication.java:321)
	at org.springframework.boot.test.context.SpringBootContextLoader.lambda$loadContext$2(SpringBootContextLoader.java:155)
	at org.springframework.util.function.ThrowingSupplier.get(ThrowingSupplier.java:58)
	at org.springframework.util.function.ThrowingSupplier.get(ThrowingSupplier.java:46)
	at org.springframework.boot.SpringApplication.withHook(SpringApplication.java:1465)
	at org.springframework.boot.test.context.SpringBootContextLoader$ContextLoaderHook.run(SpringBootContextLoader.java:600)
	at org.springframework.boot.test.context.SpringBootContextLoader.loadContext(SpringBootContextLoader.java:155)
	at org.springframework.boot.test.context.SpringBootContextLoader.loadContext(SpringBootContextLoader.java:114)
	at org.springframework.test.context.cache.DefaultCacheAwareContextLoaderDelegate.loadContextInternal(DefaultCacheAwareContextLoaderDelegate.java:247)
	at org.springframework.test.context.cache.DefaultCacheAwareContextLoaderDelegate.lambda$loadContext$0(DefaultCacheAwareContextLoaderDelegate.java:167)
	at org.springframework.test.context.cache.DefaultContextCache.put(DefaultContextCache.java:214)
	at org.springframework.test.context.cache.DefaultCacheAwareContextLoaderDelegate.loadContext(DefaultCacheAwareContextLoaderDelegate.java:160)
	at org.springframework.test.context.support.DefaultTestContext.getApplicationContext(DefaultTestContext.java:128)
	at org.springframework.test.context.web.ServletTestExecutionListener.setUpRequestContextIfNecessary(ServletTestExecutionListener.java:200)
	at org.springframework.test.context.web.ServletTestExecutionListener.prepareTestInstance(ServletTestExecutionListener.java:139)
	at org.springframework.test.context.TestContextManager.prepareTestInstance(TestContextManager.java:260)
	at org.springframework.test.context.junit.jupiter.SpringExtension.postProcessTestInstance(SpringExtension.java:210)
	at org.junit.jupiter.engine.descriptor.ClassBasedTestDescriptor.lambda$invokeTestInstancePostProcessors$1(ClassBasedTestDescriptor.java:423)
	at org.junit.jupiter.engine.descriptor.ClassBasedTestDescriptor.executeAndMaskThrowable(ClassBasedTestDescriptor.java:428)
	at org.junit.jupiter.engine.descriptor.ClassBasedTestDescriptor.lambda$invokeTestInstancePostProcessors$0(ClassBasedTestDescriptor.java:422)
	at java.base/java.util.stream.ForEachOps$ForEachOp$OfRef.accept(ForEachOps.java:183)
	at java.base/java.util.stream.ReferencePipeline$3$1.accept(ReferencePipeline.java:197)
	at java.base/java.util.stream.ReferencePipeline$2$1.accept(ReferencePipeline.java:179)
	at java.base/java.util.stream.ReferencePipeline$3$1.accept(ReferencePipeline.java:197)
	at java.base/java.util.ArrayList$ArrayListSpliterator.forEachRemaining(ArrayList.java:1625)
	at java.base/java.util.stream.AbstractPipeline.copyInto(AbstractPipeline.java:509)
	at java.base/java.util.stream.AbstractPipeline.wrapAndCopyInto(AbstractPipeline.java:499)
	at java.base/java.util.stream.ForEachOps$ForEachOp.evaluateSequential(ForEachOps.java:150)
	at java.base/java.util.stream.ForEachOps$ForEachOp$OfRef.evaluateSequential(ForEachOps.java:173)
	at java.base/java.util.stream.AbstractPipeline.evaluate(AbstractPipeline.java:234)
	at java.base/java.util.stream.ReferencePipeline.forEach(ReferencePipeline.java:596)
	at org.junit.jupiter.engine.descriptor.ClassBasedTestDescriptor.invokeTestInstancePostProcessors(ClassBasedTestDescriptor.java:422)
	at org.junit.jupiter.engine.descriptor.ClassBasedTestDescriptor.lambda$instantiateAndPostProcessTestInstance$0(ClassBasedTestDescriptor.java:334)
	at org.junit.platform.engine.support.hierarchical.ThrowableCollector.execute(ThrowableCollector.java:74)
	at org.junit.jupiter.engine.descriptor.ClassBasedTestDescriptor.instantiateAndPostProcessTestInstance(ClassBasedTestDescriptor.java:333)
	at org.junit.jupiter.engine.descriptor.ClassBasedTestDescriptor.lambda$testInstancesProvider$1(ClassBasedTestDescriptor.java:322)
	at java.base/java.util.Optional.orElseGet(Optional.java:364)
	at org.junit.jupiter.engine.descriptor.ClassBasedTestDescriptor.lambda$testInstancesProvider$0(ClassBasedTestDescriptor.java:321)
	at org.junit.jupiter.engine.execution.TestInstancesProvider.getTestInstances(TestInstancesProvider.java:27)
	at org.junit.jupiter.engine.descriptor.TestMethodTestDescriptor.lambda$prepare$0(TestMethodTestDescriptor.java:127)
	at org.junit.platform.engine.support.hierarchical.ThrowableCollector.execute(ThrowableCollector.java:74)
	at org.junit.jupiter.engine.descriptor.TestMethodTestDescriptor.prepare(TestMethodTestDescriptor.java:126)
	at org.junit.jupiter.engine.descriptor.TestMethodTestDescriptor.prepare(TestMethodTestDescriptor.java:70)
	at org.junit.platform.engine.support.hierarchical.NodeTestTask.lambda$prepare$0(NodeTestTask.java:144)
	at org.junit.platform.engine.support.hierarchical.ThrowableCollector.execute(ThrowableCollector.java:74)
	at org.junit.platform.engine.support.hierarchical.NodeTestTask.prepare(NodeTestTask.java:144)
	at org.junit.platform.engine.support.hierarchical.NodeTestTask.execute(NodeTestTask.java:110)
	at java.base/java.util.ArrayList.forEach(ArrayList.java:1511)
	at org.junit.platform.engine.support.hierarchical.SameThreadHierarchicalTestExecutorService.invokeAll(SameThreadHierarchicalTestExecutorService.java:42)
	at org.junit.platform.engine.support.hierarchical.NodeTestTask.lambda$executeRecursively$2(NodeTestTask.java:180)
	at org.junit.platform.engine.support.hierarchical.ThrowableCollector.execute(ThrowableCollector.java:74)
	at org.junit.platform.engine.support.hierarchical.NodeTestTask.lambda$executeRecursively$1(NodeTestTask.java:166)
	at org.junit.platform.engine.support.hierarchical.Node.around(Node.java:138)
	at org.junit.platform.engine.support.hierarchical.NodeTestTask.lambda$executeRecursively$0(NodeTestTask.java:164)
	at org.junit.platform.engine.support.hierarchical.ThrowableCollector.execute(ThrowableCollector.java:74)
	at org.junit.platform.engine.support.hierarchical.NodeTestTask.executeRecursively(NodeTestTask.java:163)
	at org.junit.platform.engine.support.hierarchical.NodeTestTask.execute(NodeTestTask.java:116)
	at java.base/java.util.ArrayList.forEach(ArrayList.java:1511)
	at org.junit.platform.engine.support.hierarchical.SameThreadHierarchicalTestExecutorService.invokeAll(SameThreadHierarchicalTestExecutorService.java:42)
	at org.junit.platform.engine.support.hierarchical.NodeTestTask.lambda$executeRecursively$2(NodeTestTask.java:180)
	at org.junit.platform.engine.support.hierarchical.ThrowableCollector.execute(ThrowableCollector.java:74)
	at org.junit.platform.engine.support.hierarchical.NodeTestTask.lambda$executeRecursively$1(NodeTestTask.java:166)
	at org.junit.platform.engine.support.hierarchical.Node.around(Node.java:138)
	at org.junit.platform.engine.support.hierarchical.NodeTestTask.lambda$executeRecursively$0(NodeTestTask.java:164)
	at org.junit.platform.engine.support.hierarchical.ThrowableCollector.execute(ThrowableCollector.java:74)
	at org.junit.platform.engine.support.hierarchical.NodeTestTask.executeRecursively(NodeTestTask.java:163)
	at org.junit.platform.engine.support.hierarchical.NodeTestTask.execute(NodeTestTask.java:116)
	at org.junit.platform.engine.support.hierarchical.SameThreadHierarchicalTestExecutorService.submit(SameThreadHierarchicalTestExecutorService.java:36)
	at org.junit.platform.engine.support.hierarchical.HierarchicalTestExecutor.execute(HierarchicalTestExecutor.java:52)
	at org.junit.platform.engine.support.hierarchical.HierarchicalTestEngine.execute(HierarchicalTestEngine.java:58)
	at org.junit.platform.launcher.core.EngineExecutionOrchestrator.executeEngine(EngineExecutionOrchestrator.java:246)
	at org.junit.platform.launcher.core.EngineExecutionOrchestrator.failOrExecuteEngine(EngineExecutionOrchestrator.java:218)
	at org.junit.platform.launcher.core.EngineExecutionOrchestrator.execute(EngineExecutionOrchestrator.java:179)
	at org.junit.platform.launcher.core.EngineExecutionOrchestrator.execute(EngineExecutionOrchestrator.java:108)
	at org.junit.platform.launcher.core.EngineExecutionOrchestrator.lambda$execute$0(EngineExecutionOrchestrator.java:66)
	at org.junit.platform.launcher.core.EngineExecutionOrchestrator.withInterceptedStreams(EngineExecutionOrchestrator.java:157)
	at org.junit.platform.launcher.core.EngineExecutionOrchestrator.execute(EngineExecutionOrchestrator.java:65)
	at org.junit.platform.launcher.core.DefaultLauncher.execute(DefaultLauncher.java:125)
	at org.junit.platform.launcher.core.DefaultLauncher.execute(DefaultLauncher.java:114)
	at org.junit.platform.launcher.core.DelegatingLauncher.execute(DelegatingLauncher.java:58)
	at org.junit.platform.launcher.core.InterceptingLauncher.lambda$execute$2(InterceptingLauncher.java:57)
	at org.junit.platform.launcher.core.ClasspathAlignmentCheckingLauncherInterceptor.intercept(ClasspathAlignmentCheckingLauncherInterceptor.java:25)
	at org.junit.platform.launcher.core.InterceptingLauncher.execute(InterceptingLauncher.java:56)
	at org.junit.platform.launcher.core.DelegatingLauncher.execute(DelegatingLauncher.java:58)
	at java.base/jdk.internal.reflect.NativeMethodAccessorImpl.invoke0(Native Method)
	at java.base/jdk.internal.reflect.NativeMethodAccessorImpl.invoke(NativeMethodAccessorImpl.java:77)
	at java.base/jdk.internal.reflect.DelegatingMethodAccessorImpl.invoke(DelegatingMethodAccessorImpl.java:43)
	at java.base/java.lang.reflect.Method.invoke(Method.java:568)
	at org.apache.maven.surefire.api.util.ReflectionUtils.invokeMethodWithArray(ReflectionUtils.java:125)
	at org.apache.maven.surefire.junitplatform.LauncherAdapter.executeWithCancellationToken(LauncherAdapter.java:68)
	at org.apache.maven.surefire.junitplatform.LauncherAdapter.execute(LauncherAdapter.java:54)
	at org.apache.maven.surefire.junitplatform.JUnitPlatformProvider.execute(JUnitPlatformProvider.java:203)
	at org.apache.maven.surefire.junitplatform.JUnitPlatformProvider.invokeAllTests(JUnitPlatformProvider.java:168)
	at org.apache.maven.surefire.junitplatform.JUnitPlatformProvider.invoke(JUnitPlatformProvider.java:136)
	at org.apache.maven.surefire.booter.ForkedBooter.runSuitesInProcess(ForkedBooter.java:385)
	at org.apache.maven.surefire.booter.ForkedBooter.execute(ForkedBooter.java:162)
	at org.apache.maven.surefire.booter.ForkedBooter.run(ForkedBooter.java:507)
	at org.apache.maven.surefire.booter.ForkedBooter.main(ForkedBooter.java:495)
Caused by: java.sql.SQLException: ORA-17868: Unknown host specified.: No such host is known (oracle-db)
https://docs.oracle.com/error-help/db/ora-17868/
	at oracle.jdbc.driver.T4CConnection.handleLogonNetException(T4CConnection.java:1912)
	at oracle.jdbc.driver.T4CConnection.logon(T4CConnection.java:1228)
	at oracle.jdbc.driver.PhysicalConnection.connect(PhysicalConnection.java:1210)
	at oracle.jdbc.driver.T4CDriverExtension.getConnection(T4CDriverExtension.java:106)
	at oracle.jdbc.driver.OracleDriver.connect(OracleDriver.java:887)
	at oracle.jdbc.driver.OracleDriver.connect(OracleDriver.java:694)
	at com.zaxxer.hikari.util.DriverDataSource.getConnection(DriverDataSource.java:144)
	at com.zaxxer.hikari.pool.PoolBase.newConnection(PoolBase.java:373)
	at com.zaxxer.hikari.pool.PoolBase.newPoolEntry(PoolBase.java:210)
	at com.zaxxer.hikari.pool.HikariPool.createPoolEntry(HikariPool.java:488)
	at com.zaxxer.hikari.pool.HikariPool.checkFailFast(HikariPool.java:576)
	at com.zaxxer.hikari.pool.HikariPool.<init>(HikariPool.java:97)
	at com.zaxxer.hikari.HikariDataSource.getConnection(HikariDataSource.java:111)
	at org.hibernate.engine.jdbc.connections.internal.DataSourceConnectionProvider.getConnection(DataSourceConnectionProvider.java:137)
	at org.hibernate.engine.jdbc.env.internal.JdbcEnvironmentInitiator$ConnectionProviderJdbcConnectionAccess.obtainConnection(JdbcEnvironmentInitiator.java:508)
	at org.hibernate.resource.transaction.backend.jdbc.internal.JdbcIsolationDelegate.delegateWork(JdbcIsolationDelegate.java:48)
	... 130 more
Caused by: oracle.net.ns.NetException: ORA-17868: Unknown host specified.: No such host is known (oracle-db)
https://docs.oracle.com/error-help/db/ora-17868/
	at oracle.net.resolver.AddrResolution.resolveAddrTree(AddrResolution.java:1175)
	at oracle.net.resolver.AddrResolution.resolveTNSAddress(AddrResolution.java:954)
	at oracle.net.resolver.AddrResolution.initConnStrategy(AddrResolution.java:649)
	at oracle.net.resolver.AddrResolution.<init>(AddrResolution.java:464)
	at oracle.net.ns.NSProtocol.<init>(NSProtocol.java:260)
	at oracle.net.ns.NSProtocolNIO.<init>(NSProtocolNIO.java:162)
	at oracle.jdbc.driver.T4CConnection.logon(T4CConnection.java:1080)
	... 144 more
Caused by: java.net.UnknownHostException: No such host is known (oracle-db)
	at java.base/java.net.Inet6AddressImpl.lookupAllHostAddr(Native Method)
	at java.base/java.net.InetAddress$PlatformNameService.lookupAllHostAddr(InetAddress.java:933)
	at java.base/java.net.InetAddress.getAddressesFromNameService(InetAddress.java:1543)
	at java.base/java.net.InetAddress$NameServiceAddresses.get(InetAddress.java:852)
	at java.base/java.net.InetAddress.getAllByName0(InetAddress.java:1532)
	at java.base/java.net.InetAddress.getAllByName(InetAddress.java:1384)
	at java.base/java.net.InetAddress.getAllByName(InetAddress.java:1305)
	at oracle.net.resolver.InetAddressResolver.resolveInetSocketAddresses(InetAddressResolver.java:89)
	at oracle.net.resolver.AddrResolution.resolveConnOptions(AddrResolution.java:1212)
	at oracle.net.resolver.AddrResolution.resolveAddrTree(AddrResolution.java:1152)
	... 150 more
2026-09-15 14:21:27.804 [main] ERROR org.springframework.orm.jpa.LocalContainerEntityManagerFactoryBean - Failed to initialize JPA EntityManagerFactory: Unable to create requested service [org.hibernate.engine.jdbc.env.spi.JdbcEnvironment] due to: Unable to determine Dialect without JDBC metadata (please set 'jakarta.persistence.jdbc.url' for common cases or 'hibernate.dialect' when a custom Dialect implementation must be provided)
2026-09-15 14:21:27.805 [main] WARN  org.springframework.web.context.support.GenericWebApplicationContext - Exception encountered during context initialization - cancelling refresh attempt: org.springframework.beans.factory.BeanCreationException: Error creating bean with name 'entityManagerFactory' defined in class path resource [org/springframework/boot/hibernate/autoconfigure/HibernateJpaConfiguration.class]: Unable to create requested service [org.hibernate.engine.jdbc.env.spi.JdbcEnvironment] due to: Unable to determine Dialect without JDBC metadata (please set 'jakarta.persistence.jdbc.url' for common cases or 'hibernate.dialect' when a custom Dialect implementation must be provided)
2026-09-15 14:21:27.819 [main] INFO  org.springframework.boot.autoconfigure.logging.ConditionEvaluationReportLogger - 

Error starting ApplicationContext. To display the condition evaluation report re-run your application with 'debug' enabled.
2026-09-15 14:21:27.833 [main] ERROR org.springframework.boot.SpringApplication - Application run failed
org.springframework.beans.factory.BeanCreationException: Error creating bean with name 'entityManagerFactory' defined in class path resource [org/springframework/boot/hibernate/autoconfigure/HibernateJpaConfiguration.class]: Unable to create requested service [org.hibernate.engine.jdbc.env.spi.JdbcEnvironment] due to: Unable to determine Dialect without JDBC metadata (please set 'jakarta.persistence.jdbc.url' for common cases or 'hibernate.dialect' when a custom Dialect implementation must be provided)
	at org.springframework.beans.factory.support.AbstractAutowireCapableBeanFactory.initializeBean(AbstractAutowireCapableBeanFactory.java:1817)
	at org.springframework.beans.factory.support.AbstractAutowireCapableBeanFactory.doCreateBean(AbstractAutowireCapableBeanFactory.java:603)
	at org.springframework.beans.factory.support.AbstractAutowireCapableBeanFactory.createBean(AbstractAutowireCapableBeanFactory.java:525)
	at org.springframework.beans.factory.support.AbstractBeanFactory.lambda$doGetBean$0(AbstractBeanFactory.java:333)
	at org.springframework.beans.factory.support.DefaultSingletonBeanRegistry.getSingleton(DefaultSingletonBeanRegistry.java:371)
	at org.springframework.beans.factory.support.AbstractBeanFactory.doGetBean(AbstractBeanFactory.java:331)
	at org.springframework.beans.factory.support.AbstractBeanFactory.getBean(AbstractBeanFactory.java:201)
	at org.springframework.context.support.AbstractApplicationContext.finishBeanFactoryInitialization(AbstractApplicationContext.java:977)
	at org.springframework.context.support.AbstractApplicationContext.refresh(AbstractApplicationContext.java:621)
	at org.springframework.boot.SpringApplication.refresh(SpringApplication.java:756)
	at org.springframework.boot.SpringApplication.refreshContext(SpringApplication.java:445)
	at org.springframework.boot.SpringApplication.run(SpringApplication.java:321)
	at org.springframework.boot.test.context.SpringBootContextLoader.lambda$loadContext$2(SpringBootContextLoader.java:155)
	at org.springframework.util.function.ThrowingSupplier.get(ThrowingSupplier.java:58)
	at org.springframework.util.function.ThrowingSupplier.get(ThrowingSupplier.java:46)
	at org.springframework.boot.SpringApplication.withHook(SpringApplication.java:1465)
	at org.springframework.boot.test.context.SpringBootContextLoader$ContextLoaderHook.run(SpringBootContextLoader.java:600)
	at org.springframework.boot.test.context.SpringBootContextLoader.loadContext(SpringBootContextLoader.java:155)
	at org.springframework.boot.test.context.SpringBootContextLoader.loadContext(SpringBootContextLoader.java:114)
	at org.springframework.test.context.cache.DefaultCacheAwareContextLoaderDelegate.loadContextInternal(DefaultCacheAwareContextLoaderDelegate.java:247)
	at org.springframework.test.context.cache.DefaultCacheAwareContextLoaderDelegate.lambda$loadContext$0(DefaultCacheAwareContextLoaderDelegate.java:167)
	at org.springframework.test.context.cache.DefaultContextCache.put(DefaultContextCache.java:214)
	at org.springframework.test.context.cache.DefaultCacheAwareContextLoaderDelegate.loadContext(DefaultCacheAwareContextLoaderDelegate.java:160)
	at org.springframework.test.context.support.DefaultTestContext.getApplicationContext(DefaultTestContext.java:128)
	at org.springframework.test.context.web.ServletTestExecutionListener.setUpRequestContextIfNecessary(ServletTestExecutionListener.java:200)
	at org.springframework.test.context.web.ServletTestExecutionListener.prepareTestInstance(ServletTestExecutionListener.java:139)
	at org.springframework.test.context.TestContextManager.prepareTestInstance(TestContextManager.java:260)
	at org.springframework.test.context.junit.jupiter.SpringExtension.postProcessTestInstance(SpringExtension.java:210)
	at org.junit.jupiter.engine.descriptor.ClassBasedTestDescriptor.lambda$invokeTestInstancePostProcessors$1(ClassBasedTestDescriptor.java:423)
	at org.junit.jupiter.engine.descriptor.ClassBasedTestDescriptor.executeAndMaskThrowable(ClassBasedTestDescriptor.java:428)
	at org.junit.jupiter.engine.descriptor.ClassBasedTestDescriptor.lambda$invokeTestInstancePostProcessors$0(ClassBasedTestDescriptor.java:422)
	at java.base/java.util.stream.ForEachOps$ForEachOp$OfRef.accept(ForEachOps.java:183)
	at java.base/java.util.stream.ReferencePipeline$3$1.accept(ReferencePipeline.java:197)
	at java.base/java.util.stream.ReferencePipeline$2$1.accept(ReferencePipeline.java:179)
	at java.base/java.util.stream.ReferencePipeline$3$1.accept(ReferencePipeline.java:197)
	at java.base/java.util.ArrayList$ArrayListSpliterator.forEachRemaining(ArrayList.java:1625)
	at java.base/java.util.stream.AbstractPipeline.copyInto(AbstractPipeline.java:509)
	at java.base/java.util.stream.AbstractPipeline.wrapAndCopyInto(AbstractPipeline.java:499)
	at java.base/java.util.stream.ForEachOps$ForEachOp.evaluateSequential(ForEachOps.java:150)
	at java.base/java.util.stream.ForEachOps$ForEachOp$OfRef.evaluateSequential(ForEachOps.java:173)
	at java.base/java.util.stream.AbstractPipeline.evaluate(AbstractPipeline.java:234)
	at java.base/java.util.stream.ReferencePipeline.forEach(ReferencePipeline.java:596)
	at org.junit.jupiter.engine.descriptor.ClassBasedTestDescriptor.invokeTestInstancePostProcessors(ClassBasedTestDescriptor.java:422)
	at org.junit.jupiter.engine.descriptor.ClassBasedTestDescriptor.lambda$instantiateAndPostProcessTestInstance$0(ClassBasedTestDescriptor.java:334)
	at org.junit.platform.engine.support.hierarchical.ThrowableCollector.execute(ThrowableCollector.java:74)
	at org.junit.jupiter.engine.descriptor.ClassBasedTestDescriptor.instantiateAndPostProcessTestInstance(ClassBasedTestDescriptor.java:333)
	at org.junit.jupiter.engine.descriptor.ClassBasedTestDescriptor.lambda$testInstancesProvider$1(ClassBasedTestDescriptor.java:322)
	at java.base/java.util.Optional.orElseGet(Optional.java:364)
	at org.junit.jupiter.engine.descriptor.ClassBasedTestDescriptor.lambda$testInstancesProvider$0(ClassBasedTestDescriptor.java:321)
	at org.junit.jupiter.engine.execution.TestInstancesProvider.getTestInstances(TestInstancesProvider.java:27)
	at org.junit.jupiter.engine.descriptor.TestMethodTestDescriptor.lambda$prepare$0(TestMethodTestDescriptor.java:127)
	at org.junit.platform.engine.support.hierarchical.ThrowableCollector.execute(ThrowableCollector.java:74)
	at org.junit.jupiter.engine.descriptor.TestMethodTestDescriptor.prepare(TestMethodTestDescriptor.java:126)
	at org.junit.jupiter.engine.descriptor.TestMethodTestDescriptor.prepare(TestMethodTestDescriptor.java:70)
	at org.junit.platform.engine.support.hierarchical.NodeTestTask.lambda$prepare$0(NodeTestTask.java:144)
	at org.junit.platform.engine.support.hierarchical.ThrowableCollector.execute(ThrowableCollector.java:74)
	at org.junit.platform.engine.support.hierarchical.NodeTestTask.prepare(NodeTestTask.java:144)
	at org.junit.platform.engine.support.hierarchical.NodeTestTask.execute(NodeTestTask.java:110)
	at java.base/java.util.ArrayList.forEach(ArrayList.java:1511)
	at org.junit.platform.engine.support.hierarchical.SameThreadHierarchicalTestExecutorService.invokeAll(SameThreadHierarchicalTestExecutorService.java:42)
	at org.junit.platform.engine.support.hierarchical.NodeTestTask.lambda$executeRecursively$2(NodeTestTask.java:180)
	at org.junit.platform.engine.support.hierarchical.ThrowableCollector.execute(ThrowableCollector.java:74)
	at org.junit.platform.engine.support.hierarchical.NodeTestTask.lambda$executeRecursively$1(NodeTestTask.java:166)
	at org.junit.platform.engine.support.hierarchical.Node.around(Node.java:138)
	at org.junit.platform.engine.support.hierarchical.NodeTestTask.lambda$executeRecursively$0(NodeTestTask.java:164)
	at org.junit.platform.engine.support.hierarchical.ThrowableCollector.execute(ThrowableCollector.java:74)
	at org.junit.platform.engine.support.hierarchical.NodeTestTask.executeRecursively(NodeTestTask.java:163)
	at org.junit.platform.engine.support.hierarchical.NodeTestTask.execute(NodeTestTask.java:116)
	at java.base/java.util.ArrayList.forEach(ArrayList.java:1511)
	at org.junit.platform.engine.support.hierarchical.SameThreadHierarchicalTestExecutorService.invokeAll(SameThreadHierarchicalTestExecutorService.java:42)
	at org.junit.platform.engine.support.hierarchical.NodeTestTask.lambda$executeRecursively$2(NodeTestTask.java:180)
	at org.junit.platform.engine.support.hierarchical.ThrowableCollector.execute(ThrowableCollector.java:74)
	at org.junit.platform.engine.support.hierarchical.NodeTestTask.lambda$executeRecursively$1(NodeTestTask.java:166)
	at org.junit.platform.engine.support.hierarchical.Node.around(Node.java:138)
	at org.junit.platform.engine.support.hierarchical.NodeTestTask.lambda$executeRecursively$0(NodeTestTask.java:164)
	at org.junit.platform.engine.support.hierarchical.ThrowableCollector.execute(ThrowableCollector.java:74)
	at org.junit.platform.engine.support.hierarchical.NodeTestTask.executeRecursively(NodeTestTask.java:163)
	at org.junit.platform.engine.support.hierarchical.NodeTestTask.execute(NodeTestTask.java:116)
	at org.junit.platform.engine.support.hierarchical.SameThreadHierarchicalTestExecutorService.submit(SameThreadHierarchicalTestExecutorService.java:36)
	at org.junit.platform.engine.support.hierarchical.HierarchicalTestExecutor.execute(HierarchicalTestExecutor.java:52)
	at org.junit.platform.engine.support.hierarchical.HierarchicalTestEngine.execute(HierarchicalTestEngine.java:58)
	at org.junit.platform.launcher.core.EngineExecutionOrchestrator.executeEngine(EngineExecutionOrchestrator.java:246)
	at org.junit.platform.launcher.core.EngineExecutionOrchestrator.failOrExecuteEngine(EngineExecutionOrchestrator.java:218)
	at org.junit.platform.launcher.core.EngineExecutionOrchestrator.execute(EngineExecutionOrchestrator.java:179)
	at org.junit.platform.launcher.core.EngineExecutionOrchestrator.execute(EngineExecutionOrchestrator.java:108)
	at org.junit.platform.launcher.core.EngineExecutionOrchestrator.lambda$execute$0(EngineExecutionOrchestrator.java:66)
	at org.junit.platform.launcher.core.EngineExecutionOrchestrator.withInterceptedStreams(EngineExecutionOrchestrator.java:157)
	at org.junit.platform.launcher.core.EngineExecutionOrchestrator.execute(EngineExecutionOrchestrator.java:65)
	at org.junit.platform.launcher.core.DefaultLauncher.execute(DefaultLauncher.java:125)
	at org.junit.platform.launcher.core.DefaultLauncher.execute(DefaultLauncher.java:114)
	at org.junit.platform.launcher.core.DelegatingLauncher.execute(DelegatingLauncher.java:58)
	at org.junit.platform.launcher.core.InterceptingLauncher.lambda$execute$2(InterceptingLauncher.java:57)
	at org.junit.platform.launcher.core.ClasspathAlignmentCheckingLauncherInterceptor.intercept(ClasspathAlignmentCheckingLauncherInterceptor.java:25)
	at org.junit.platform.launcher.core.InterceptingLauncher.execute(InterceptingLauncher.java:56)
	at org.junit.platform.launcher.core.DelegatingLauncher.execute(DelegatingLauncher.java:58)
	at java.base/jdk.internal.reflect.NativeMethodAccessorImpl.invoke0(Native Method)
	at java.base/jdk.internal.reflect.NativeMethodAccessorImpl.invoke(NativeMethodAccessorImpl.java:77)
	at java.base/jdk.internal.reflect.DelegatingMethodAccessorImpl.invoke(DelegatingMethodAccessorImpl.java:43)
	at java.base/java.lang.reflect.Method.invoke(Method.java:568)
	at org.apache.maven.surefire.api.util.ReflectionUtils.invokeMethodWithArray(ReflectionUtils.java:125)
	at org.apache.maven.surefire.junitplatform.LauncherAdapter.executeWithCancellationToken(LauncherAdapter.java:68)
	at org.apache.maven.surefire.junitplatform.LauncherAdapter.execute(LauncherAdapter.java:54)
	at org.apache.maven.surefire.junitplatform.JUnitPlatformProvider.execute(JUnitPlatformProvider.java:203)
	at org.apache.maven.surefire.junitplatform.JUnitPlatformProvider.invokeAllTests(JUnitPlatformProvider.java:168)
	at org.apache.maven.surefire.junitplatform.JUnitPlatformProvider.invoke(JUnitPlatformProvider.java:136)
	at org.apache.maven.surefire.booter.ForkedBooter.runSuitesInProcess(ForkedBooter.java:385)
	at org.apache.maven.surefire.booter.ForkedBooter.execute(ForkedBooter.java:162)
	at org.apache.maven.surefire.booter.ForkedBooter.run(ForkedBooter.java:507)
	at org.apache.maven.surefire.booter.ForkedBooter.main(ForkedBooter.java:495)
Caused by: org.hibernate.service.spi.ServiceException: Unable to create requested service [org.hibernate.engine.jdbc.env.spi.JdbcEnvironment] due to: Unable to determine Dialect without JDBC metadata (please set 'jakarta.persistence.jdbc.url' for common cases or 'hibernate.dialect' when a custom Dialect implementation must be provided)
	at org.hibernate.service.internal.AbstractServiceRegistryImpl.createService(AbstractServiceRegistryImpl.java:273)
	at org.hibernate.service.internal.AbstractServiceRegistryImpl.initializeService(AbstractServiceRegistryImpl.java:235)
	at org.hibernate.service.internal.AbstractServiceRegistryImpl.getService(AbstractServiceRegistryImpl.java:212)
	at org.hibernate.boot.model.relational.Database.<init>(Database.java:44)
	at org.hibernate.boot.internal.InFlightMetadataCollectorImpl.getDatabase(InFlightMetadataCollectorImpl.java:251)
	at org.hibernate.boot.internal.InFlightMetadataCollectorImpl.<init>(InFlightMetadataCollectorImpl.java:203)
	at org.hibernate.boot.model.process.spi.MetadataBuildingProcess.complete(MetadataBuildingProcess.java:172)
	at org.hibernate.jpa.boot.internal.EntityManagerFactoryBuilderImpl.metadata(EntityManagerFactoryBuilderImpl.java:1392)
	at org.hibernate.jpa.boot.internal.EntityManagerFactoryBuilderImpl.populateSessionFactoryBuilder(EntityManagerFactoryBuilderImpl.java:1472)
	at org.hibernate.jpa.boot.internal.EntityManagerFactoryBuilderImpl.build(EntityManagerFactoryBuilderImpl.java:1454)
	at org.springframework.orm.jpa.vendor.SpringHibernateJpaPersistenceProvider.createContainerEntityManagerFactory(SpringHibernateJpaPersistenceProvider.java:93)
	at org.springframework.orm.jpa.LocalContainerEntityManagerFactoryBean.createNativeEntityManagerFactory(LocalContainerEntityManagerFactoryBean.java:443)
	at org.springframework.orm.jpa.AbstractEntityManagerFactoryBean.buildNativeEntityManagerFactory(AbstractEntityManagerFactoryBean.java:436)
	at org.springframework.orm.jpa.AbstractEntityManagerFactoryBean.afterPropertiesSet(AbstractEntityManagerFactoryBean.java:411)
	at org.springframework.orm.jpa.LocalContainerEntityManagerFactoryBean.afterPropertiesSet(LocalContainerEntityManagerFactoryBean.java:419)
	at org.springframework.beans.factory.support.AbstractAutowireCapableBeanFactory.invokeInitMethods(AbstractAutowireCapableBeanFactory.java:1864)
	at org.springframework.beans.factory.support.AbstractAutowireCapableBeanFactory.initializeBean(AbstractAutowireCapableBeanFactory.java:1813)
	... 108 more
Caused by: org.hibernate.HibernateException: Unable to determine Dialect without JDBC metadata (please set 'jakarta.persistence.jdbc.url' for common cases or 'hibernate.dialect' when a custom Dialect implementation must be provided)
	at org.hibernate.engine.jdbc.dialect.internal.DialectFactoryImpl.determineDialect(DialectFactoryImpl.java:190)
	at org.hibernate.engine.jdbc.dialect.internal.DialectFactoryImpl.buildDialect(DialectFactoryImpl.java:86)
	at org.hibernate.engine.jdbc.env.internal.JdbcEnvironmentInitiator.getJdbcEnvironmentWithDefaults(JdbcEnvironmentInitiator.java:200)
	at org.hibernate.engine.jdbc.env.internal.JdbcEnvironmentInitiator.getJdbcEnvironmentUsingJdbcMetadata(JdbcEnvironmentInitiator.java:452)
	at org.hibernate.engine.jdbc.env.internal.JdbcEnvironmentInitiator.getJdbcEnvironment(JdbcEnvironmentInitiator.java:143)
	at org.hibernate.engine.jdbc.env.internal.JdbcEnvironmentInitiator.initiateService(JdbcEnvironmentInitiator.java:120)
	at org.hibernate.engine.jdbc.env.internal.JdbcEnvironmentInitiator.initiateService(JdbcEnvironmentInitiator.java:80)
	at org.hibernate.boot.registry.internal.StandardServiceRegistryImpl.initiateService(StandardServiceRegistryImpl.java:133)
	at org.hibernate.service.internal.AbstractServiceRegistryImpl.createService(AbstractServiceRegistryImpl.java:260)
	... 124 more
2026-09-15 14:21:27.842 [main] WARN  org.springframework.test.context.TestContextManager - Caught exception while allowing TestExecutionListener [org.springframework.test.context.web.ServletTestExecutionListener] to prepare test instance [com.demo.Docker.DockerApplicationTests@526fc044]
java.lang.IllegalStateException: Failed to load ApplicationContext for [WebMergedContextConfiguration@58ad0586 testClass = com.demo.Docker.DockerApplicationTests, locations = [], classes = [com.demo.Docker.DockerApplication], contextInitializerClasses = [], activeProfiles = [], propertySourceDescriptors = [], propertySourceProperties = ["org.springframework.boot.test.context.SpringBootTestContextBootstrapper=true"], contextCustomizers = [org.springframework.boot.test.context.PropertyMappingContextCustomizer@0, org.springframework.boot.test.context.filter.ExcludeFilterContextCustomizer@40d10481, org.springframework.boot.test.json.DuplicateJsonObjectContextCustomizerFactory$DuplicateJsonObjectContextCustomizer@1dcca8d3, org.springframework.boot.test.autoconfigure.OnFailureConditionReportContextCustomizerFactory$OnFailureConditionReportContextCustomizer@6124287a, org.springframework.test.context.support.DynamicPropertiesContextCustomizer@0, org.springframework.boot.webmvc.test.autoconfigure.WebDriverContextCustomizer@7e7f0f0a, org.springframework.boot.web.server.context.SpringBootTestRandomPortContextCustomizer@656d10a4, org.springframework.boot.test.context.SpringBootTestAnnotation@c573e310], resourceBasePath = "src/main/webapp", contextLoader = org.springframework.boot.test.context.SpringBootContextLoader, parent = null]
	at org.springframework.test.context.cache.DefaultCacheAwareContextLoaderDelegate.lambda$loadContext$0(DefaultCacheAwareContextLoaderDelegate.java:195)
	at org.springframework.test.context.cache.DefaultContextCache.put(DefaultContextCache.java:214)
	at org.springframework.test.context.cache.DefaultCacheAwareContextLoaderDelegate.loadContext(DefaultCacheAwareContextLoaderDelegate.java:160)
	at org.springframework.test.context.support.DefaultTestContext.getApplicationContext(DefaultTestContext.java:128)
	at org.springframework.test.context.web.ServletTestExecutionListener.setUpRequestContextIfNecessary(ServletTestExecutionListener.java:200)
	at org.springframework.test.context.web.ServletTestExecutionListener.prepareTestInstance(ServletTestExecutionListener.java:139)
	at org.springframework.test.context.TestContextManager.prepareTestInstance(TestContextManager.java:260)
	at org.springframework.test.context.junit.jupiter.SpringExtension.postProcessTestInstance(SpringExtension.java:210)
	at org.junit.jupiter.engine.descriptor.ClassBasedTestDescriptor.lambda$invokeTestInstancePostProcessors$1(ClassBasedTestDescriptor.java:423)
	at org.junit.jupiter.engine.descriptor.ClassBasedTestDescriptor.executeAndMaskThrowable(ClassBasedTestDescriptor.java:428)
	at org.junit.jupiter.engine.descriptor.ClassBasedTestDescriptor.lambda$invokeTestInstancePostProcessors$0(ClassBasedTestDescriptor.java:422)
	at java.base/java.util.stream.ForEachOps$ForEachOp$OfRef.accept(ForEachOps.java:183)
	at java.base/java.util.stream.ReferencePipeline$3$1.accept(ReferencePipeline.java:197)
	at java.base/java.util.stream.ReferencePipeline$2$1.accept(ReferencePipeline.java:179)
	at java.base/java.util.stream.ReferencePipeline$3$1.accept(ReferencePipeline.java:197)
	at java.base/java.util.ArrayList$ArrayListSpliterator.forEachRemaining(ArrayList.java:1625)
	at java.base/java.util.stream.AbstractPipeline.copyInto(AbstractPipeline.java:509)
	at java.base/java.util.stream.AbstractPipeline.wrapAndCopyInto(AbstractPipeline.java:499)
	at java.base/java.util.stream.ForEachOps$ForEachOp.evaluateSequential(ForEachOps.java:150)
	at java.base/java.util.stream.ForEachOps$ForEachOp$OfRef.evaluateSequential(ForEachOps.java:173)
	at java.base/java.util.stream.AbstractPipeline.evaluate(AbstractPipeline.java:234)
	at java.base/java.util.stream.ReferencePipeline.forEach(ReferencePipeline.java:596)
	at org.junit.jupiter.engine.descriptor.ClassBasedTestDescriptor.invokeTestInstancePostProcessors(ClassBasedTestDescriptor.java:422)
	at org.junit.jupiter.engine.descriptor.ClassBasedTestDescriptor.lambda$instantiateAndPostProcessTestInstance$0(ClassBasedTestDescriptor.java:334)
	at org.junit.platform.engine.support.hierarchical.ThrowableCollector.execute(ThrowableCollector.java:74)
	at org.junit.jupiter.engine.descriptor.ClassBasedTestDescriptor.instantiateAndPostProcessTestInstance(ClassBasedTestDescriptor.java:333)
	at org.junit.jupiter.engine.descriptor.ClassBasedTestDescriptor.lambda$testInstancesProvider$1(ClassBasedTestDescriptor.java:322)
	at java.base/java.util.Optional.orElseGet(Optional.java:364)
	at org.junit.jupiter.engine.descriptor.ClassBasedTestDescriptor.lambda$testInstancesProvider$0(ClassBasedTestDescriptor.java:321)
	at org.junit.jupiter.engine.execution.TestInstancesProvider.getTestInstances(TestInstancesProvider.java:27)
	at org.junit.jupiter.engine.descriptor.TestMethodTestDescriptor.lambda$prepare$0(TestMethodTestDescriptor.java:127)
	at org.junit.platform.engine.support.hierarchical.ThrowableCollector.execute(ThrowableCollector.java:74)
	at org.junit.jupiter.engine.descriptor.TestMethodTestDescriptor.prepare(TestMethodTestDescriptor.java:126)
	at org.junit.jupiter.engine.descriptor.TestMethodTestDescriptor.prepare(TestMethodTestDescriptor.java:70)
	at org.junit.platform.engine.support.hierarchical.NodeTestTask.lambda$prepare$0(NodeTestTask.java:144)
	at org.junit.platform.engine.support.hierarchical.ThrowableCollector.execute(ThrowableCollector.java:74)
	at org.junit.platform.engine.support.hierarchical.NodeTestTask.prepare(NodeTestTask.java:144)
	at org.junit.platform.engine.support.hierarchical.NodeTestTask.execute(NodeTestTask.java:110)
	at java.base/java.util.ArrayList.forEach(ArrayList.java:1511)
	at org.junit.platform.engine.support.hierarchical.SameThreadHierarchicalTestExecutorService.invokeAll(SameThreadHierarchicalTestExecutorService.java:42)
	at org.junit.platform.engine.support.hierarchical.NodeTestTask.lambda$executeRecursively$2(NodeTestTask.java:180)
	at org.junit.platform.engine.support.hierarchical.ThrowableCollector.execute(ThrowableCollector.java:74)
	at org.junit.platform.engine.support.hierarchical.NodeTestTask.lambda$executeRecursively$1(NodeTestTask.java:166)
	at org.junit.platform.engine.support.hierarchical.Node.around(Node.java:138)
	at org.junit.platform.engine.support.hierarchical.NodeTestTask.lambda$executeRecursively$0(NodeTestTask.java:164)
	at org.junit.platform.engine.support.hierarchical.ThrowableCollector.execute(ThrowableCollector.java:74)
	at org.junit.platform.engine.support.hierarchical.NodeTestTask.executeRecursively(NodeTestTask.java:163)
	at org.junit.platform.engine.support.hierarchical.NodeTestTask.execute(NodeTestTask.java:116)
	at java.base/java.util.ArrayList.forEach(ArrayList.java:1511)
	at org.junit.platform.engine.support.hierarchical.SameThreadHierarchicalTestExecutorService.invokeAll(SameThreadHierarchicalTestExecutorService.java:42)
	at org.junit.platform.engine.support.hierarchical.NodeTestTask.lambda$executeRecursively$2(NodeTestTask.java:180)
	at org.junit.platform.engine.support.hierarchical.ThrowableCollector.execute(ThrowableCollector.java:74)
	at org.junit.platform.engine.support.hierarchical.NodeTestTask.lambda$executeRecursively$1(NodeTestTask.java:166)
	at org.junit.platform.engine.support.hierarchical.Node.around(Node.java:138)
	at org.junit.platform.engine.support.hierarchical.NodeTestTask.lambda$executeRecursively$0(NodeTestTask.java:164)
	at org.junit.platform.engine.support.hierarchical.ThrowableCollector.execute(ThrowableCollector.java:74)
	at org.junit.platform.engine.support.hierarchical.NodeTestTask.executeRecursively(NodeTestTask.java:163)
	at org.junit.platform.engine.support.hierarchical.NodeTestTask.execute(NodeTestTask.java:116)
	at org.junit.platform.engine.support.hierarchical.SameThreadHierarchicalTestExecutorService.submit(SameThreadHierarchicalTestExecutorService.java:36)
	at org.junit.platform.engine.support.hierarchical.HierarchicalTestExecutor.execute(HierarchicalTestExecutor.java:52)
	at org.junit.platform.engine.support.hierarchical.HierarchicalTestEngine.execute(HierarchicalTestEngine.java:58)
	at org.junit.platform.launcher.core.EngineExecutionOrchestrator.executeEngine(EngineExecutionOrchestrator.java:246)
	at org.junit.platform.launcher.core.EngineExecutionOrchestrator.failOrExecuteEngine(EngineExecutionOrchestrator.java:218)
	at org.junit.platform.launcher.core.EngineExecutionOrchestrator.execute(EngineExecutionOrchestrator.java:179)
	at org.junit.platform.launcher.core.EngineExecutionOrchestrator.execute(EngineExecutionOrchestrator.java:108)
	at org.junit.platform.launcher.core.EngineExecutionOrchestrator.lambda$execute$0(EngineExecutionOrchestrator.java:66)
	at org.junit.platform.launcher.core.EngineExecutionOrchestrator.withInterceptedStreams(EngineExecutionOrchestrator.java:157)
	at org.junit.platform.launcher.core.EngineExecutionOrchestrator.execute(EngineExecutionOrchestrator.java:65)
	at org.junit.platform.launcher.core.DefaultLauncher.execute(DefaultLauncher.java:125)
	at org.junit.platform.launcher.core.DefaultLauncher.execute(DefaultLauncher.java:114)
	at org.junit.platform.launcher.core.DelegatingLauncher.execute(DelegatingLauncher.java:58)
	at org.junit.platform.launcher.core.InterceptingLauncher.lambda$execute$2(InterceptingLauncher.java:57)
	at org.junit.platform.launcher.core.ClasspathAlignmentCheckingLauncherInterceptor.intercept(ClasspathAlignmentCheckingLauncherInterceptor.java:25)
	at org.junit.platform.launcher.core.InterceptingLauncher.execute(InterceptingLauncher.java:56)
	at org.junit.platform.launcher.core.DelegatingLauncher.execute(DelegatingLauncher.java:58)
	at java.base/jdk.internal.reflect.NativeMethodAccessorImpl.invoke0(Native Method)
	at java.base/jdk.internal.reflect.NativeMethodAccessorImpl.invoke(NativeMethodAccessorImpl.java:77)
	at java.base/jdk.internal.reflect.DelegatingMethodAccessorImpl.invoke(DelegatingMethodAccessorImpl.java:43)
	at java.base/java.lang.reflect.Method.invoke(Method.java:568)
	at org.apache.maven.surefire.api.util.ReflectionUtils.invokeMethodWithArray(ReflectionUtils.java:125)
	at org.apache.maven.surefire.junitplatform.LauncherAdapter.executeWithCancellationToken(LauncherAdapter.java:68)
	at org.apache.maven.surefire.junitplatform.LauncherAdapter.execute(LauncherAdapter.java:54)
	at org.apache.maven.surefire.junitplatform.JUnitPlatformProvider.execute(JUnitPlatformProvider.java:203)
	at org.apache.maven.surefire.junitplatform.JUnitPlatformProvider.invokeAllTests(JUnitPlatformProvider.java:168)
	at org.apache.maven.surefire.junitplatform.JUnitPlatformProvider.invoke(JUnitPlatformProvider.java:136)
	at org.apache.maven.surefire.booter.ForkedBooter.runSuitesInProcess(ForkedBooter.java:385)
	at org.apache.maven.surefire.booter.ForkedBooter.execute(ForkedBooter.java:162)
	at org.apache.maven.surefire.booter.ForkedBooter.run(ForkedBooter.java:507)
	at org.apache.maven.surefire.booter.ForkedBooter.main(ForkedBooter.java:495)
Caused by: org.springframework.beans.factory.BeanCreationException: Error creating bean with name 'entityManagerFactory' defined in class path resource [org/springframework/boot/hibernate/autoconfigure/HibernateJpaConfiguration.class]: Unable to create requested service [org.hibernate.engine.jdbc.env.spi.JdbcEnvironment] due to: Unable to determine Dialect without JDBC metadata (please set 'jakarta.persistence.jdbc.url' for common cases or 'hibernate.dialect' when a custom Dialect implementation must be provided)
	at org.springframework.beans.factory.support.AbstractAutowireCapableBeanFactory.initializeBean(AbstractAutowireCapableBeanFactory.java:1817)
	at org.springframework.beans.factory.support.AbstractAutowireCapableBeanFactory.doCreateBean(AbstractAutowireCapableBeanFactory.java:603)
	at org.springframework.beans.factory.support.AbstractAutowireCapableBeanFactory.createBean(AbstractAutowireCapableBeanFactory.java:525)
	at org.springframework.beans.factory.support.AbstractBeanFactory.lambda$doGetBean$0(AbstractBeanFactory.java:333)
	at org.springframework.beans.factory.support.DefaultSingletonBeanRegistry.getSingleton(DefaultSingletonBeanRegistry.java:371)
	at org.springframework.beans.factory.support.AbstractBeanFactory.doGetBean(AbstractBeanFactory.java:331)
	at org.springframework.beans.factory.support.AbstractBeanFactory.getBean(AbstractBeanFactory.java:201)
	at org.springframework.context.support.AbstractApplicationContext.finishBeanFactoryInitialization(AbstractApplicationContext.java:977)
	at org.springframework.context.support.AbstractApplicationContext.refresh(AbstractApplicationContext.java:621)
	at org.springframework.boot.SpringApplication.refresh(SpringApplication.java:756)
	at org.springframework.boot.SpringApplication.refreshContext(SpringApplication.java:445)
	at org.springframework.boot.SpringApplication.run(SpringApplication.java:321)
	at org.springframework.boot.test.context.SpringBootContextLoader.lambda$loadContext$2(SpringBootContextLoader.java:155)
	at org.springframework.util.function.ThrowingSupplier.get(ThrowingSupplier.java:58)
	at org.springframework.util.function.ThrowingSupplier.get(ThrowingSupplier.java:46)
	at org.springframework.boot.SpringApplication.withHook(SpringApplication.java:1465)
	at org.springframework.boot.test.context.SpringBootContextLoader$ContextLoaderHook.run(SpringBootContextLoader.java:600)
	at org.springframework.boot.test.context.SpringBootContextLoader.loadContext(SpringBootContextLoader.java:155)
	at org.springframework.boot.test.context.SpringBootContextLoader.loadContext(SpringBootContextLoader.java:114)
	at org.springframework.test.context.cache.DefaultCacheAwareContextLoaderDelegate.loadContextInternal(DefaultCacheAwareContextLoaderDelegate.java:247)
	at org.springframework.test.context.cache.DefaultCacheAwareContextLoaderDelegate.lambda$loadContext$0(DefaultCacheAwareContextLoaderDelegate.java:167)
	... 88 more
Caused by: org.hibernate.service.spi.ServiceException: Unable to create requested service [org.hibernate.engine.jdbc.env.spi.JdbcEnvironment] due to: Unable to determine Dialect without JDBC metadata (please set 'jakarta.persistence.jdbc.url' for common cases or 'hibernate.dialect' when a custom Dialect implementation must be provided)
	at org.hibernate.service.internal.AbstractServiceRegistryImpl.createService(AbstractServiceRegistryImpl.java:273)
	at org.hibernate.service.internal.AbstractServiceRegistryImpl.initializeService(AbstractServiceRegistryImpl.java:235)
	at org.hibernate.service.internal.AbstractServiceRegistryImpl.getService(AbstractServiceRegistryImpl.java:212)
	at org.hibernate.boot.model.relational.Database.<init>(Database.java:44)
	at org.hibernate.boot.internal.InFlightMetadataCollectorImpl.getDatabase(InFlightMetadataCollectorImpl.java:251)
	at org.hibernate.boot.internal.InFlightMetadataCollectorImpl.<init>(InFlightMetadataCollectorImpl.java:203)
	at org.hibernate.boot.model.process.spi.MetadataBuildingProcess.complete(MetadataBuildingProcess.java:172)
	at org.hibernate.jpa.boot.internal.EntityManagerFactoryBuilderImpl.metadata(EntityManagerFactoryBuilderImpl.java:1392)
	at org.hibernate.jpa.boot.internal.EntityManagerFactoryBuilderImpl.populateSessionFactoryBuilder(EntityManagerFactoryBuilderImpl.java:1472)
	at org.hibernate.jpa.boot.internal.EntityManagerFactoryBuilderImpl.build(EntityManagerFactoryBuilderImpl.java:1454)
	at org.springframework.orm.jpa.vendor.SpringHibernateJpaPersistenceProvider.createContainerEntityManagerFactory(SpringHibernateJpaPersistenceProvider.java:93)
	at org.springframework.orm.jpa.LocalContainerEntityManagerFactoryBean.createNativeEntityManagerFactory(LocalContainerEntityManagerFactoryBean.java:443)
	at org.springframework.orm.jpa.AbstractEntityManagerFactoryBean.buildNativeEntityManagerFactory(AbstractEntityManagerFactoryBean.java:436)
	at org.springframework.orm.jpa.AbstractEntityManagerFactoryBean.afterPropertiesSet(AbstractEntityManagerFactoryBean.java:411)
	at org.springframework.orm.jpa.LocalContainerEntityManagerFactoryBean.afterPropertiesSet(LocalContainerEntityManagerFactoryBean.java:419)
	at org.springframework.beans.factory.support.AbstractAutowireCapableBeanFactory.invokeInitMethods(AbstractAutowireCapableBeanFactory.java:1864)
	at org.springframework.beans.factory.support.AbstractAutowireCapableBeanFactory.initializeBean(AbstractAutowireCapableBeanFactory.java:1813)
	... 108 more
Caused by: org.hibernate.HibernateException: Unable to determine Dialect without JDBC metadata (please set 'jakarta.persistence.jdbc.url' for common cases or 'hibernate.dialect' when a custom Dialect implementation must be provided)
	at org.hibernate.engine.jdbc.dialect.internal.DialectFactoryImpl.determineDialect(DialectFactoryImpl.java:190)
	at org.hibernate.engine.jdbc.dialect.internal.DialectFactoryImpl.buildDialect(DialectFactoryImpl.java:86)
	at org.hibernate.engine.jdbc.env.internal.JdbcEnvironmentInitiator.getJdbcEnvironmentWithDefaults(JdbcEnvironmentInitiator.java:200)
	at org.hibernate.engine.jdbc.env.internal.JdbcEnvironmentInitiator.getJdbcEnvironmentUsingJdbcMetadata(JdbcEnvironmentInitiator.java:452)
	at org.hibernate.engine.jdbc.env.internal.JdbcEnvironmentInitiator.getJdbcEnvironment(JdbcEnvironmentInitiator.java:143)
	at org.hibernate.engine.jdbc.env.internal.JdbcEnvironmentInitiator.initiateService(JdbcEnvironmentInitiator.java:120)
	at org.hibernate.engine.jdbc.env.internal.JdbcEnvironmentInitiator.initiateService(JdbcEnvironmentInitiator.java:80)
	at org.hibernate.boot.registry.internal.StandardServiceRegistryImpl.initiateService(StandardServiceRegistryImpl.java:133)
	at org.hibernate.service.internal.AbstractServiceRegistryImpl.createService(AbstractServiceRegistryImpl.java:260)
	... 124 more
2026-09-15 14:23:47.491 [main] INFO  com.demo.Docker.DockerApplication - Starting DockerApplication using Java 17.0.7 with PID 5020 (C:\Amit singh\Docker\Docker\target\classes started by Sai in C:\Amit singh\Docker\Docker)
2026-09-15 14:23:47.506 [main] INFO  com.demo.Docker.DockerApplication - No active profile set, falling back to 1 default profile: "default"
2026-09-15 14:23:47.957 [main] INFO  org.springframework.data.repository.config.RepositoryConfigurationDelegate - Bootstrapping Spring Data JPA repositories in DEFAULT mode.
2026-09-15 14:23:47.997 [main] INFO  org.springframework.data.repository.config.RepositoryConfigurationDelegate - Finished Spring Data repository scanning in 33 ms. Found 1 JPA repository interface.
2026-09-15 14:23:48.338 [main] INFO  org.springframework.boot.tomcat.TomcatWebServer - Tomcat initialized with port 9087 (http)
2026-09-15 14:23:48.352 [main] INFO  org.apache.coyote.http11.Http11NioProtocol - Initializing ProtocolHandler ["http-nio-9087"]
2026-09-15 14:23:48.354 [main] INFO  org.apache.catalina.core.StandardService - Starting service [Tomcat]
2026-09-15 14:23:48.355 [main] INFO  org.apache.catalina.core.StandardEngine - Starting Servlet engine: [Apache Tomcat/11.0.20]
2026-09-15 14:23:48.407 [main] INFO  org.springframework.boot.web.context.servlet.WebApplicationContextInitializer - Root WebApplicationContext: initialization completed in 868 ms
2026-09-15 14:23:48.629 [main] INFO  org.hibernate.orm.jpa - HHH008540: Processing PersistenceUnitInfo [name: default]
2026-09-15 14:23:48.695 [main] INFO  org.hibernate.orm.core - HHH000001: Hibernate ORM core version 7.2.7.Final
2026-09-15 14:23:49.096 [main] INFO  org.springframework.orm.jpa.persistenceunit.SpringPersistenceUnitInfo - No LoadTimeWeaver setup: ignoring JPA class transformer
2026-09-15 14:23:49.128 [main] INFO  com.zaxxer.hikari.HikariDataSource - HikariPool-1 - Starting...
2026-09-15 14:23:49.720 [main] INFO  com.zaxxer.hikari.pool.HikariPool - HikariPool-1 - Added connection oracle.jdbc.driver.T4CConnection@3a13f663
2026-09-15 14:23:49.721 [main] INFO  com.zaxxer.hikari.HikariDataSource - HikariPool-1 - Start completed.
2026-09-15 14:23:50.014 [main] WARN  org.hibernate.orm.jdbc - HHH100123: Low default JDBC fetch size: 10 (consider setting 'hibernate.jdbc.fetch_size')
2026-09-15 14:23:50.020 [main] INFO  org.hibernate.orm.connections.pooling - HHH10001005: Database info:
	Database JDBC URL [jdbc:oracle:thin:@//localhost:1521/orcl]
	Database driver: Oracle JDBC driver
	Database dialect: OracleDialect
	Database version: 21.3
	Default catalog/schema: undefined/C##MYAPP
	Autocommit mode: undefined/unknown
	Isolation level: READ_COMMITTED [default READ_COMMITTED]
	JDBC fetch size: 10
	Pool: DataSourceConnectionProvider
	Minimum pool size: undefined/unknown
	Maximum pool size: undefined/unknown
2026-09-15 14:23:50.806 [main] INFO  org.hibernate.orm.core - HHH000489: No JTA platform available (set 'hibernate.transaction.jta.platform' to enable JTA platform integration)
2026-09-15 14:23:51.065 [main] INFO  org.springframework.orm.jpa.LocalContainerEntityManagerFactoryBean - Initialized JPA EntityManagerFactory for persistence unit 'default'
2026-09-15 14:23:51.130 [main] INFO  org.springframework.data.jpa.repository.query.QueryEnhancerFactories - Hibernate is in classpath; If applicable, HQL parser will be used.
2026-09-15 14:23:51.360 [main] WARN  org.springframework.boot.jpa.autoconfigure.JpaBaseConfiguration$JpaWebConfiguration - spring.jpa.open-in-view is enabled by default. Therefore, database queries may be performed during view rendering. Explicitly configure spring.jpa.open-in-view to disable this warning
2026-09-15 14:23:51.626 [main] INFO  org.apache.coyote.http11.Http11NioProtocol - Starting ProtocolHandler ["http-nio-9087"]
2026-09-15 14:23:51.650 [main] INFO  org.springframework.boot.tomcat.TomcatWebServer - Tomcat started on port 9087 (http) with context path '/'
2026-09-15 14:23:51.656 [main] INFO  com.demo.Docker.DockerApplication - Started DockerApplication in 4.472 seconds (process running for 5.716)
2026-09-15 14:27:13.922 [RMI TCP Connection(7)-127.0.0.1] INFO  org.springframework.boot.admin.SpringApplicationAdminMXBeanRegistrar$SpringApplicationAdmin - Application shutdown requested.
2026-09-15 14:27:14.006 [RMI TCP Connection(7)-127.0.0.1] INFO  org.springframework.boot.tomcat.GracefulShutdown - Commencing graceful shutdown. Waiting for active requests to complete
2026-09-15 14:27:14.021 [tomcat-shutdown] INFO  org.apache.coyote.http11.Http11NioProtocol - Pausing ProtocolHandler ["http-nio-9087"]
2026-09-15 14:27:14.295 [tomcat-shutdown] INFO  org.springframework.boot.tomcat.GracefulShutdown - Graceful shutdown complete
2026-09-15 14:27:14.296 [RMI TCP Connection(7)-127.0.0.1] INFO  org.apache.coyote.http11.Http11NioProtocol - Stopping ProtocolHandler ["http-nio-9087"]
2026-09-15 14:27:14.307 [RMI TCP Connection(7)-127.0.0.1] INFO  org.springframework.orm.jpa.LocalContainerEntityManagerFactoryBean - Closing JPA EntityManagerFactory for persistence unit 'default'
2026-09-15 14:27:14.314 [RMI TCP Connection(7)-127.0.0.1] INFO  com.zaxxer.hikari.HikariDataSource - HikariPool-1 - Shutdown initiated...
2026-09-15 14:27:14.364 [RMI TCP Connection(7)-127.0.0.1] INFO  com.zaxxer.hikari.HikariDataSource - HikariPool-1 - Shutdown completed.
2026-09-15 14:27:45.171 [main] INFO  org.springframework.test.context.support.AnnotationConfigContextLoaderUtils - Could not detect default configuration classes for test class [com.demo.Docker.DockerApplicationTests]: DockerApplicationTests does not declare any static, non-private, non-final, nested classes annotated with @Configuration.
2026-09-15 14:27:45.287 [main] INFO  org.springframework.boot.test.context.SpringBootTestContextBootstrapper - Found @SpringBootConfiguration com.demo.Docker.DockerApplication for test class com.demo.Docker.DockerApplicationTests
2026-09-15 14:27:45.389 [main] INFO  org.springframework.test.context.support.AnnotationConfigContextLoaderUtils - Could not detect default configuration classes for test class [com.demo.Docker.DockerApplicationTests]: DockerApplicationTests does not declare any static, non-private, non-final, nested classes annotated with @Configuration.
2026-09-15 14:27:45.391 [main] INFO  org.springframework.boot.test.context.SpringBootTestContextBootstrapper - Found @SpringBootConfiguration com.demo.Docker.DockerApplication for test class com.demo.Docker.DockerApplicationTests
2026-09-15 14:27:45.761 [main] INFO  com.demo.Docker.DockerApplicationTests - Starting DockerApplicationTests using Java 17.0.7 with PID 23788 (started by Sai in C:\Amit singh\Docker\Docker)
2026-09-15 14:27:45.765 [main] INFO  com.demo.Docker.DockerApplicationTests - No active profile set, falling back to 1 default profile: "default"
2026-09-15 14:27:46.598 [main] INFO  org.springframework.data.repository.config.RepositoryConfigurationDelegate - Bootstrapping Spring Data JPA repositories in DEFAULT mode.
2026-09-15 14:27:46.669 [main] INFO  org.springframework.data.repository.config.RepositoryConfigurationDelegate - Finished Spring Data repository scanning in 57 ms. Found 1 JPA repository interface.
2026-09-15 14:27:47.390 [main] INFO  org.hibernate.orm.jpa - HHH008540: Processing PersistenceUnitInfo [name: default]
2026-09-15 14:27:47.476 [main] INFO  org.hibernate.orm.core - HHH000001: Hibernate ORM core version 7.2.7.Final
2026-09-15 14:27:48.189 [main] INFO  org.springframework.orm.jpa.persistenceunit.SpringPersistenceUnitInfo - No LoadTimeWeaver setup: ignoring JPA class transformer
2026-09-15 14:27:48.230 [main] INFO  com.zaxxer.hikari.HikariDataSource - HikariPool-1 - Starting...
2026-09-15 14:27:52.135 [main] WARN  org.hibernate.orm.jdbc.error - HHH000247: ErrorCode: 17868, SQLState: 22000
2026-09-15 14:27:52.135 [main] WARN  org.hibernate.orm.jdbc.error - ORA-17868: Unknown host specified.: No such host is known (oracle-db)
https://docs.oracle.com/error-help/db/ora-17868/
2026-09-15 14:27:52.136 [main] WARN  org.hibernate.orm.jdbc - HHH100046: Could not obtain connection to query JDBC database metadata
org.hibernate.exception.DataException: Unable to obtain isolated JDBC connection [ORA-17868: Unknown host specified.: No such host is known (oracle-db)
https://docs.oracle.com/error-help/db/ora-17868/] [n/a]
	at org.hibernate.exception.internal.SQLStateConversionDelegate.convert(SQLStateConversionDelegate.java:84)
	at org.hibernate.exception.internal.StandardSQLExceptionConverter.convert(StandardSQLExceptionConverter.java:34)
	at org.hibernate.engine.jdbc.spi.SqlExceptionHelper.convert(SqlExceptionHelper.java:115)
	at org.hibernate.engine.jdbc.spi.SqlExceptionHelper.convert(SqlExceptionHelper.java:101)
	at org.hibernate.resource.transaction.backend.jdbc.internal.JdbcIsolationDelegate.delegateWork(JdbcIsolationDelegate.java:51)
	at org.hibernate.engine.jdbc.env.internal.JdbcEnvironmentInitiator.getJdbcEnvironmentUsingJdbcMetadata(JdbcEnvironmentInitiator.java:366)
	at org.hibernate.engine.jdbc.env.internal.JdbcEnvironmentInitiator.getJdbcEnvironment(JdbcEnvironmentInitiator.java:143)
	at org.hibernate.engine.jdbc.env.internal.JdbcEnvironmentInitiator.initiateService(JdbcEnvironmentInitiator.java:120)
	at org.hibernate.engine.jdbc.env.internal.JdbcEnvironmentInitiator.initiateService(JdbcEnvironmentInitiator.java:80)
	at org.hibernate.boot.registry.internal.StandardServiceRegistryImpl.initiateService(StandardServiceRegistryImpl.java:133)
	at org.hibernate.service.internal.AbstractServiceRegistryImpl.createService(AbstractServiceRegistryImpl.java:260)
	at org.hibernate.service.internal.AbstractServiceRegistryImpl.initializeService(AbstractServiceRegistryImpl.java:235)
	at org.hibernate.service.internal.AbstractServiceRegistryImpl.getService(AbstractServiceRegistryImpl.java:212)
	at org.hibernate.boot.model.relational.Database.<init>(Database.java:44)
	at org.hibernate.boot.internal.InFlightMetadataCollectorImpl.getDatabase(InFlightMetadataCollectorImpl.java:251)
	at org.hibernate.boot.internal.InFlightMetadataCollectorImpl.<init>(InFlightMetadataCollectorImpl.java:203)
	at org.hibernate.boot.model.process.spi.MetadataBuildingProcess.complete(MetadataBuildingProcess.java:172)
	at org.hibernate.jpa.boot.internal.EntityManagerFactoryBuilderImpl.metadata(EntityManagerFactoryBuilderImpl.java:1392)
	at org.hibernate.jpa.boot.internal.EntityManagerFactoryBuilderImpl.populateSessionFactoryBuilder(EntityManagerFactoryBuilderImpl.java:1472)
	at org.hibernate.jpa.boot.internal.EntityManagerFactoryBuilderImpl.build(EntityManagerFactoryBuilderImpl.java:1454)
	at org.springframework.orm.jpa.vendor.SpringHibernateJpaPersistenceProvider.createContainerEntityManagerFactory(SpringHibernateJpaPersistenceProvider.java:93)
	at org.springframework.orm.jpa.LocalContainerEntityManagerFactoryBean.createNativeEntityManagerFactory(LocalContainerEntityManagerFactoryBean.java:443)
	at org.springframework.orm.jpa.AbstractEntityManagerFactoryBean.buildNativeEntityManagerFactory(AbstractEntityManagerFactoryBean.java:436)
	at org.springframework.orm.jpa.AbstractEntityManagerFactoryBean.afterPropertiesSet(AbstractEntityManagerFactoryBean.java:411)
	at org.springframework.orm.jpa.LocalContainerEntityManagerFactoryBean.afterPropertiesSet(LocalContainerEntityManagerFactoryBean.java:419)
	at org.springframework.beans.factory.support.AbstractAutowireCapableBeanFactory.invokeInitMethods(AbstractAutowireCapableBeanFactory.java:1864)
	at org.springframework.beans.factory.support.AbstractAutowireCapableBeanFactory.initializeBean(AbstractAutowireCapableBeanFactory.java:1813)
	at org.springframework.beans.factory.support.AbstractAutowireCapableBeanFactory.doCreateBean(AbstractAutowireCapableBeanFactory.java:603)
	at org.springframework.beans.factory.support.AbstractAutowireCapableBeanFactory.createBean(AbstractAutowireCapableBeanFactory.java:525)
	at org.springframework.beans.factory.support.AbstractBeanFactory.lambda$doGetBean$0(AbstractBeanFactory.java:333)
	at org.springframework.beans.factory.support.DefaultSingletonBeanRegistry.getSingleton(DefaultSingletonBeanRegistry.java:371)
	at org.springframework.beans.factory.support.AbstractBeanFactory.doGetBean(AbstractBeanFactory.java:331)
	at org.springframework.beans.factory.support.AbstractBeanFactory.getBean(AbstractBeanFactory.java:201)
	at org.springframework.context.support.AbstractApplicationContext.finishBeanFactoryInitialization(AbstractApplicationContext.java:977)
	at org.springframework.context.support.AbstractApplicationContext.refresh(AbstractApplicationContext.java:621)
	at org.springframework.boot.SpringApplication.refresh(SpringApplication.java:756)
	at org.springframework.boot.SpringApplication.refreshContext(SpringApplication.java:445)
	at org.springframework.boot.SpringApplication.run(SpringApplication.java:321)
	at org.springframework.boot.test.context.SpringBootContextLoader.lambda$loadContext$2(SpringBootContextLoader.java:155)
	at org.springframework.util.function.ThrowingSupplier.get(ThrowingSupplier.java:58)
	at org.springframework.util.function.ThrowingSupplier.get(ThrowingSupplier.java:46)
	at org.springframework.boot.SpringApplication.withHook(SpringApplication.java:1465)
	at org.springframework.boot.test.context.SpringBootContextLoader$ContextLoaderHook.run(SpringBootContextLoader.java:600)
	at org.springframework.boot.test.context.SpringBootContextLoader.loadContext(SpringBootContextLoader.java:155)
	at org.springframework.boot.test.context.SpringBootContextLoader.loadContext(SpringBootContextLoader.java:114)
	at org.springframework.test.context.cache.DefaultCacheAwareContextLoaderDelegate.loadContextInternal(DefaultCacheAwareContextLoaderDelegate.java:247)
	at org.springframework.test.context.cache.DefaultCacheAwareContextLoaderDelegate.lambda$loadContext$0(DefaultCacheAwareContextLoaderDelegate.java:167)
	at org.springframework.test.context.cache.DefaultContextCache.put(DefaultContextCache.java:214)
	at org.springframework.test.context.cache.DefaultCacheAwareContextLoaderDelegate.loadContext(DefaultCacheAwareContextLoaderDelegate.java:160)
	at org.springframework.test.context.support.DefaultTestContext.getApplicationContext(DefaultTestContext.java:128)
	at org.springframework.test.context.web.ServletTestExecutionListener.setUpRequestContextIfNecessary(ServletTestExecutionListener.java:200)
	at org.springframework.test.context.web.ServletTestExecutionListener.prepareTestInstance(ServletTestExecutionListener.java:139)
	at org.springframework.test.context.TestContextManager.prepareTestInstance(TestContextManager.java:260)
	at org.springframework.test.context.junit.jupiter.SpringExtension.postProcessTestInstance(SpringExtension.java:210)
	at org.junit.jupiter.engine.descriptor.ClassBasedTestDescriptor.lambda$invokeTestInstancePostProcessors$1(ClassBasedTestDescriptor.java:423)
	at org.junit.jupiter.engine.descriptor.ClassBasedTestDescriptor.executeAndMaskThrowable(ClassBasedTestDescriptor.java:428)
	at org.junit.jupiter.engine.descriptor.ClassBasedTestDescriptor.lambda$invokeTestInstancePostProcessors$0(ClassBasedTestDescriptor.java:422)
	at java.base/java.util.stream.ForEachOps$ForEachOp$OfRef.accept(ForEachOps.java:183)
	at java.base/java.util.stream.ReferencePipeline$3$1.accept(ReferencePipeline.java:197)
	at java.base/java.util.stream.ReferencePipeline$2$1.accept(ReferencePipeline.java:179)
	at java.base/java.util.stream.ReferencePipeline$3$1.accept(ReferencePipeline.java:197)
	at java.base/java.util.ArrayList$ArrayListSpliterator.forEachRemaining(ArrayList.java:1625)
	at java.base/java.util.stream.AbstractPipeline.copyInto(AbstractPipeline.java:509)
	at java.base/java.util.stream.AbstractPipeline.wrapAndCopyInto(AbstractPipeline.java:499)
	at java.base/java.util.stream.ForEachOps$ForEachOp.evaluateSequential(ForEachOps.java:150)
	at java.base/java.util.stream.ForEachOps$ForEachOp$OfRef.evaluateSequential(ForEachOps.java:173)
	at java.base/java.util.stream.AbstractPipeline.evaluate(AbstractPipeline.java:234)
	at java.base/java.util.stream.ReferencePipeline.forEach(ReferencePipeline.java:596)
	at org.junit.jupiter.engine.descriptor.ClassBasedTestDescriptor.invokeTestInstancePostProcessors(ClassBasedTestDescriptor.java:422)
	at org.junit.jupiter.engine.descriptor.ClassBasedTestDescriptor.lambda$instantiateAndPostProcessTestInstance$0(ClassBasedTestDescriptor.java:334)
	at org.junit.platform.engine.support.hierarchical.ThrowableCollector.execute(ThrowableCollector.java:74)
	at org.junit.jupiter.engine.descriptor.ClassBasedTestDescriptor.instantiateAndPostProcessTestInstance(ClassBasedTestDescriptor.java:333)
	at org.junit.jupiter.engine.descriptor.ClassBasedTestDescriptor.lambda$testInstancesProvider$1(ClassBasedTestDescriptor.java:322)
	at java.base/java.util.Optional.orElseGet(Optional.java:364)
	at org.junit.jupiter.engine.descriptor.ClassBasedTestDescriptor.lambda$testInstancesProvider$0(ClassBasedTestDescriptor.java:321)
	at org.junit.jupiter.engine.execution.TestInstancesProvider.getTestInstances(TestInstancesProvider.java:27)
	at org.junit.jupiter.engine.descriptor.TestMethodTestDescriptor.lambda$prepare$0(TestMethodTestDescriptor.java:127)
	at org.junit.platform.engine.support.hierarchical.ThrowableCollector.execute(ThrowableCollector.java:74)
	at org.junit.jupiter.engine.descriptor.TestMethodTestDescriptor.prepare(TestMethodTestDescriptor.java:126)
	at org.junit.jupiter.engine.descriptor.TestMethodTestDescriptor.prepare(TestMethodTestDescriptor.java:70)
	at org.junit.platform.engine.support.hierarchical.NodeTestTask.lambda$prepare$0(NodeTestTask.java:144)
	at org.junit.platform.engine.support.hierarchical.ThrowableCollector.execute(ThrowableCollector.java:74)
	at org.junit.platform.engine.support.hierarchical.NodeTestTask.prepare(NodeTestTask.java:144)
	at org.junit.platform.engine.support.hierarchical.NodeTestTask.execute(NodeTestTask.java:110)
	at java.base/java.util.ArrayList.forEach(ArrayList.java:1511)
	at org.junit.platform.engine.support.hierarchical.SameThreadHierarchicalTestExecutorService.invokeAll(SameThreadHierarchicalTestExecutorService.java:42)
	at org.junit.platform.engine.support.hierarchical.NodeTestTask.lambda$executeRecursively$2(NodeTestTask.java:180)
	at org.junit.platform.engine.support.hierarchical.ThrowableCollector.execute(ThrowableCollector.java:74)
	at org.junit.platform.engine.support.hierarchical.NodeTestTask.lambda$executeRecursively$1(NodeTestTask.java:166)
	at org.junit.platform.engine.support.hierarchical.Node.around(Node.java:138)
	at org.junit.platform.engine.support.hierarchical.NodeTestTask.lambda$executeRecursively$0(NodeTestTask.java:164)
	at org.junit.platform.engine.support.hierarchical.ThrowableCollector.execute(ThrowableCollector.java:74)
	at org.junit.platform.engine.support.hierarchical.NodeTestTask.executeRecursively(NodeTestTask.java:163)
	at org.junit.platform.engine.support.hierarchical.NodeTestTask.execute(NodeTestTask.java:116)
	at java.base/java.util.ArrayList.forEach(ArrayList.java:1511)
	at org.junit.platform.engine.support.hierarchical.SameThreadHierarchicalTestExecutorService.invokeAll(SameThreadHierarchicalTestExecutorService.java:42)
	at org.junit.platform.engine.support.hierarchical.NodeTestTask.lambda$executeRecursively$2(NodeTestTask.java:180)
	at org.junit.platform.engine.support.hierarchical.ThrowableCollector.execute(ThrowableCollector.java:74)
	at org.junit.platform.engine.support.hierarchical.NodeTestTask.lambda$executeRecursively$1(NodeTestTask.java:166)
	at org.junit.platform.engine.support.hierarchical.Node.around(Node.java:138)
	at org.junit.platform.engine.support.hierarchical.NodeTestTask.lambda$executeRecursively$0(NodeTestTask.java:164)
	at org.junit.platform.engine.support.hierarchical.ThrowableCollector.execute(ThrowableCollector.java:74)
	at org.junit.platform.engine.support.hierarchical.NodeTestTask.executeRecursively(NodeTestTask.java:163)
	at org.junit.platform.engine.support.hierarchical.NodeTestTask.execute(NodeTestTask.java:116)
	at org.junit.platform.engine.support.hierarchical.SameThreadHierarchicalTestExecutorService.submit(SameThreadHierarchicalTestExecutorService.java:36)
	at org.junit.platform.engine.support.hierarchical.HierarchicalTestExecutor.execute(HierarchicalTestExecutor.java:52)
	at org.junit.platform.engine.support.hierarchical.HierarchicalTestEngine.execute(HierarchicalTestEngine.java:58)
	at org.junit.platform.launcher.core.EngineExecutionOrchestrator.executeEngine(EngineExecutionOrchestrator.java:246)
	at org.junit.platform.launcher.core.EngineExecutionOrchestrator.failOrExecuteEngine(EngineExecutionOrchestrator.java:218)
	at org.junit.platform.launcher.core.EngineExecutionOrchestrator.execute(EngineExecutionOrchestrator.java:179)
	at org.junit.platform.launcher.core.EngineExecutionOrchestrator.execute(EngineExecutionOrchestrator.java:108)
	at org.junit.platform.launcher.core.EngineExecutionOrchestrator.lambda$execute$0(EngineExecutionOrchestrator.java:66)
	at org.junit.platform.launcher.core.EngineExecutionOrchestrator.withInterceptedStreams(EngineExecutionOrchestrator.java:157)
	at org.junit.platform.launcher.core.EngineExecutionOrchestrator.execute(EngineExecutionOrchestrator.java:65)
	at org.junit.platform.launcher.core.DefaultLauncher.execute(DefaultLauncher.java:125)
	at org.junit.platform.launcher.core.DefaultLauncher.execute(DefaultLauncher.java:114)
	at org.junit.platform.launcher.core.DelegatingLauncher.execute(DelegatingLauncher.java:58)
	at org.junit.platform.launcher.core.InterceptingLauncher.lambda$execute$2(InterceptingLauncher.java:57)
	at org.junit.platform.launcher.core.ClasspathAlignmentCheckingLauncherInterceptor.intercept(ClasspathAlignmentCheckingLauncherInterceptor.java:25)
	at org.junit.platform.launcher.core.InterceptingLauncher.execute(InterceptingLauncher.java:56)
	at org.junit.platform.launcher.core.DelegatingLauncher.execute(DelegatingLauncher.java:58)
	at java.base/jdk.internal.reflect.NativeMethodAccessorImpl.invoke0(Native Method)
	at java.base/jdk.internal.reflect.NativeMethodAccessorImpl.invoke(NativeMethodAccessorImpl.java:77)
	at java.base/jdk.internal.reflect.DelegatingMethodAccessorImpl.invoke(DelegatingMethodAccessorImpl.java:43)
	at java.base/java.lang.reflect.Method.invoke(Method.java:568)
	at org.apache.maven.surefire.api.util.ReflectionUtils.invokeMethodWithArray(ReflectionUtils.java:125)
	at org.apache.maven.surefire.junitplatform.LauncherAdapter.executeWithCancellationToken(LauncherAdapter.java:68)
	at org.apache.maven.surefire.junitplatform.LauncherAdapter.execute(LauncherAdapter.java:54)
	at org.apache.maven.surefire.junitplatform.JUnitPlatformProvider.execute(JUnitPlatformProvider.java:203)
	at org.apache.maven.surefire.junitplatform.JUnitPlatformProvider.invokeAllTests(JUnitPlatformProvider.java:168)
	at org.apache.maven.surefire.junitplatform.JUnitPlatformProvider.invoke(JUnitPlatformProvider.java:136)
	at org.apache.maven.surefire.booter.ForkedBooter.runSuitesInProcess(ForkedBooter.java:385)
	at org.apache.maven.surefire.booter.ForkedBooter.execute(ForkedBooter.java:162)
	at org.apache.maven.surefire.booter.ForkedBooter.run(ForkedBooter.java:507)
	at org.apache.maven.surefire.booter.ForkedBooter.main(ForkedBooter.java:495)
Caused by: java.sql.SQLException: ORA-17868: Unknown host specified.: No such host is known (oracle-db)
https://docs.oracle.com/error-help/db/ora-17868/
	at oracle.jdbc.driver.T4CConnection.handleLogonNetException(T4CConnection.java:1912)
	at oracle.jdbc.driver.T4CConnection.logon(T4CConnection.java:1228)
	at oracle.jdbc.driver.PhysicalConnection.connect(PhysicalConnection.java:1210)
	at oracle.jdbc.driver.T4CDriverExtension.getConnection(T4CDriverExtension.java:106)
	at oracle.jdbc.driver.OracleDriver.connect(OracleDriver.java:887)
	at oracle.jdbc.driver.OracleDriver.connect(OracleDriver.java:694)
	at com.zaxxer.hikari.util.DriverDataSource.getConnection(DriverDataSource.java:144)
	at com.zaxxer.hikari.pool.PoolBase.newConnection(PoolBase.java:373)
	at com.zaxxer.hikari.pool.PoolBase.newPoolEntry(PoolBase.java:210)
	at com.zaxxer.hikari.pool.HikariPool.createPoolEntry(HikariPool.java:488)
	at com.zaxxer.hikari.pool.HikariPool.checkFailFast(HikariPool.java:576)
	at com.zaxxer.hikari.pool.HikariPool.<init>(HikariPool.java:97)
	at com.zaxxer.hikari.HikariDataSource.getConnection(HikariDataSource.java:111)
	at org.hibernate.engine.jdbc.connections.internal.DataSourceConnectionProvider.getConnection(DataSourceConnectionProvider.java:137)
	at org.hibernate.engine.jdbc.env.internal.JdbcEnvironmentInitiator$ConnectionProviderJdbcConnectionAccess.obtainConnection(JdbcEnvironmentInitiator.java:508)
	at org.hibernate.resource.transaction.backend.jdbc.internal.JdbcIsolationDelegate.delegateWork(JdbcIsolationDelegate.java:48)
	... 130 more
Caused by: oracle.net.ns.NetException: ORA-17868: Unknown host specified.: No such host is known (oracle-db)
https://docs.oracle.com/error-help/db/ora-17868/
	at oracle.net.resolver.AddrResolution.resolveAddrTree(AddrResolution.java:1175)
	at oracle.net.resolver.AddrResolution.resolveTNSAddress(AddrResolution.java:954)
	at oracle.net.resolver.AddrResolution.initConnStrategy(AddrResolution.java:649)
	at oracle.net.resolver.AddrResolution.<init>(AddrResolution.java:464)
	at oracle.net.ns.NSProtocol.<init>(NSProtocol.java:260)
	at oracle.net.ns.NSProtocolNIO.<init>(NSProtocolNIO.java:162)
	at oracle.jdbc.driver.T4CConnection.logon(T4CConnection.java:1080)
	... 144 more
Caused by: java.net.UnknownHostException: No such host is known (oracle-db)
	at java.base/java.net.Inet6AddressImpl.lookupAllHostAddr(Native Method)
	at java.base/java.net.InetAddress$PlatformNameService.lookupAllHostAddr(InetAddress.java:933)
	at java.base/java.net.InetAddress.getAddressesFromNameService(InetAddress.java:1543)
	at java.base/java.net.InetAddress$NameServiceAddresses.get(InetAddress.java:852)
	at java.base/java.net.InetAddress.getAllByName0(InetAddress.java:1532)
	at java.base/java.net.InetAddress.getAllByName(InetAddress.java:1384)
	at java.base/java.net.InetAddress.getAllByName(InetAddress.java:1305)
	at oracle.net.resolver.InetAddressResolver.resolveInetSocketAddresses(InetAddressResolver.java:89)
	at oracle.net.resolver.AddrResolution.resolveConnOptions(AddrResolution.java:1212)
	at oracle.net.resolver.AddrResolution.resolveAddrTree(AddrResolution.java:1152)
	... 150 more
2026-09-15 14:27:52.142 [main] ERROR org.springframework.orm.jpa.LocalContainerEntityManagerFactoryBean - Failed to initialize JPA EntityManagerFactory: Unable to create requested service [org.hibernate.engine.jdbc.env.spi.JdbcEnvironment] due to: Unable to determine Dialect without JDBC metadata (please set 'jakarta.persistence.jdbc.url' for common cases or 'hibernate.dialect' when a custom Dialect implementation must be provided)
2026-09-15 14:27:52.142 [main] WARN  org.springframework.web.context.support.GenericWebApplicationContext - Exception encountered during context initialization - cancelling refresh attempt: org.springframework.beans.factory.BeanCreationException: Error creating bean with name 'entityManagerFactory' defined in class path resource [org/springframework/boot/hibernate/autoconfigure/HibernateJpaConfiguration.class]: Unable to create requested service [org.hibernate.engine.jdbc.env.spi.JdbcEnvironment] due to: Unable to determine Dialect without JDBC metadata (please set 'jakarta.persistence.jdbc.url' for common cases or 'hibernate.dialect' when a custom Dialect implementation must be provided)
2026-09-15 14:27:52.155 [main] INFO  org.springframework.boot.autoconfigure.logging.ConditionEvaluationReportLogger - 

Error starting ApplicationContext. To display the condition evaluation report re-run your application with 'debug' enabled.
2026-09-15 14:27:52.166 [main] ERROR org.springframework.boot.SpringApplication - Application run failed
org.springframework.beans.factory.BeanCreationException: Error creating bean with name 'entityManagerFactory' defined in class path resource [org/springframework/boot/hibernate/autoconfigure/HibernateJpaConfiguration.class]: Unable to create requested service [org.hibernate.engine.jdbc.env.spi.JdbcEnvironment] due to: Unable to determine Dialect without JDBC metadata (please set 'jakarta.persistence.jdbc.url' for common cases or 'hibernate.dialect' when a custom Dialect implementation must be provided)
	at org.springframework.beans.factory.support.AbstractAutowireCapableBeanFactory.initializeBean(AbstractAutowireCapableBeanFactory.java:1817)
	at org.springframework.beans.factory.support.AbstractAutowireCapableBeanFactory.doCreateBean(AbstractAutowireCapableBeanFactory.java:603)
	at org.springframework.beans.factory.support.AbstractAutowireCapableBeanFactory.createBean(AbstractAutowireCapableBeanFactory.java:525)
	at org.springframework.beans.factory.support.AbstractBeanFactory.lambda$doGetBean$0(AbstractBeanFactory.java:333)
	at org.springframework.beans.factory.support.DefaultSingletonBeanRegistry.getSingleton(DefaultSingletonBeanRegistry.java:371)
	at org.springframework.beans.factory.support.AbstractBeanFactory.doGetBean(AbstractBeanFactory.java:331)
	at org.springframework.beans.factory.support.AbstractBeanFactory.getBean(AbstractBeanFactory.java:201)
	at org.springframework.context.support.AbstractApplicationContext.finishBeanFactoryInitialization(AbstractApplicationContext.java:977)
	at org.springframework.context.support.AbstractApplicationContext.refresh(AbstractApplicationContext.java:621)
	at org.springframework.boot.SpringApplication.refresh(SpringApplication.java:756)
	at org.springframework.boot.SpringApplication.refreshContext(SpringApplication.java:445)
	at org.springframework.boot.SpringApplication.run(SpringApplication.java:321)
	at org.springframework.boot.test.context.SpringBootContextLoader.lambda$loadContext$2(SpringBootContextLoader.java:155)
	at org.springframework.util.function.ThrowingSupplier.get(ThrowingSupplier.java:58)
	at org.springframework.util.function.ThrowingSupplier.get(ThrowingSupplier.java:46)
	at org.springframework.boot.SpringApplication.withHook(SpringApplication.java:1465)
	at org.springframework.boot.test.context.SpringBootContextLoader$ContextLoaderHook.run(SpringBootContextLoader.java:600)
	at org.springframework.boot.test.context.SpringBootContextLoader.loadContext(SpringBootContextLoader.java:155)
	at org.springframework.boot.test.context.SpringBootContextLoader.loadContext(SpringBootContextLoader.java:114)
	at org.springframework.test.context.cache.DefaultCacheAwareContextLoaderDelegate.loadContextInternal(DefaultCacheAwareContextLoaderDelegate.java:247)
	at org.springframework.test.context.cache.DefaultCacheAwareContextLoaderDelegate.lambda$loadContext$0(DefaultCacheAwareContextLoaderDelegate.java:167)
	at org.springframework.test.context.cache.DefaultContextCache.put(DefaultContextCache.java:214)
	at org.springframework.test.context.cache.DefaultCacheAwareContextLoaderDelegate.loadContext(DefaultCacheAwareContextLoaderDelegate.java:160)
	at org.springframework.test.context.support.DefaultTestContext.getApplicationContext(DefaultTestContext.java:128)
	at org.springframework.test.context.web.ServletTestExecutionListener.setUpRequestContextIfNecessary(ServletTestExecutionListener.java:200)
	at org.springframework.test.context.web.ServletTestExecutionListener.prepareTestInstance(ServletTestExecutionListener.java:139)
	at org.springframework.test.context.TestContextManager.prepareTestInstance(TestContextManager.java:260)
	at org.springframework.test.context.junit.jupiter.SpringExtension.postProcessTestInstance(SpringExtension.java:210)
	at org.junit.jupiter.engine.descriptor.ClassBasedTestDescriptor.lambda$invokeTestInstancePostProcessors$1(ClassBasedTestDescriptor.java:423)
	at org.junit.jupiter.engine.descriptor.ClassBasedTestDescriptor.executeAndMaskThrowable(ClassBasedTestDescriptor.java:428)
	at org.junit.jupiter.engine.descriptor.ClassBasedTestDescriptor.lambda$invokeTestInstancePostProcessors$0(ClassBasedTestDescriptor.java:422)
	at java.base/java.util.stream.ForEachOps$ForEachOp$OfRef.accept(ForEachOps.java:183)
	at java.base/java.util.stream.ReferencePipeline$3$1.accept(ReferencePipeline.java:197)
	at java.base/java.util.stream.ReferencePipeline$2$1.accept(ReferencePipeline.java:179)
	at java.base/java.util.stream.ReferencePipeline$3$1.accept(ReferencePipeline.java:197)
	at java.base/java.util.ArrayList$ArrayListSpliterator.forEachRemaining(ArrayList.java:1625)
	at java.base/java.util.stream.AbstractPipeline.copyInto(AbstractPipeline.java:509)
	at java.base/java.util.stream.AbstractPipeline.wrapAndCopyInto(AbstractPipeline.java:499)
	at java.base/java.util.stream.ForEachOps$ForEachOp.evaluateSequential(ForEachOps.java:150)
	at java.base/java.util.stream.ForEachOps$ForEachOp$OfRef.evaluateSequential(ForEachOps.java:173)
	at java.base/java.util.stream.AbstractPipeline.evaluate(AbstractPipeline.java:234)
	at java.base/java.util.stream.ReferencePipeline.forEach(ReferencePipeline.java:596)
	at org.junit.jupiter.engine.descriptor.ClassBasedTestDescriptor.invokeTestInstancePostProcessors(ClassBasedTestDescriptor.java:422)
	at org.junit.jupiter.engine.descriptor.ClassBasedTestDescriptor.lambda$instantiateAndPostProcessTestInstance$0(ClassBasedTestDescriptor.java:334)
	at org.junit.platform.engine.support.hierarchical.ThrowableCollector.execute(ThrowableCollector.java:74)
	at org.junit.jupiter.engine.descriptor.ClassBasedTestDescriptor.instantiateAndPostProcessTestInstance(ClassBasedTestDescriptor.java:333)
	at org.junit.jupiter.engine.descriptor.ClassBasedTestDescriptor.lambda$testInstancesProvider$1(ClassBasedTestDescriptor.java:322)
	at java.base/java.util.Optional.orElseGet(Optional.java:364)
	at org.junit.jupiter.engine.descriptor.ClassBasedTestDescriptor.lambda$testInstancesProvider$0(ClassBasedTestDescriptor.java:321)
	at org.junit.jupiter.engine.execution.TestInstancesProvider.getTestInstances(TestInstancesProvider.java:27)
	at org.junit.jupiter.engine.descriptor.TestMethodTestDescriptor.lambda$prepare$0(TestMethodTestDescriptor.java:127)
	at org.junit.platform.engine.support.hierarchical.ThrowableCollector.execute(ThrowableCollector.java:74)
	at org.junit.jupiter.engine.descriptor.TestMethodTestDescriptor.prepare(TestMethodTestDescriptor.java:126)
	at org.junit.jupiter.engine.descriptor.TestMethodTestDescriptor.prepare(TestMethodTestDescriptor.java:70)
	at org.junit.platform.engine.support.hierarchical.NodeTestTask.lambda$prepare$0(NodeTestTask.java:144)
	at org.junit.platform.engine.support.hierarchical.ThrowableCollector.execute(ThrowableCollector.java:74)
	at org.junit.platform.engine.support.hierarchical.NodeTestTask.prepare(NodeTestTask.java:144)
	at org.junit.platform.engine.support.hierarchical.NodeTestTask.execute(NodeTestTask.java:110)
	at java.base/java.util.ArrayList.forEach(ArrayList.java:1511)
	at org.junit.platform.engine.support.hierarchical.SameThreadHierarchicalTestExecutorService.invokeAll(SameThreadHierarchicalTestExecutorService.java:42)
	at org.junit.platform.engine.support.hierarchical.NodeTestTask.lambda$executeRecursively$2(NodeTestTask.java:180)
	at org.junit.platform.engine.support.hierarchical.ThrowableCollector.execute(ThrowableCollector.java:74)
	at org.junit.platform.engine.support.hierarchical.NodeTestTask.lambda$executeRecursively$1(NodeTestTask.java:166)
	at org.junit.platform.engine.support.hierarchical.Node.around(Node.java:138)
	at org.junit.platform.engine.support.hierarchical.NodeTestTask.lambda$executeRecursively$0(NodeTestTask.java:164)
	at org.junit.platform.engine.support.hierarchical.ThrowableCollector.execute(ThrowableCollector.java:74)
	at org.junit.platform.engine.support.hierarchical.NodeTestTask.executeRecursively(NodeTestTask.java:163)
	at org.junit.platform.engine.support.hierarchical.NodeTestTask.execute(NodeTestTask.java:116)
	at java.base/java.util.ArrayList.forEach(ArrayList.java:1511)
	at org.junit.platform.engine.support.hierarchical.SameThreadHierarchicalTestExecutorService.invokeAll(SameThreadHierarchicalTestExecutorService.java:42)
	at org.junit.platform.engine.support.hierarchical.NodeTestTask.lambda$executeRecursively$2(NodeTestTask.java:180)
	at org.junit.platform.engine.support.hierarchical.ThrowableCollector.execute(ThrowableCollector.java:74)
	at org.junit.platform.engine.support.hierarchical.NodeTestTask.lambda$executeRecursively$1(NodeTestTask.java:166)
	at org.junit.platform.engine.support.hierarchical.Node.around(Node.java:138)
	at org.junit.platform.engine.support.hierarchical.NodeTestTask.lambda$executeRecursively$0(NodeTestTask.java:164)
	at org.junit.platform.engine.support.hierarchical.ThrowableCollector.execute(ThrowableCollector.java:74)
	at org.junit.platform.engine.support.hierarchical.NodeTestTask.executeRecursively(NodeTestTask.java:163)
	at org.junit.platform.engine.support.hierarchical.NodeTestTask.execute(NodeTestTask.java:116)
	at org.junit.platform.engine.support.hierarchical.SameThreadHierarchicalTestExecutorService.submit(SameThreadHierarchicalTestExecutorService.java:36)
	at org.junit.platform.engine.support.hierarchical.HierarchicalTestExecutor.execute(HierarchicalTestExecutor.java:52)
	at org.junit.platform.engine.support.hierarchical.HierarchicalTestEngine.execute(HierarchicalTestEngine.java:58)
	at org.junit.platform.launcher.core.EngineExecutionOrchestrator.executeEngine(EngineExecutionOrchestrator.java:246)
	at org.junit.platform.launcher.core.EngineExecutionOrchestrator.failOrExecuteEngine(EngineExecutionOrchestrator.java:218)
	at org.junit.platform.launcher.core.EngineExecutionOrchestrator.execute(EngineExecutionOrchestrator.java:179)
	at org.junit.platform.launcher.core.EngineExecutionOrchestrator.execute(EngineExecutionOrchestrator.java:108)
	at org.junit.platform.launcher.core.EngineExecutionOrchestrator.lambda$execute$0(EngineExecutionOrchestrator.java:66)
	at org.junit.platform.launcher.core.EngineExecutionOrchestrator.withInterceptedStreams(EngineExecutionOrchestrator.java:157)
	at org.junit.platform.launcher.core.EngineExecutionOrchestrator.execute(EngineExecutionOrchestrator.java:65)
	at org.junit.platform.launcher.core.DefaultLauncher.execute(DefaultLauncher.java:125)
	at org.junit.platform.launcher.core.DefaultLauncher.execute(DefaultLauncher.java:114)
	at org.junit.platform.launcher.core.DelegatingLauncher.execute(DelegatingLauncher.java:58)
	at org.junit.platform.launcher.core.InterceptingLauncher.lambda$execute$2(InterceptingLauncher.java:57)
	at org.junit.platform.launcher.core.ClasspathAlignmentCheckingLauncherInterceptor.intercept(ClasspathAlignmentCheckingLauncherInterceptor.java:25)
	at org.junit.platform.launcher.core.InterceptingLauncher.execute(InterceptingLauncher.java:56)
	at org.junit.platform.launcher.core.DelegatingLauncher.execute(DelegatingLauncher.java:58)
	at java.base/jdk.internal.reflect.NativeMethodAccessorImpl.invoke0(Native Method)
	at java.base/jdk.internal.reflect.NativeMethodAccessorImpl.invoke(NativeMethodAccessorImpl.java:77)
	at java.base/jdk.internal.reflect.DelegatingMethodAccessorImpl.invoke(DelegatingMethodAccessorImpl.java:43)
	at java.base/java.lang.reflect.Method.invoke(Method.java:568)
	at org.apache.maven.surefire.api.util.ReflectionUtils.invokeMethodWithArray(ReflectionUtils.java:125)
	at org.apache.maven.surefire.junitplatform.LauncherAdapter.executeWithCancellationToken(LauncherAdapter.java:68)
	at org.apache.maven.surefire.junitplatform.LauncherAdapter.execute(LauncherAdapter.java:54)
	at org.apache.maven.surefire.junitplatform.JUnitPlatformProvider.execute(JUnitPlatformProvider.java:203)
	at org.apache.maven.surefire.junitplatform.JUnitPlatformProvider.invokeAllTests(JUnitPlatformProvider.java:168)
	at org.apache.maven.surefire.junitplatform.JUnitPlatformProvider.invoke(JUnitPlatformProvider.java:136)
	at org.apache.maven.surefire.booter.ForkedBooter.runSuitesInProcess(ForkedBooter.java:385)
	at org.apache.maven.surefire.booter.ForkedBooter.execute(ForkedBooter.java:162)
	at org.apache.maven.surefire.booter.ForkedBooter.run(ForkedBooter.java:507)
	at org.apache.maven.surefire.booter.ForkedBooter.main(ForkedBooter.java:495)
Caused by: org.hibernate.service.spi.ServiceException: Unable to create requested service [org.hibernate.engine.jdbc.env.spi.JdbcEnvironment] due to: Unable to determine Dialect without JDBC metadata (please set 'jakarta.persistence.jdbc.url' for common cases or 'hibernate.dialect' when a custom Dialect implementation must be provided)
	at org.hibernate.service.internal.AbstractServiceRegistryImpl.createService(AbstractServiceRegistryImpl.java:273)
	at org.hibernate.service.internal.AbstractServiceRegistryImpl.initializeService(AbstractServiceRegistryImpl.java:235)
	at org.hibernate.service.internal.AbstractServiceRegistryImpl.getService(AbstractServiceRegistryImpl.java:212)
	at org.hibernate.boot.model.relational.Database.<init>(Database.java:44)
	at org.hibernate.boot.internal.InFlightMetadataCollectorImpl.getDatabase(InFlightMetadataCollectorImpl.java:251)
	at org.hibernate.boot.internal.InFlightMetadataCollectorImpl.<init>(InFlightMetadataCollectorImpl.java:203)
	at org.hibernate.boot.model.process.spi.MetadataBuildingProcess.complete(MetadataBuildingProcess.java:172)
	at org.hibernate.jpa.boot.internal.EntityManagerFactoryBuilderImpl.metadata(EntityManagerFactoryBuilderImpl.java:1392)
	at org.hibernate.jpa.boot.internal.EntityManagerFactoryBuilderImpl.populateSessionFactoryBuilder(EntityManagerFactoryBuilderImpl.java:1472)
	at org.hibernate.jpa.boot.internal.EntityManagerFactoryBuilderImpl.build(EntityManagerFactoryBuilderImpl.java:1454)
	at org.springframework.orm.jpa.vendor.SpringHibernateJpaPersistenceProvider.createContainerEntityManagerFactory(SpringHibernateJpaPersistenceProvider.java:93)
	at org.springframework.orm.jpa.LocalContainerEntityManagerFactoryBean.createNativeEntityManagerFactory(LocalContainerEntityManagerFactoryBean.java:443)
	at org.springframework.orm.jpa.AbstractEntityManagerFactoryBean.buildNativeEntityManagerFactory(AbstractEntityManagerFactoryBean.java:436)
	at org.springframework.orm.jpa.AbstractEntityManagerFactoryBean.afterPropertiesSet(AbstractEntityManagerFactoryBean.java:411)
	at org.springframework.orm.jpa.LocalContainerEntityManagerFactoryBean.afterPropertiesSet(LocalContainerEntityManagerFactoryBean.java:419)
	at org.springframework.beans.factory.support.AbstractAutowireCapableBeanFactory.invokeInitMethods(AbstractAutowireCapableBeanFactory.java:1864)
	at org.springframework.beans.factory.support.AbstractAutowireCapableBeanFactory.initializeBean(AbstractAutowireCapableBeanFactory.java:1813)
	... 108 more
Caused by: org.hibernate.HibernateException: Unable to determine Dialect without JDBC metadata (please set 'jakarta.persistence.jdbc.url' for common cases or 'hibernate.dialect' when a custom Dialect implementation must be provided)
	at org.hibernate.engine.jdbc.dialect.internal.DialectFactoryImpl.determineDialect(DialectFactoryImpl.java:190)
	at org.hibernate.engine.jdbc.dialect.internal.DialectFactoryImpl.buildDialect(DialectFactoryImpl.java:86)
	at org.hibernate.engine.jdbc.env.internal.JdbcEnvironmentInitiator.getJdbcEnvironmentWithDefaults(JdbcEnvironmentInitiator.java:200)
	at org.hibernate.engine.jdbc.env.internal.JdbcEnvironmentInitiator.getJdbcEnvironmentUsingJdbcMetadata(JdbcEnvironmentInitiator.java:452)
	at org.hibernate.engine.jdbc.env.internal.JdbcEnvironmentInitiator.getJdbcEnvironment(JdbcEnvironmentInitiator.java:143)
	at org.hibernate.engine.jdbc.env.internal.JdbcEnvironmentInitiator.initiateService(JdbcEnvironmentInitiator.java:120)
	at org.hibernate.engine.jdbc.env.internal.JdbcEnvironmentInitiator.initiateService(JdbcEnvironmentInitiator.java:80)
	at org.hibernate.boot.registry.internal.StandardServiceRegistryImpl.initiateService(StandardServiceRegistryImpl.java:133)
	at org.hibernate.service.internal.AbstractServiceRegistryImpl.createService(AbstractServiceRegistryImpl.java:260)
	... 124 more
2026-09-15 14:27:52.173 [main] WARN  org.springframework.test.context.TestContextManager - Caught exception while allowing TestExecutionListener [org.springframework.test.context.web.ServletTestExecutionListener] to prepare test instance [com.demo.Docker.DockerApplicationTests@526fc044]
java.lang.IllegalStateException: Failed to load ApplicationContext for [WebMergedContextConfiguration@58ad0586 testClass = com.demo.Docker.DockerApplicationTests, locations = [], classes = [com.demo.Docker.DockerApplication], contextInitializerClasses = [], activeProfiles = [], propertySourceDescriptors = [], propertySourceProperties = ["org.springframework.boot.test.context.SpringBootTestContextBootstrapper=true"], contextCustomizers = [org.springframework.boot.test.context.PropertyMappingContextCustomizer@0, org.springframework.boot.test.context.filter.ExcludeFilterContextCustomizer@40d10481, org.springframework.boot.test.json.DuplicateJsonObjectContextCustomizerFactory$DuplicateJsonObjectContextCustomizer@1dcca8d3, org.springframework.boot.test.autoconfigure.OnFailureConditionReportContextCustomizerFactory$OnFailureConditionReportContextCustomizer@6124287a, org.springframework.test.context.support.DynamicPropertiesContextCustomizer@0, org.springframework.boot.webmvc.test.autoconfigure.WebDriverContextCustomizer@7e7f0f0a, org.springframework.boot.web.server.context.SpringBootTestRandomPortContextCustomizer@656d10a4, org.springframework.boot.test.context.SpringBootTestAnnotation@c573e310], resourceBasePath = "src/main/webapp", contextLoader = org.springframework.boot.test.context.SpringBootContextLoader, parent = null]
	at org.springframework.test.context.cache.DefaultCacheAwareContextLoaderDelegate.lambda$loadContext$0(DefaultCacheAwareContextLoaderDelegate.java:195)
	at org.springframework.test.context.cache.DefaultContextCache.put(DefaultContextCache.java:214)
	at org.springframework.test.context.cache.DefaultCacheAwareContextLoaderDelegate.loadContext(DefaultCacheAwareContextLoaderDelegate.java:160)
	at org.springframework.test.context.support.DefaultTestContext.getApplicationContext(DefaultTestContext.java:128)
	at org.springframework.test.context.web.ServletTestExecutionListener.setUpRequestContextIfNecessary(ServletTestExecutionListener.java:200)
	at org.springframework.test.context.web.ServletTestExecutionListener.prepareTestInstance(ServletTestExecutionListener.java:139)
	at org.springframework.test.context.TestContextManager.prepareTestInstance(TestContextManager.java:260)
	at org.springframework.test.context.junit.jupiter.SpringExtension.postProcessTestInstance(SpringExtension.java:210)
	at org.junit.jupiter.engine.descriptor.ClassBasedTestDescriptor.lambda$invokeTestInstancePostProcessors$1(ClassBasedTestDescriptor.java:423)
	at org.junit.jupiter.engine.descriptor.ClassBasedTestDescriptor.executeAndMaskThrowable(ClassBasedTestDescriptor.java:428)
	at org.junit.jupiter.engine.descriptor.ClassBasedTestDescriptor.lambda$invokeTestInstancePostProcessors$0(ClassBasedTestDescriptor.java:422)
	at java.base/java.util.stream.ForEachOps$ForEachOp$OfRef.accept(ForEachOps.java:183)
	at java.base/java.util.stream.ReferencePipeline$3$1.accept(ReferencePipeline.java:197)
	at java.base/java.util.stream.ReferencePipeline$2$1.accept(ReferencePipeline.java:179)
	at java.base/java.util.stream.ReferencePipeline$3$1.accept(ReferencePipeline.java:197)
	at java.base/java.util.ArrayList$ArrayListSpliterator.forEachRemaining(ArrayList.java:1625)
	at java.base/java.util.stream.AbstractPipeline.copyInto(AbstractPipeline.java:509)
	at java.base/java.util.stream.AbstractPipeline.wrapAndCopyInto(AbstractPipeline.java:499)
	at java.base/java.util.stream.ForEachOps$ForEachOp.evaluateSequential(ForEachOps.java:150)
	at java.base/java.util.stream.ForEachOps$ForEachOp$OfRef.evaluateSequential(ForEachOps.java:173)
	at java.base/java.util.stream.AbstractPipeline.evaluate(AbstractPipeline.java:234)
	at java.base/java.util.stream.ReferencePipeline.forEach(ReferencePipeline.java:596)
	at org.junit.jupiter.engine.descriptor.ClassBasedTestDescriptor.invokeTestInstancePostProcessors(ClassBasedTestDescriptor.java:422)
	at org.junit.jupiter.engine.descriptor.ClassBasedTestDescriptor.lambda$instantiateAndPostProcessTestInstance$0(ClassBasedTestDescriptor.java:334)
	at org.junit.platform.engine.support.hierarchical.ThrowableCollector.execute(ThrowableCollector.java:74)
	at org.junit.jupiter.engine.descriptor.ClassBasedTestDescriptor.instantiateAndPostProcessTestInstance(ClassBasedTestDescriptor.java:333)
	at org.junit.jupiter.engine.descriptor.ClassBasedTestDescriptor.lambda$testInstancesProvider$1(ClassBasedTestDescriptor.java:322)
	at java.base/java.util.Optional.orElseGet(Optional.java:364)
	at org.junit.jupiter.engine.descriptor.ClassBasedTestDescriptor.lambda$testInstancesProvider$0(ClassBasedTestDescriptor.java:321)
	at org.junit.jupiter.engine.execution.TestInstancesProvider.getTestInstances(TestInstancesProvider.java:27)
	at org.junit.jupiter.engine.descriptor.TestMethodTestDescriptor.lambda$prepare$0(TestMethodTestDescriptor.java:127)
	at org.junit.platform.engine.support.hierarchical.ThrowableCollector.execute(ThrowableCollector.java:74)
	at org.junit.jupiter.engine.descriptor.TestMethodTestDescriptor.prepare(TestMethodTestDescriptor.java:126)
	at org.junit.jupiter.engine.descriptor.TestMethodTestDescriptor.prepare(TestMethodTestDescriptor.java:70)
	at org.junit.platform.engine.support.hierarchical.NodeTestTask.lambda$prepare$0(NodeTestTask.java:144)
	at org.junit.platform.engine.support.hierarchical.ThrowableCollector.execute(ThrowableCollector.java:74)
	at org.junit.platform.engine.support.hierarchical.NodeTestTask.prepare(NodeTestTask.java:144)
	at org.junit.platform.engine.support.hierarchical.NodeTestTask.execute(NodeTestTask.java:110)
	at java.base/java.util.ArrayList.forEach(ArrayList.java:1511)
	at org.junit.platform.engine.support.hierarchical.SameThreadHierarchicalTestExecutorService.invokeAll(SameThreadHierarchicalTestExecutorService.java:42)
	at org.junit.platform.engine.support.hierarchical.NodeTestTask.lambda$executeRecursively$2(NodeTestTask.java:180)
	at org.junit.platform.engine.support.hierarchical.ThrowableCollector.execute(ThrowableCollector.java:74)
	at org.junit.platform.engine.support.hierarchical.NodeTestTask.lambda$executeRecursively$1(NodeTestTask.java:166)
	at org.junit.platform.engine.support.hierarchical.Node.around(Node.java:138)
	at org.junit.platform.engine.support.hierarchical.NodeTestTask.lambda$executeRecursively$0(NodeTestTask.java:164)
	at org.junit.platform.engine.support.hierarchical.ThrowableCollector.execute(ThrowableCollector.java:74)
	at org.junit.platform.engine.support.hierarchical.NodeTestTask.executeRecursively(NodeTestTask.java:163)
	at org.junit.platform.engine.support.hierarchical.NodeTestTask.execute(NodeTestTask.java:116)
	at java.base/java.util.ArrayList.forEach(ArrayList.java:1511)
	at org.junit.platform.engine.support.hierarchical.SameThreadHierarchicalTestExecutorService.invokeAll(SameThreadHierarchicalTestExecutorService.java:42)
	at org.junit.platform.engine.support.hierarchical.NodeTestTask.lambda$executeRecursively$2(NodeTestTask.java:180)
	at org.junit.platform.engine.support.hierarchical.ThrowableCollector.execute(ThrowableCollector.java:74)
	at org.junit.platform.engine.support.hierarchical.NodeTestTask.lambda$executeRecursively$1(NodeTestTask.java:166)
	at org.junit.platform.engine.support.hierarchical.Node.around(Node.java:138)
	at org.junit.platform.engine.support.hierarchical.NodeTestTask.lambda$executeRecursively$0(NodeTestTask.java:164)
	at org.junit.platform.engine.support.hierarchical.ThrowableCollector.execute(ThrowableCollector.java:74)
	at org.junit.platform.engine.support.hierarchical.NodeTestTask.executeRecursively(NodeTestTask.java:163)
	at org.junit.platform.engine.support.hierarchical.NodeTestTask.execute(NodeTestTask.java:116)
	at org.junit.platform.engine.support.hierarchical.SameThreadHierarchicalTestExecutorService.submit(SameThreadHierarchicalTestExecutorService.java:36)
	at org.junit.platform.engine.support.hierarchical.HierarchicalTestExecutor.execute(HierarchicalTestExecutor.java:52)
	at org.junit.platform.engine.support.hierarchical.HierarchicalTestEngine.execute(HierarchicalTestEngine.java:58)
	at org.junit.platform.launcher.core.EngineExecutionOrchestrator.executeEngine(EngineExecutionOrchestrator.java:246)
	at org.junit.platform.launcher.core.EngineExecutionOrchestrator.failOrExecuteEngine(EngineExecutionOrchestrator.java:218)
	at org.junit.platform.launcher.core.EngineExecutionOrchestrator.execute(EngineExecutionOrchestrator.java:179)
	at org.junit.platform.launcher.core.EngineExecutionOrchestrator.execute(EngineExecutionOrchestrator.java:108)
	at org.junit.platform.launcher.core.EngineExecutionOrchestrator.lambda$execute$0(EngineExecutionOrchestrator.java:66)
	at org.junit.platform.launcher.core.EngineExecutionOrchestrator.withInterceptedStreams(EngineExecutionOrchestrator.java:157)
	at org.junit.platform.launcher.core.EngineExecutionOrchestrator.execute(EngineExecutionOrchestrator.java:65)
	at org.junit.platform.launcher.core.DefaultLauncher.execute(DefaultLauncher.java:125)
	at org.junit.platform.launcher.core.DefaultLauncher.execute(DefaultLauncher.java:114)
	at org.junit.platform.launcher.core.DelegatingLauncher.execute(DelegatingLauncher.java:58)
	at org.junit.platform.launcher.core.InterceptingLauncher.lambda$execute$2(InterceptingLauncher.java:57)
	at org.junit.platform.launcher.core.ClasspathAlignmentCheckingLauncherInterceptor.intercept(ClasspathAlignmentCheckingLauncherInterceptor.java:25)
	at org.junit.platform.launcher.core.InterceptingLauncher.execute(InterceptingLauncher.java:56)
	at org.junit.platform.launcher.core.DelegatingLauncher.execute(DelegatingLauncher.java:58)
	at java.base/jdk.internal.reflect.NativeMethodAccessorImpl.invoke0(Native Method)
	at java.base/jdk.internal.reflect.NativeMethodAccessorImpl.invoke(NativeMethodAccessorImpl.java:77)
	at java.base/jdk.internal.reflect.DelegatingMethodAccessorImpl.invoke(DelegatingMethodAccessorImpl.java:43)
	at java.base/java.lang.reflect.Method.invoke(Method.java:568)
	at org.apache.maven.surefire.api.util.ReflectionUtils.invokeMethodWithArray(ReflectionUtils.java:125)
	at org.apache.maven.surefire.junitplatform.LauncherAdapter.executeWithCancellationToken(LauncherAdapter.java:68)
	at org.apache.maven.surefire.junitplatform.LauncherAdapter.execute(LauncherAdapter.java:54)
	at org.apache.maven.surefire.junitplatform.JUnitPlatformProvider.execute(JUnitPlatformProvider.java:203)
	at org.apache.maven.surefire.junitplatform.JUnitPlatformProvider.invokeAllTests(JUnitPlatformProvider.java:168)
	at org.apache.maven.surefire.junitplatform.JUnitPlatformProvider.invoke(JUnitPlatformProvider.java:136)
	at org.apache.maven.surefire.booter.ForkedBooter.runSuitesInProcess(ForkedBooter.java:385)
	at org.apache.maven.surefire.booter.ForkedBooter.execute(ForkedBooter.java:162)
	at org.apache.maven.surefire.booter.ForkedBooter.run(ForkedBooter.java:507)
	at org.apache.maven.surefire.booter.ForkedBooter.main(ForkedBooter.java:495)
Caused by: org.springframework.beans.factory.BeanCreationException: Error creating bean with name 'entityManagerFactory' defined in class path resource [org/springframework/boot/hibernate/autoconfigure/HibernateJpaConfiguration.class]: Unable to create requested service [org.hibernate.engine.jdbc.env.spi.JdbcEnvironment] due to: Unable to determine Dialect without JDBC metadata (please set 'jakarta.persistence.jdbc.url' for common cases or 'hibernate.dialect' when a custom Dialect implementation must be provided)
	at org.springframework.beans.factory.support.AbstractAutowireCapableBeanFactory.initializeBean(AbstractAutowireCapableBeanFactory.java:1817)
	at org.springframework.beans.factory.support.AbstractAutowireCapableBeanFactory.doCreateBean(AbstractAutowireCapableBeanFactory.java:603)
	at org.springframework.beans.factory.support.AbstractAutowireCapableBeanFactory.createBean(AbstractAutowireCapableBeanFactory.java:525)
	at org.springframework.beans.factory.support.AbstractBeanFactory.lambda$doGetBean$0(AbstractBeanFactory.java:333)
	at org.springframework.beans.factory.support.DefaultSingletonBeanRegistry.getSingleton(DefaultSingletonBeanRegistry.java:371)
	at org.springframework.beans.factory.support.AbstractBeanFactory.doGetBean(AbstractBeanFactory.java:331)
	at org.springframework.beans.factory.support.AbstractBeanFactory.getBean(AbstractBeanFactory.java:201)
	at org.springframework.context.support.AbstractApplicationContext.finishBeanFactoryInitialization(AbstractApplicationContext.java:977)
	at org.springframework.context.support.AbstractApplicationContext.refresh(AbstractApplicationContext.java:621)
	at org.springframework.boot.SpringApplication.refresh(SpringApplication.java:756)
	at org.springframework.boot.SpringApplication.refreshContext(SpringApplication.java:445)
	at org.springframework.boot.SpringApplication.run(SpringApplication.java:321)
	at org.springframework.boot.test.context.SpringBootContextLoader.lambda$loadContext$2(SpringBootContextLoader.java:155)
	at org.springframework.util.function.ThrowingSupplier.get(ThrowingSupplier.java:58)
	at org.springframework.util.function.ThrowingSupplier.get(ThrowingSupplier.java:46)
	at org.springframework.boot.SpringApplication.withHook(SpringApplication.java:1465)
	at org.springframework.boot.test.context.SpringBootContextLoader$ContextLoaderHook.run(SpringBootContextLoader.java:600)
	at org.springframework.boot.test.context.SpringBootContextLoader.loadContext(SpringBootContextLoader.java:155)
	at org.springframework.boot.test.context.SpringBootContextLoader.loadContext(SpringBootContextLoader.java:114)
	at org.springframework.test.context.cache.DefaultCacheAwareContextLoaderDelegate.loadContextInternal(DefaultCacheAwareContextLoaderDelegate.java:247)
	at org.springframework.test.context.cache.DefaultCacheAwareContextLoaderDelegate.lambda$loadContext$0(DefaultCacheAwareContextLoaderDelegate.java:167)
	... 88 more
Caused by: org.hibernate.service.spi.ServiceException: Unable to create requested service [org.hibernate.engine.jdbc.env.spi.JdbcEnvironment] due to: Unable to determine Dialect without JDBC metadata (please set 'jakarta.persistence.jdbc.url' for common cases or 'hibernate.dialect' when a custom Dialect implementation must be provided)
	at org.hibernate.service.internal.AbstractServiceRegistryImpl.createService(AbstractServiceRegistryImpl.java:273)
	at org.hibernate.service.internal.AbstractServiceRegistryImpl.initializeService(AbstractServiceRegistryImpl.java:235)
	at org.hibernate.service.internal.AbstractServiceRegistryImpl.getService(AbstractServiceRegistryImpl.java:212)
	at org.hibernate.boot.model.relational.Database.<init>(Database.java:44)
	at org.hibernate.boot.internal.InFlightMetadataCollectorImpl.getDatabase(InFlightMetadataCollectorImpl.java:251)
	at org.hibernate.boot.internal.InFlightMetadataCollectorImpl.<init>(InFlightMetadataCollectorImpl.java:203)
	at org.hibernate.boot.model.process.spi.MetadataBuildingProcess.complete(MetadataBuildingProcess.java:172)
	at org.hibernate.jpa.boot.internal.EntityManagerFactoryBuilderImpl.metadata(EntityManagerFactoryBuilderImpl.java:1392)
	at org.hibernate.jpa.boot.internal.EntityManagerFactoryBuilderImpl.populateSessionFactoryBuilder(EntityManagerFactoryBuilderImpl.java:1472)
	at org.hibernate.jpa.boot.internal.EntityManagerFactoryBuilderImpl.build(EntityManagerFactoryBuilderImpl.java:1454)
	at org.springframework.orm.jpa.vendor.SpringHibernateJpaPersistenceProvider.createContainerEntityManagerFactory(SpringHibernateJpaPersistenceProvider.java:93)
	at org.springframework.orm.jpa.LocalContainerEntityManagerFactoryBean.createNativeEntityManagerFactory(LocalContainerEntityManagerFactoryBean.java:443)
	at org.springframework.orm.jpa.AbstractEntityManagerFactoryBean.buildNativeEntityManagerFactory(AbstractEntityManagerFactoryBean.java:436)
	at org.springframework.orm.jpa.AbstractEntityManagerFactoryBean.afterPropertiesSet(AbstractEntityManagerFactoryBean.java:411)
	at org.springframework.orm.jpa.LocalContainerEntityManagerFactoryBean.afterPropertiesSet(LocalContainerEntityManagerFactoryBean.java:419)
	at org.springframework.beans.factory.support.AbstractAutowireCapableBeanFactory.invokeInitMethods(AbstractAutowireCapableBeanFactory.java:1864)
	at org.springframework.beans.factory.support.AbstractAutowireCapableBeanFactory.initializeBean(AbstractAutowireCapableBeanFactory.java:1813)
	... 108 more
Caused by: org.hibernate.HibernateException: Unable to determine Dialect without JDBC metadata (please set 'jakarta.persistence.jdbc.url' for common cases or 'hibernate.dialect' when a custom Dialect implementation must be provided)
	at org.hibernate.engine.jdbc.dialect.internal.DialectFactoryImpl.determineDialect(DialectFactoryImpl.java:190)
	at org.hibernate.engine.jdbc.dialect.internal.DialectFactoryImpl.buildDialect(DialectFactoryImpl.java:86)
	at org.hibernate.engine.jdbc.env.internal.JdbcEnvironmentInitiator.getJdbcEnvironmentWithDefaults(JdbcEnvironmentInitiator.java:200)
	at org.hibernate.engine.jdbc.env.internal.JdbcEnvironmentInitiator.getJdbcEnvironmentUsingJdbcMetadata(JdbcEnvironmentInitiator.java:452)
	at org.hibernate.engine.jdbc.env.internal.JdbcEnvironmentInitiator.getJdbcEnvironment(JdbcEnvironmentInitiator.java:143)
	at org.hibernate.engine.jdbc.env.internal.JdbcEnvironmentInitiator.initiateService(JdbcEnvironmentInitiator.java:120)
	at org.hibernate.engine.jdbc.env.internal.JdbcEnvironmentInitiator.initiateService(JdbcEnvironmentInitiator.java:80)
	at org.hibernate.boot.registry.internal.StandardServiceRegistryImpl.initiateService(StandardServiceRegistryImpl.java:133)
	at org.hibernate.service.internal.AbstractServiceRegistryImpl.createService(AbstractServiceRegistryImpl.java:260)
	... 124 more
2026-09-15 14:38:00.226 [main] INFO  com.demo.Docker.DockerApplication - Starting DockerApplication using Java 17.0.7 with PID 23556 (C:\Amit singh\Docker\Docker\target\classes started by Sai in C:\Amit singh\Docker\Docker)
2026-09-15 14:38:00.234 [main] INFO  com.demo.Docker.DockerApplication - No active profile set, falling back to 1 default profile: "default"
2026-09-15 14:38:00.717 [main] INFO  org.springframework.data.repository.config.RepositoryConfigurationDelegate - Bootstrapping Spring Data JPA repositories in DEFAULT mode.
2026-09-15 14:38:00.764 [main] INFO  org.springframework.data.repository.config.RepositoryConfigurationDelegate - Finished Spring Data repository scanning in 40 ms. Found 1 JPA repository interface.
2026-09-15 14:38:01.078 [main] INFO  org.springframework.boot.tomcat.TomcatWebServer - Tomcat initialized with port 9087 (http)
2026-09-15 14:38:01.091 [main] INFO  org.apache.coyote.http11.Http11NioProtocol - Initializing ProtocolHandler ["http-nio-9087"]
2026-09-15 14:38:01.093 [main] INFO  org.apache.catalina.core.StandardService - Starting service [Tomcat]
2026-09-15 14:38:01.093 [main] INFO  org.apache.catalina.core.StandardEngine - Starting Servlet engine: [Apache Tomcat/11.0.20]
2026-09-15 14:38:01.138 [main] INFO  org.springframework.boot.web.context.servlet.WebApplicationContextInitializer - Root WebApplicationContext: initialization completed in 854 ms
2026-09-15 14:38:01.335 [main] INFO  org.hibernate.orm.jpa - HHH008540: Processing PersistenceUnitInfo [name: default]
2026-09-15 14:38:01.391 [main] INFO  org.hibernate.orm.core - HHH000001: Hibernate ORM core version 7.2.7.Final
2026-09-15 14:38:01.827 [main] INFO  org.springframework.orm.jpa.persistenceunit.SpringPersistenceUnitInfo - No LoadTimeWeaver setup: ignoring JPA class transformer
2026-09-15 14:38:01.859 [main] INFO  com.zaxxer.hikari.HikariDataSource - HikariPool-1 - Starting...
2026-09-15 14:38:05.719 [main] WARN  org.hibernate.orm.jdbc.error - HHH000247: ErrorCode: 17868, SQLState: 22000
2026-09-15 14:38:05.720 [main] WARN  org.hibernate.orm.jdbc.error - ORA-17868: Unknown host specified.: No such host is known (oracle-db)
https://docs.oracle.com/error-help/db/ora-17868/
2026-09-15 14:38:05.720 [main] WARN  org.hibernate.orm.jdbc - HHH100046: Could not obtain connection to query JDBC database metadata
org.hibernate.exception.DataException: Unable to obtain isolated JDBC connection [ORA-17868: Unknown host specified.: No such host is known (oracle-db)
https://docs.oracle.com/error-help/db/ora-17868/] [n/a]
	at org.hibernate.exception.internal.SQLStateConversionDelegate.convert(SQLStateConversionDelegate.java:84)
	at org.hibernate.exception.internal.StandardSQLExceptionConverter.convert(StandardSQLExceptionConverter.java:34)
	at org.hibernate.engine.jdbc.spi.SqlExceptionHelper.convert(SqlExceptionHelper.java:115)
	at org.hibernate.engine.jdbc.spi.SqlExceptionHelper.convert(SqlExceptionHelper.java:101)
	at org.hibernate.resource.transaction.backend.jdbc.internal.JdbcIsolationDelegate.delegateWork(JdbcIsolationDelegate.java:51)
	at org.hibernate.engine.jdbc.env.internal.JdbcEnvironmentInitiator.getJdbcEnvironmentUsingJdbcMetadata(JdbcEnvironmentInitiator.java:366)
	at org.hibernate.engine.jdbc.env.internal.JdbcEnvironmentInitiator.getJdbcEnvironment(JdbcEnvironmentInitiator.java:143)
	at org.hibernate.engine.jdbc.env.internal.JdbcEnvironmentInitiator.initiateService(JdbcEnvironmentInitiator.java:120)
	at org.hibernate.engine.jdbc.env.internal.JdbcEnvironmentInitiator.initiateService(JdbcEnvironmentInitiator.java:80)
	at org.hibernate.boot.registry.internal.StandardServiceRegistryImpl.initiateService(StandardServiceRegistryImpl.java:133)
	at org.hibernate.service.internal.AbstractServiceRegistryImpl.createService(AbstractServiceRegistryImpl.java:260)
	at org.hibernate.service.internal.AbstractServiceRegistryImpl.initializeService(AbstractServiceRegistryImpl.java:235)
	at org.hibernate.service.internal.AbstractServiceRegistryImpl.getService(AbstractServiceRegistryImpl.java:212)
	at org.hibernate.boot.model.relational.Database.<init>(Database.java:44)
	at org.hibernate.boot.internal.InFlightMetadataCollectorImpl.getDatabase(InFlightMetadataCollectorImpl.java:251)
	at org.hibernate.boot.internal.InFlightMetadataCollectorImpl.<init>(InFlightMetadataCollectorImpl.java:203)
	at org.hibernate.boot.model.process.spi.MetadataBuildingProcess.complete(MetadataBuildingProcess.java:172)
	at org.hibernate.jpa.boot.internal.EntityManagerFactoryBuilderImpl.metadata(EntityManagerFactoryBuilderImpl.java:1392)
	at org.hibernate.jpa.boot.internal.EntityManagerFactoryBuilderImpl.populateSessionFactoryBuilder(EntityManagerFactoryBuilderImpl.java:1472)
	at org.hibernate.jpa.boot.internal.EntityManagerFactoryBuilderImpl.build(EntityManagerFactoryBuilderImpl.java:1454)
	at org.springframework.orm.jpa.vendor.SpringHibernateJpaPersistenceProvider.createContainerEntityManagerFactory(SpringHibernateJpaPersistenceProvider.java:93)
	at org.springframework.orm.jpa.LocalContainerEntityManagerFactoryBean.createNativeEntityManagerFactory(LocalContainerEntityManagerFactoryBean.java:443)
	at org.springframework.orm.jpa.AbstractEntityManagerFactoryBean.buildNativeEntityManagerFactory(AbstractEntityManagerFactoryBean.java:436)
	at org.springframework.orm.jpa.AbstractEntityManagerFactoryBean.afterPropertiesSet(AbstractEntityManagerFactoryBean.java:411)
	at org.springframework.orm.jpa.LocalContainerEntityManagerFactoryBean.afterPropertiesSet(LocalContainerEntityManagerFactoryBean.java:419)
	at org.springframework.beans.factory.support.AbstractAutowireCapableBeanFactory.invokeInitMethods(AbstractAutowireCapableBeanFactory.java:1864)
	at org.springframework.beans.factory.support.AbstractAutowireCapableBeanFactory.initializeBean(AbstractAutowireCapableBeanFactory.java:1813)
	at org.springframework.beans.factory.support.AbstractAutowireCapableBeanFactory.doCreateBean(AbstractAutowireCapableBeanFactory.java:603)
	at org.springframework.beans.factory.support.AbstractAutowireCapableBeanFactory.createBean(AbstractAutowireCapableBeanFactory.java:525)
	at org.springframework.beans.factory.support.AbstractBeanFactory.lambda$doGetBean$0(AbstractBeanFactory.java:333)
	at org.springframework.beans.factory.support.DefaultSingletonBeanRegistry.getSingleton(DefaultSingletonBeanRegistry.java:371)
	at org.springframework.beans.factory.support.AbstractBeanFactory.doGetBean(AbstractBeanFactory.java:331)
	at org.springframework.beans.factory.support.AbstractBeanFactory.getBean(AbstractBeanFactory.java:201)
	at org.springframework.context.support.AbstractApplicationContext.finishBeanFactoryInitialization(AbstractApplicationContext.java:977)
	at org.springframework.context.support.AbstractApplicationContext.refresh(AbstractApplicationContext.java:621)
	at org.springframework.boot.web.server.servlet.context.ServletWebServerApplicationContext.refresh(ServletWebServerApplicationContext.java:143)
	at org.springframework.boot.SpringApplication.refresh(SpringApplication.java:756)
	at org.springframework.boot.SpringApplication.refreshContext(SpringApplication.java:445)
	at org.springframework.boot.SpringApplication.run(SpringApplication.java:321)
	at org.springframework.boot.SpringApplication.run(SpringApplication.java:1365)
	at org.springframework.boot.SpringApplication.run(SpringApplication.java:1354)
	at com.demo.Docker.DockerApplication.main(DockerApplication.java:10)
Caused by: java.sql.SQLException: ORA-17868: Unknown host specified.: No such host is known (oracle-db)
https://docs.oracle.com/error-help/db/ora-17868/
	at oracle.jdbc.driver.T4CConnection.handleLogonNetException(T4CConnection.java:1912)
	at oracle.jdbc.driver.T4CConnection.logon(T4CConnection.java:1228)
	at oracle.jdbc.driver.PhysicalConnection.connect(PhysicalConnection.java:1210)
	at oracle.jdbc.driver.T4CDriverExtension.getConnection(T4CDriverExtension.java:106)
	at oracle.jdbc.driver.OracleDriver.connect(OracleDriver.java:887)
	at oracle.jdbc.driver.OracleDriver.connect(OracleDriver.java:694)
	at com.zaxxer.hikari.util.DriverDataSource.getConnection(DriverDataSource.java:144)
	at com.zaxxer.hikari.pool.PoolBase.newConnection(PoolBase.java:373)
	at com.zaxxer.hikari.pool.PoolBase.newPoolEntry(PoolBase.java:210)
	at com.zaxxer.hikari.pool.HikariPool.createPoolEntry(HikariPool.java:488)
	at com.zaxxer.hikari.pool.HikariPool.checkFailFast(HikariPool.java:576)
	at com.zaxxer.hikari.pool.HikariPool.<init>(HikariPool.java:97)
	at com.zaxxer.hikari.HikariDataSource.getConnection(HikariDataSource.java:111)
	at org.hibernate.engine.jdbc.connections.internal.DataSourceConnectionProvider.getConnection(DataSourceConnectionProvider.java:137)
	at org.hibernate.engine.jdbc.env.internal.JdbcEnvironmentInitiator$ConnectionProviderJdbcConnectionAccess.obtainConnection(JdbcEnvironmentInitiator.java:508)
	at org.hibernate.resource.transaction.backend.jdbc.internal.JdbcIsolationDelegate.delegateWork(JdbcIsolationDelegate.java:48)
	... 37 more
Caused by: oracle.net.ns.NetException: ORA-17868: Unknown host specified.: No such host is known (oracle-db)
https://docs.oracle.com/error-help/db/ora-17868/
	at oracle.net.resolver.AddrResolution.resolveAddrTree(AddrResolution.java:1175)
	at oracle.net.resolver.AddrResolution.resolveTNSAddress(AddrResolution.java:954)
	at oracle.net.resolver.AddrResolution.initConnStrategy(AddrResolution.java:649)
	at oracle.net.resolver.AddrResolution.<init>(AddrResolution.java:464)
	at oracle.net.ns.NSProtocol.<init>(NSProtocol.java:260)
	at oracle.net.ns.NSProtocolNIO.<init>(NSProtocolNIO.java:162)
	at oracle.jdbc.driver.T4CConnection.logon(T4CConnection.java:1080)
	... 51 more
Caused by: java.net.UnknownHostException: No such host is known (oracle-db)
	at java.base/java.net.Inet6AddressImpl.lookupAllHostAddr(Native Method)
	at java.base/java.net.InetAddress$PlatformNameService.lookupAllHostAddr(InetAddress.java:933)
	at java.base/java.net.InetAddress.getAddressesFromNameService(InetAddress.java:1543)
	at java.base/java.net.InetAddress$NameServiceAddresses.get(InetAddress.java:852)
	at java.base/java.net.InetAddress.getAllByName0(InetAddress.java:1532)
	at java.base/java.net.InetAddress.getAllByName(InetAddress.java:1384)
	at java.base/java.net.InetAddress.getAllByName(InetAddress.java:1305)
	at oracle.net.resolver.InetAddressResolver.resolveInetSocketAddresses(InetAddressResolver.java:89)
	at oracle.net.resolver.AddrResolution.resolveConnOptions(AddrResolution.java:1212)
	at oracle.net.resolver.AddrResolution.resolveAddrTree(AddrResolution.java:1152)
	... 57 more
2026-09-15 14:38:05.724 [main] ERROR org.springframework.orm.jpa.LocalContainerEntityManagerFactoryBean - Failed to initialize JPA EntityManagerFactory: Unable to create requested service [org.hibernate.engine.jdbc.env.spi.JdbcEnvironment] due to: Unable to determine Dialect without JDBC metadata (please set 'jakarta.persistence.jdbc.url' for common cases or 'hibernate.dialect' when a custom Dialect implementation must be provided)
2026-09-15 14:38:05.725 [main] WARN  org.springframework.boot.web.server.servlet.context.AnnotationConfigServletWebServerApplicationContext - Exception encountered during context initialization - cancelling refresh attempt: org.springframework.beans.factory.BeanCreationException: Error creating bean with name 'entityManagerFactory' defined in class path resource [org/springframework/boot/hibernate/autoconfigure/HibernateJpaConfiguration.class]: Unable to create requested service [org.hibernate.engine.jdbc.env.spi.JdbcEnvironment] due to: Unable to determine Dialect without JDBC metadata (please set 'jakarta.persistence.jdbc.url' for common cases or 'hibernate.dialect' when a custom Dialect implementation must be provided)
2026-09-15 14:38:05.728 [main] INFO  org.apache.catalina.core.StandardService - Stopping service [Tomcat]
2026-09-15 14:38:05.742 [main] INFO  org.springframework.boot.autoconfigure.logging.ConditionEvaluationReportLogger - 

Error starting ApplicationContext. To display the condition evaluation report re-run your application with 'debug' enabled.
2026-09-15 14:38:05.753 [main] ERROR org.springframework.boot.SpringApplication - Application run failed
org.springframework.beans.factory.BeanCreationException: Error creating bean with name 'entityManagerFactory' defined in class path resource [org/springframework/boot/hibernate/autoconfigure/HibernateJpaConfiguration.class]: Unable to create requested service [org.hibernate.engine.jdbc.env.spi.JdbcEnvironment] due to: Unable to determine Dialect without JDBC metadata (please set 'jakarta.persistence.jdbc.url' for common cases or 'hibernate.dialect' when a custom Dialect implementation must be provided)
	at org.springframework.beans.factory.support.AbstractAutowireCapableBeanFactory.initializeBean(AbstractAutowireCapableBeanFactory.java:1817)
	at org.springframework.beans.factory.support.AbstractAutowireCapableBeanFactory.doCreateBean(AbstractAutowireCapableBeanFactory.java:603)
	at org.springframework.beans.factory.support.AbstractAutowireCapableBeanFactory.createBean(AbstractAutowireCapableBeanFactory.java:525)
	at org.springframework.beans.factory.support.AbstractBeanFactory.lambda$doGetBean$0(AbstractBeanFactory.java:333)
	at org.springframework.beans.factory.support.DefaultSingletonBeanRegistry.getSingleton(DefaultSingletonBeanRegistry.java:371)
	at org.springframework.beans.factory.support.AbstractBeanFactory.doGetBean(AbstractBeanFactory.java:331)
	at org.springframework.beans.factory.support.AbstractBeanFactory.getBean(AbstractBeanFactory.java:201)
	at org.springframework.context.support.AbstractApplicationContext.finishBeanFactoryInitialization(AbstractApplicationContext.java:977)
	at org.springframework.context.support.AbstractApplicationContext.refresh(AbstractApplicationContext.java:621)
	at org.springframework.boot.web.server.servlet.context.ServletWebServerApplicationContext.refresh(ServletWebServerApplicationContext.java:143)
	at org.springframework.boot.SpringApplication.refresh(SpringApplication.java:756)
	at org.springframework.boot.SpringApplication.refreshContext(SpringApplication.java:445)
	at org.springframework.boot.SpringApplication.run(SpringApplication.java:321)
	at org.springframework.boot.SpringApplication.run(SpringApplication.java:1365)
	at org.springframework.boot.SpringApplication.run(SpringApplication.java:1354)
	at com.demo.Docker.DockerApplication.main(DockerApplication.java:10)
Caused by: org.hibernate.service.spi.ServiceException: Unable to create requested service [org.hibernate.engine.jdbc.env.spi.JdbcEnvironment] due to: Unable to determine Dialect without JDBC metadata (please set 'jakarta.persistence.jdbc.url' for common cases or 'hibernate.dialect' when a custom Dialect implementation must be provided)
	at org.hibernate.service.internal.AbstractServiceRegistryImpl.createService(AbstractServiceRegistryImpl.java:273)
	at org.hibernate.service.internal.AbstractServiceRegistryImpl.initializeService(AbstractServiceRegistryImpl.java:235)
	at org.hibernate.service.internal.AbstractServiceRegistryImpl.getService(AbstractServiceRegistryImpl.java:212)
	at org.hibernate.boot.model.relational.Database.<init>(Database.java:44)
	at org.hibernate.boot.internal.InFlightMetadataCollectorImpl.getDatabase(InFlightMetadataCollectorImpl.java:251)
	at org.hibernate.boot.internal.InFlightMetadataCollectorImpl.<init>(InFlightMetadataCollectorImpl.java:203)
	at org.hibernate.boot.model.process.spi.MetadataBuildingProcess.complete(MetadataBuildingProcess.java:172)
	at org.hibernate.jpa.boot.internal.EntityManagerFactoryBuilderImpl.metadata(EntityManagerFactoryBuilderImpl.java:1392)
	at org.hibernate.jpa.boot.internal.EntityManagerFactoryBuilderImpl.populateSessionFactoryBuilder(EntityManagerFactoryBuilderImpl.java:1472)
	at org.hibernate.jpa.boot.internal.EntityManagerFactoryBuilderImpl.build(EntityManagerFactoryBuilderImpl.java:1454)
	at org.springframework.orm.jpa.vendor.SpringHibernateJpaPersistenceProvider.createContainerEntityManagerFactory(SpringHibernateJpaPersistenceProvider.java:93)
	at org.springframework.orm.jpa.LocalContainerEntityManagerFactoryBean.createNativeEntityManagerFactory(LocalContainerEntityManagerFactoryBean.java:443)
	at org.springframework.orm.jpa.AbstractEntityManagerFactoryBean.buildNativeEntityManagerFactory(AbstractEntityManagerFactoryBean.java:436)
	at org.springframework.orm.jpa.AbstractEntityManagerFactoryBean.afterPropertiesSet(AbstractEntityManagerFactoryBean.java:411)
	at org.springframework.orm.jpa.LocalContainerEntityManagerFactoryBean.afterPropertiesSet(LocalContainerEntityManagerFactoryBean.java:419)
	at org.springframework.beans.factory.support.AbstractAutowireCapableBeanFactory.invokeInitMethods(AbstractAutowireCapableBeanFactory.java:1864)
	at org.springframework.beans.factory.support.AbstractAutowireCapableBeanFactory.initializeBean(AbstractAutowireCapableBeanFactory.java:1813)
	... 15 more
Caused by: org.hibernate.HibernateException: Unable to determine Dialect without JDBC metadata (please set 'jakarta.persistence.jdbc.url' for common cases or 'hibernate.dialect' when a custom Dialect implementation must be provided)
	at org.hibernate.engine.jdbc.dialect.internal.DialectFactoryImpl.determineDialect(DialectFactoryImpl.java:190)
	at org.hibernate.engine.jdbc.dialect.internal.DialectFactoryImpl.buildDialect(DialectFactoryImpl.java:86)
	at org.hibernate.engine.jdbc.env.internal.JdbcEnvironmentInitiator.getJdbcEnvironmentWithDefaults(JdbcEnvironmentInitiator.java:200)
	at org.hibernate.engine.jdbc.env.internal.JdbcEnvironmentInitiator.getJdbcEnvironmentUsingJdbcMetadata(JdbcEnvironmentInitiator.java:452)
	at org.hibernate.engine.jdbc.env.internal.JdbcEnvironmentInitiator.getJdbcEnvironment(JdbcEnvironmentInitiator.java:143)
	at org.hibernate.engine.jdbc.env.internal.JdbcEnvironmentInitiator.initiateService(JdbcEnvironmentInitiator.java:120)
	at org.hibernate.engine.jdbc.env.internal.JdbcEnvironmentInitiator.initiateService(JdbcEnvironmentInitiator.java:80)
	at org.hibernate.boot.registry.internal.StandardServiceRegistryImpl.initiateService(StandardServiceRegistryImpl.java:133)
	at org.hibernate.service.internal.AbstractServiceRegistryImpl.createService(AbstractServiceRegistryImpl.java:260)
	... 31 more
2026-09-15 14:38:47.240 [main] INFO  org.springframework.test.context.support.AnnotationConfigContextLoaderUtils - Could not detect default configuration classes for test class [com.demo.Docker.DockerApplicationTests]: DockerApplicationTests does not declare any static, non-private, non-final, nested classes annotated with @Configuration.
2026-09-15 14:38:47.340 [main] INFO  org.springframework.boot.test.context.SpringBootTestContextBootstrapper - Found @SpringBootConfiguration com.demo.Docker.DockerApplication for test class com.demo.Docker.DockerApplicationTests
2026-09-15 14:38:47.412 [main] INFO  org.springframework.test.context.support.AnnotationConfigContextLoaderUtils - Could not detect default configuration classes for test class [com.demo.Docker.DockerApplicationTests]: DockerApplicationTests does not declare any static, non-private, non-final, nested classes annotated with @Configuration.
2026-09-15 14:38:47.414 [main] INFO  org.springframework.boot.test.context.SpringBootTestContextBootstrapper - Found @SpringBootConfiguration com.demo.Docker.DockerApplication for test class com.demo.Docker.DockerApplicationTests
2026-09-15 14:38:47.684 [main] INFO  com.demo.Docker.DockerApplicationTests - Starting DockerApplicationTests using Java 17.0.7 with PID 23308 (started by Sai in C:\Amit singh\Docker\Docker)
2026-09-15 14:38:47.688 [main] INFO  com.demo.Docker.DockerApplicationTests - No active profile set, falling back to 1 default profile: "default"
2026-09-15 14:38:48.198 [main] INFO  org.springframework.data.repository.config.RepositoryConfigurationDelegate - Bootstrapping Spring Data JPA repositories in DEFAULT mode.
2026-09-15 14:38:48.246 [main] INFO  org.springframework.data.repository.config.RepositoryConfigurationDelegate - Finished Spring Data repository scanning in 38 ms. Found 1 JPA repository interface.
2026-09-15 14:38:48.640 [main] INFO  org.hibernate.orm.jpa - HHH008540: Processing PersistenceUnitInfo [name: default]
2026-09-15 14:38:48.710 [main] INFO  org.hibernate.orm.core - HHH000001: Hibernate ORM core version 7.2.7.Final
2026-09-15 14:38:49.307 [main] INFO  org.springframework.orm.jpa.persistenceunit.SpringPersistenceUnitInfo - No LoadTimeWeaver setup: ignoring JPA class transformer
2026-09-15 14:38:49.337 [main] INFO  com.zaxxer.hikari.HikariDataSource - HikariPool-1 - Starting...
2026-09-15 14:38:53.190 [main] WARN  org.hibernate.orm.jdbc.error - HHH000247: ErrorCode: 17868, SQLState: 22000
2026-09-15 14:38:53.190 [main] WARN  org.hibernate.orm.jdbc.error - ORA-17868: Unknown host specified.: No such host is known (oracle-db)
https://docs.oracle.com/error-help/db/ora-17868/
2026-09-15 14:38:53.191 [main] WARN  org.hibernate.orm.jdbc - HHH100046: Could not obtain connection to query JDBC database metadata
org.hibernate.exception.DataException: Unable to obtain isolated JDBC connection [ORA-17868: Unknown host specified.: No such host is known (oracle-db)
https://docs.oracle.com/error-help/db/ora-17868/] [n/a]
	at org.hibernate.exception.internal.SQLStateConversionDelegate.convert(SQLStateConversionDelegate.java:84)
	at org.hibernate.exception.internal.StandardSQLExceptionConverter.convert(StandardSQLExceptionConverter.java:34)
	at org.hibernate.engine.jdbc.spi.SqlExceptionHelper.convert(SqlExceptionHelper.java:115)
	at org.hibernate.engine.jdbc.spi.SqlExceptionHelper.convert(SqlExceptionHelper.java:101)
	at org.hibernate.resource.transaction.backend.jdbc.internal.JdbcIsolationDelegate.delegateWork(JdbcIsolationDelegate.java:51)
	at org.hibernate.engine.jdbc.env.internal.JdbcEnvironmentInitiator.getJdbcEnvironmentUsingJdbcMetadata(JdbcEnvironmentInitiator.java:366)
	at org.hibernate.engine.jdbc.env.internal.JdbcEnvironmentInitiator.getJdbcEnvironment(JdbcEnvironmentInitiator.java:143)
	at org.hibernate.engine.jdbc.env.internal.JdbcEnvironmentInitiator.initiateService(JdbcEnvironmentInitiator.java:120)
	at org.hibernate.engine.jdbc.env.internal.JdbcEnvironmentInitiator.initiateService(JdbcEnvironmentInitiator.java:80)
	at org.hibernate.boot.registry.internal.StandardServiceRegistryImpl.initiateService(StandardServiceRegistryImpl.java:133)
	at org.hibernate.service.internal.AbstractServiceRegistryImpl.createService(AbstractServiceRegistryImpl.java:260)
	at org.hibernate.service.internal.AbstractServiceRegistryImpl.initializeService(AbstractServiceRegistryImpl.java:235)
	at org.hibernate.service.internal.AbstractServiceRegistryImpl.getService(AbstractServiceRegistryImpl.java:212)
	at org.hibernate.boot.model.relational.Database.<init>(Database.java:44)
	at org.hibernate.boot.internal.InFlightMetadataCollectorImpl.getDatabase(InFlightMetadataCollectorImpl.java:251)
	at org.hibernate.boot.internal.InFlightMetadataCollectorImpl.<init>(InFlightMetadataCollectorImpl.java:203)
	at org.hibernate.boot.model.process.spi.MetadataBuildingProcess.complete(MetadataBuildingProcess.java:172)
	at org.hibernate.jpa.boot.internal.EntityManagerFactoryBuilderImpl.metadata(EntityManagerFactoryBuilderImpl.java:1392)
	at org.hibernate.jpa.boot.internal.EntityManagerFactoryBuilderImpl.populateSessionFactoryBuilder(EntityManagerFactoryBuilderImpl.java:1472)
	at org.hibernate.jpa.boot.internal.EntityManagerFactoryBuilderImpl.build(EntityManagerFactoryBuilderImpl.java:1454)
	at org.springframework.orm.jpa.vendor.SpringHibernateJpaPersistenceProvider.createContainerEntityManagerFactory(SpringHibernateJpaPersistenceProvider.java:93)
	at org.springframework.orm.jpa.LocalContainerEntityManagerFactoryBean.createNativeEntityManagerFactory(LocalContainerEntityManagerFactoryBean.java:443)
	at org.springframework.orm.jpa.AbstractEntityManagerFactoryBean.buildNativeEntityManagerFactory(AbstractEntityManagerFactoryBean.java:436)
	at org.springframework.orm.jpa.AbstractEntityManagerFactoryBean.afterPropertiesSet(AbstractEntityManagerFactoryBean.java:411)
	at org.springframework.orm.jpa.LocalContainerEntityManagerFactoryBean.afterPropertiesSet(LocalContainerEntityManagerFactoryBean.java:419)
	at org.springframework.beans.factory.support.AbstractAutowireCapableBeanFactory.invokeInitMethods(AbstractAutowireCapableBeanFactory.java:1864)
	at org.springframework.beans.factory.support.AbstractAutowireCapableBeanFactory.initializeBean(AbstractAutowireCapableBeanFactory.java:1813)
	at org.springframework.beans.factory.support.AbstractAutowireCapableBeanFactory.doCreateBean(AbstractAutowireCapableBeanFactory.java:603)
	at org.springframework.beans.factory.support.AbstractAutowireCapableBeanFactory.createBean(AbstractAutowireCapableBeanFactory.java:525)
	at org.springframework.beans.factory.support.AbstractBeanFactory.lambda$doGetBean$0(AbstractBeanFactory.java:333)
	at org.springframework.beans.factory.support.DefaultSingletonBeanRegistry.getSingleton(DefaultSingletonBeanRegistry.java:371)
	at org.springframework.beans.factory.support.AbstractBeanFactory.doGetBean(AbstractBeanFactory.java:331)
	at org.springframework.beans.factory.support.AbstractBeanFactory.getBean(AbstractBeanFactory.java:201)
	at org.springframework.context.support.AbstractApplicationContext.finishBeanFactoryInitialization(AbstractApplicationContext.java:977)
	at org.springframework.context.support.AbstractApplicationContext.refresh(AbstractApplicationContext.java:621)
	at org.springframework.boot.SpringApplication.refresh(SpringApplication.java:756)
	at org.springframework.boot.SpringApplication.refreshContext(SpringApplication.java:445)
	at org.springframework.boot.SpringApplication.run(SpringApplication.java:321)
	at org.springframework.boot.test.context.SpringBootContextLoader.lambda$loadContext$2(SpringBootContextLoader.java:155)
	at org.springframework.util.function.ThrowingSupplier.get(ThrowingSupplier.java:58)
	at org.springframework.util.function.ThrowingSupplier.get(ThrowingSupplier.java:46)
	at org.springframework.boot.SpringApplication.withHook(SpringApplication.java:1465)
	at org.springframework.boot.test.context.SpringBootContextLoader$ContextLoaderHook.run(SpringBootContextLoader.java:600)
	at org.springframework.boot.test.context.SpringBootContextLoader.loadContext(SpringBootContextLoader.java:155)
	at org.springframework.boot.test.context.SpringBootContextLoader.loadContext(SpringBootContextLoader.java:114)
	at org.springframework.test.context.cache.DefaultCacheAwareContextLoaderDelegate.loadContextInternal(DefaultCacheAwareContextLoaderDelegate.java:247)
	at org.springframework.test.context.cache.DefaultCacheAwareContextLoaderDelegate.lambda$loadContext$0(DefaultCacheAwareContextLoaderDelegate.java:167)
	at org.springframework.test.context.cache.DefaultContextCache.put(DefaultContextCache.java:214)
	at org.springframework.test.context.cache.DefaultCacheAwareContextLoaderDelegate.loadContext(DefaultCacheAwareContextLoaderDelegate.java:160)
	at org.springframework.test.context.support.DefaultTestContext.getApplicationContext(DefaultTestContext.java:128)
	at org.springframework.test.context.web.ServletTestExecutionListener.setUpRequestContextIfNecessary(ServletTestExecutionListener.java:200)
	at org.springframework.test.context.web.ServletTestExecutionListener.prepareTestInstance(ServletTestExecutionListener.java:139)
	at org.springframework.test.context.TestContextManager.prepareTestInstance(TestContextManager.java:260)
	at org.springframework.test.context.junit.jupiter.SpringExtension.postProcessTestInstance(SpringExtension.java:210)
	at org.junit.jupiter.engine.descriptor.ClassBasedTestDescriptor.lambda$invokeTestInstancePostProcessors$1(ClassBasedTestDescriptor.java:423)
	at org.junit.jupiter.engine.descriptor.ClassBasedTestDescriptor.executeAndMaskThrowable(ClassBasedTestDescriptor.java:428)
	at org.junit.jupiter.engine.descriptor.ClassBasedTestDescriptor.lambda$invokeTestInstancePostProcessors$0(ClassBasedTestDescriptor.java:422)
	at java.base/java.util.stream.ForEachOps$ForEachOp$OfRef.accept(ForEachOps.java:183)
	at java.base/java.util.stream.ReferencePipeline$3$1.accept(ReferencePipeline.java:197)
	at java.base/java.util.stream.ReferencePipeline$2$1.accept(ReferencePipeline.java:179)
	at java.base/java.util.stream.ReferencePipeline$3$1.accept(ReferencePipeline.java:197)
	at java.base/java.util.ArrayList$ArrayListSpliterator.forEachRemaining(ArrayList.java:1625)
	at java.base/java.util.stream.AbstractPipeline.copyInto(AbstractPipeline.java:509)
	at java.base/java.util.stream.AbstractPipeline.wrapAndCopyInto(AbstractPipeline.java:499)
	at java.base/java.util.stream.ForEachOps$ForEachOp.evaluateSequential(ForEachOps.java:150)
	at java.base/java.util.stream.ForEachOps$ForEachOp$OfRef.evaluateSequential(ForEachOps.java:173)
	at java.base/java.util.stream.AbstractPipeline.evaluate(AbstractPipeline.java:234)
	at java.base/java.util.stream.ReferencePipeline.forEach(ReferencePipeline.java:596)
	at org.junit.jupiter.engine.descriptor.ClassBasedTestDescriptor.invokeTestInstancePostProcessors(ClassBasedTestDescriptor.java:422)
	at org.junit.jupiter.engine.descriptor.ClassBasedTestDescriptor.lambda$instantiateAndPostProcessTestInstance$0(ClassBasedTestDescriptor.java:334)
	at org.junit.platform.engine.support.hierarchical.ThrowableCollector.execute(ThrowableCollector.java:74)
	at org.junit.jupiter.engine.descriptor.ClassBasedTestDescriptor.instantiateAndPostProcessTestInstance(ClassBasedTestDescriptor.java:333)
	at org.junit.jupiter.engine.descriptor.ClassBasedTestDescriptor.lambda$testInstancesProvider$1(ClassBasedTestDescriptor.java:322)
	at java.base/java.util.Optional.orElseGet(Optional.java:364)
	at org.junit.jupiter.engine.descriptor.ClassBasedTestDescriptor.lambda$testInstancesProvider$0(ClassBasedTestDescriptor.java:321)
	at org.junit.jupiter.engine.execution.TestInstancesProvider.getTestInstances(TestInstancesProvider.java:27)
	at org.junit.jupiter.engine.descriptor.TestMethodTestDescriptor.lambda$prepare$0(TestMethodTestDescriptor.java:127)
	at org.junit.platform.engine.support.hierarchical.ThrowableCollector.execute(ThrowableCollector.java:74)
	at org.junit.jupiter.engine.descriptor.TestMethodTestDescriptor.prepare(TestMethodTestDescriptor.java:126)
	at org.junit.jupiter.engine.descriptor.TestMethodTestDescriptor.prepare(TestMethodTestDescriptor.java:70)
	at org.junit.platform.engine.support.hierarchical.NodeTestTask.lambda$prepare$0(NodeTestTask.java:144)
	at org.junit.platform.engine.support.hierarchical.ThrowableCollector.execute(ThrowableCollector.java:74)
	at org.junit.platform.engine.support.hierarchical.NodeTestTask.prepare(NodeTestTask.java:144)
	at org.junit.platform.engine.support.hierarchical.NodeTestTask.execute(NodeTestTask.java:110)
	at java.base/java.util.ArrayList.forEach(ArrayList.java:1511)
	at org.junit.platform.engine.support.hierarchical.SameThreadHierarchicalTestExecutorService.invokeAll(SameThreadHierarchicalTestExecutorService.java:42)
	at org.junit.platform.engine.support.hierarchical.NodeTestTask.lambda$executeRecursively$2(NodeTestTask.java:180)
	at org.junit.platform.engine.support.hierarchical.ThrowableCollector.execute(ThrowableCollector.java:74)
	at org.junit.platform.engine.support.hierarchical.NodeTestTask.lambda$executeRecursively$1(NodeTestTask.java:166)
	at org.junit.platform.engine.support.hierarchical.Node.around(Node.java:138)
	at org.junit.platform.engine.support.hierarchical.NodeTestTask.lambda$executeRecursively$0(NodeTestTask.java:164)
	at org.junit.platform.engine.support.hierarchical.ThrowableCollector.execute(ThrowableCollector.java:74)
	at org.junit.platform.engine.support.hierarchical.NodeTestTask.executeRecursively(NodeTestTask.java:163)
	at org.junit.platform.engine.support.hierarchical.NodeTestTask.execute(NodeTestTask.java:116)
	at java.base/java.util.ArrayList.forEach(ArrayList.java:1511)
	at org.junit.platform.engine.support.hierarchical.SameThreadHierarchicalTestExecutorService.invokeAll(SameThreadHierarchicalTestExecutorService.java:42)
	at org.junit.platform.engine.support.hierarchical.NodeTestTask.lambda$executeRecursively$2(NodeTestTask.java:180)
	at org.junit.platform.engine.support.hierarchical.ThrowableCollector.execute(ThrowableCollector.java:74)
	at org.junit.platform.engine.support.hierarchical.NodeTestTask.lambda$executeRecursively$1(NodeTestTask.java:166)
	at org.junit.platform.engine.support.hierarchical.Node.around(Node.java:138)
	at org.junit.platform.engine.support.hierarchical.NodeTestTask.lambda$executeRecursively$0(NodeTestTask.java:164)
	at org.junit.platform.engine.support.hierarchical.ThrowableCollector.execute(ThrowableCollector.java:74)
	at org.junit.platform.engine.support.hierarchical.NodeTestTask.executeRecursively(NodeTestTask.java:163)
	at org.junit.platform.engine.support.hierarchical.NodeTestTask.execute(NodeTestTask.java:116)
	at org.junit.platform.engine.support.hierarchical.SameThreadHierarchicalTestExecutorService.submit(SameThreadHierarchicalTestExecutorService.java:36)
	at org.junit.platform.engine.support.hierarchical.HierarchicalTestExecutor.execute(HierarchicalTestExecutor.java:52)
	at org.junit.platform.engine.support.hierarchical.HierarchicalTestEngine.execute(HierarchicalTestEngine.java:58)
	at org.junit.platform.launcher.core.EngineExecutionOrchestrator.executeEngine(EngineExecutionOrchestrator.java:246)
	at org.junit.platform.launcher.core.EngineExecutionOrchestrator.failOrExecuteEngine(EngineExecutionOrchestrator.java:218)
	at org.junit.platform.launcher.core.EngineExecutionOrchestrator.execute(EngineExecutionOrchestrator.java:179)
	at org.junit.platform.launcher.core.EngineExecutionOrchestrator.execute(EngineExecutionOrchestrator.java:108)
	at org.junit.platform.launcher.core.EngineExecutionOrchestrator.lambda$execute$0(EngineExecutionOrchestrator.java:66)
	at org.junit.platform.launcher.core.EngineExecutionOrchestrator.withInterceptedStreams(EngineExecutionOrchestrator.java:157)
	at org.junit.platform.launcher.core.EngineExecutionOrchestrator.execute(EngineExecutionOrchestrator.java:65)
	at org.junit.platform.launcher.core.DefaultLauncher.execute(DefaultLauncher.java:125)
	at org.junit.platform.launcher.core.DefaultLauncher.execute(DefaultLauncher.java:114)
	at org.junit.platform.launcher.core.DelegatingLauncher.execute(DelegatingLauncher.java:58)
	at org.junit.platform.launcher.core.InterceptingLauncher.lambda$execute$2(InterceptingLauncher.java:57)
	at org.junit.platform.launcher.core.ClasspathAlignmentCheckingLauncherInterceptor.intercept(ClasspathAlignmentCheckingLauncherInterceptor.java:25)
	at org.junit.platform.launcher.core.InterceptingLauncher.execute(InterceptingLauncher.java:56)
	at org.junit.platform.launcher.core.DelegatingLauncher.execute(DelegatingLauncher.java:58)
	at java.base/jdk.internal.reflect.NativeMethodAccessorImpl.invoke0(Native Method)
	at java.base/jdk.internal.reflect.NativeMethodAccessorImpl.invoke(NativeMethodAccessorImpl.java:77)
	at java.base/jdk.internal.reflect.DelegatingMethodAccessorImpl.invoke(DelegatingMethodAccessorImpl.java:43)
	at java.base/java.lang.reflect.Method.invoke(Method.java:568)
	at org.apache.maven.surefire.api.util.ReflectionUtils.invokeMethodWithArray(ReflectionUtils.java:125)
	at org.apache.maven.surefire.junitplatform.LauncherAdapter.executeWithCancellationToken(LauncherAdapter.java:68)
	at org.apache.maven.surefire.junitplatform.LauncherAdapter.execute(LauncherAdapter.java:54)
	at org.apache.maven.surefire.junitplatform.JUnitPlatformProvider.execute(JUnitPlatformProvider.java:203)
	at org.apache.maven.surefire.junitplatform.JUnitPlatformProvider.invokeAllTests(JUnitPlatformProvider.java:168)
	at org.apache.maven.surefire.junitplatform.JUnitPlatformProvider.invoke(JUnitPlatformProvider.java:136)
	at org.apache.maven.surefire.booter.ForkedBooter.runSuitesInProcess(ForkedBooter.java:385)
	at org.apache.maven.surefire.booter.ForkedBooter.execute(ForkedBooter.java:162)
	at org.apache.maven.surefire.booter.ForkedBooter.run(ForkedBooter.java:507)
	at org.apache.maven.surefire.booter.ForkedBooter.main(ForkedBooter.java:495)
Caused by: java.sql.SQLException: ORA-17868: Unknown host specified.: No such host is known (oracle-db)
https://docs.oracle.com/error-help/db/ora-17868/
	at oracle.jdbc.driver.T4CConnection.handleLogonNetException(T4CConnection.java:1912)
	at oracle.jdbc.driver.T4CConnection.logon(T4CConnection.java:1228)
	at oracle.jdbc.driver.PhysicalConnection.connect(PhysicalConnection.java:1210)
	at oracle.jdbc.driver.T4CDriverExtension.getConnection(T4CDriverExtension.java:106)
	at oracle.jdbc.driver.OracleDriver.connect(OracleDriver.java:887)
	at oracle.jdbc.driver.OracleDriver.connect(OracleDriver.java:694)
	at com.zaxxer.hikari.util.DriverDataSource.getConnection(DriverDataSource.java:144)
	at com.zaxxer.hikari.pool.PoolBase.newConnection(PoolBase.java:373)
	at com.zaxxer.hikari.pool.PoolBase.newPoolEntry(PoolBase.java:210)
	at com.zaxxer.hikari.pool.HikariPool.createPoolEntry(HikariPool.java:488)
	at com.zaxxer.hikari.pool.HikariPool.checkFailFast(HikariPool.java:576)
	at com.zaxxer.hikari.pool.HikariPool.<init>(HikariPool.java:97)
	at com.zaxxer.hikari.HikariDataSource.getConnection(HikariDataSource.java:111)
	at org.hibernate.engine.jdbc.connections.internal.DataSourceConnectionProvider.getConnection(DataSourceConnectionProvider.java:137)
	at org.hibernate.engine.jdbc.env.internal.JdbcEnvironmentInitiator$ConnectionProviderJdbcConnectionAccess.obtainConnection(JdbcEnvironmentInitiator.java:508)
	at org.hibernate.resource.transaction.backend.jdbc.internal.JdbcIsolationDelegate.delegateWork(JdbcIsolationDelegate.java:48)
	... 130 more
Caused by: oracle.net.ns.NetException: ORA-17868: Unknown host specified.: No such host is known (oracle-db)
https://docs.oracle.com/error-help/db/ora-17868/
	at oracle.net.resolver.AddrResolution.resolveAddrTree(AddrResolution.java:1175)
	at oracle.net.resolver.AddrResolution.resolveTNSAddress(AddrResolution.java:954)
	at oracle.net.resolver.AddrResolution.initConnStrategy(AddrResolution.java:649)
	at oracle.net.resolver.AddrResolution.<init>(AddrResolution.java:464)
	at oracle.net.ns.NSProtocol.<init>(NSProtocol.java:260)
	at oracle.net.ns.NSProtocolNIO.<init>(NSProtocolNIO.java:162)
	at oracle.jdbc.driver.T4CConnection.logon(T4CConnection.java:1080)
	... 144 more
Caused by: java.net.UnknownHostException: No such host is known (oracle-db)
	at java.base/java.net.Inet6AddressImpl.lookupAllHostAddr(Native Method)
	at java.base/java.net.InetAddress$PlatformNameService.lookupAllHostAddr(InetAddress.java:933)
	at java.base/java.net.InetAddress.getAddressesFromNameService(InetAddress.java:1543)
	at java.base/java.net.InetAddress$NameServiceAddresses.get(InetAddress.java:852)
	at java.base/java.net.InetAddress.getAllByName0(InetAddress.java:1532)
	at java.base/java.net.InetAddress.getAllByName(InetAddress.java:1384)
	at java.base/java.net.InetAddress.getAllByName(InetAddress.java:1305)
	at oracle.net.resolver.InetAddressResolver.resolveInetSocketAddresses(InetAddressResolver.java:89)
	at oracle.net.resolver.AddrResolution.resolveConnOptions(AddrResolution.java:1212)
	at oracle.net.resolver.AddrResolution.resolveAddrTree(AddrResolution.java:1152)
	... 150 more
2026-09-15 14:38:53.197 [main] ERROR org.springframework.orm.jpa.LocalContainerEntityManagerFactoryBean - Failed to initialize JPA EntityManagerFactory: Unable to create requested service [org.hibernate.engine.jdbc.env.spi.JdbcEnvironment] due to: Unable to determine Dialect without JDBC metadata (please set 'jakarta.persistence.jdbc.url' for common cases or 'hibernate.dialect' when a custom Dialect implementation must be provided)
2026-09-15 14:38:53.198 [main] WARN  org.springframework.web.context.support.GenericWebApplicationContext - Exception encountered during context initialization - cancelling refresh attempt: org.springframework.beans.factory.BeanCreationException: Error creating bean with name 'entityManagerFactory' defined in class path resource [org/springframework/boot/hibernate/autoconfigure/HibernateJpaConfiguration.class]: Unable to create requested service [org.hibernate.engine.jdbc.env.spi.JdbcEnvironment] due to: Unable to determine Dialect without JDBC metadata (please set 'jakarta.persistence.jdbc.url' for common cases or 'hibernate.dialect' when a custom Dialect implementation must be provided)
2026-09-15 14:38:53.210 [main] INFO  org.springframework.boot.autoconfigure.logging.ConditionEvaluationReportLogger - 

Error starting ApplicationContext. To display the condition evaluation report re-run your application with 'debug' enabled.
2026-09-15 14:38:53.222 [main] ERROR org.springframework.boot.SpringApplication - Application run failed
org.springframework.beans.factory.BeanCreationException: Error creating bean with name 'entityManagerFactory' defined in class path resource [org/springframework/boot/hibernate/autoconfigure/HibernateJpaConfiguration.class]: Unable to create requested service [org.hibernate.engine.jdbc.env.spi.JdbcEnvironment] due to: Unable to determine Dialect without JDBC metadata (please set 'jakarta.persistence.jdbc.url' for common cases or 'hibernate.dialect' when a custom Dialect implementation must be provided)
	at org.springframework.beans.factory.support.AbstractAutowireCapableBeanFactory.initializeBean(AbstractAutowireCapableBeanFactory.java:1817)
	at org.springframework.beans.factory.support.AbstractAutowireCapableBeanFactory.doCreateBean(AbstractAutowireCapableBeanFactory.java:603)
	at org.springframework.beans.factory.support.AbstractAutowireCapableBeanFactory.createBean(AbstractAutowireCapableBeanFactory.java:525)
	at org.springframework.beans.factory.support.AbstractBeanFactory.lambda$doGetBean$0(AbstractBeanFactory.java:333)
	at org.springframework.beans.factory.support.DefaultSingletonBeanRegistry.getSingleton(DefaultSingletonBeanRegistry.java:371)
	at org.springframework.beans.factory.support.AbstractBeanFactory.doGetBean(AbstractBeanFactory.java:331)
	at org.springframework.beans.factory.support.AbstractBeanFactory.getBean(AbstractBeanFactory.java:201)
	at org.springframework.context.support.AbstractApplicationContext.finishBeanFactoryInitialization(AbstractApplicationContext.java:977)
	at org.springframework.context.support.AbstractApplicationContext.refresh(AbstractApplicationContext.java:621)
	at org.springframework.boot.SpringApplication.refresh(SpringApplication.java:756)
	at org.springframework.boot.SpringApplication.refreshContext(SpringApplication.java:445)
	at org.springframework.boot.SpringApplication.run(SpringApplication.java:321)
	at org.springframework.boot.test.context.SpringBootContextLoader.lambda$loadContext$2(SpringBootContextLoader.java:155)
	at org.springframework.util.function.ThrowingSupplier.get(ThrowingSupplier.java:58)
	at org.springframework.util.function.ThrowingSupplier.get(ThrowingSupplier.java:46)
	at org.springframework.boot.SpringApplication.withHook(SpringApplication.java:1465)
	at org.springframework.boot.test.context.SpringBootContextLoader$ContextLoaderHook.run(SpringBootContextLoader.java:600)
	at org.springframework.boot.test.context.SpringBootContextLoader.loadContext(SpringBootContextLoader.java:155)
	at org.springframework.boot.test.context.SpringBootContextLoader.loadContext(SpringBootContextLoader.java:114)
	at org.springframework.test.context.cache.DefaultCacheAwareContextLoaderDelegate.loadContextInternal(DefaultCacheAwareContextLoaderDelegate.java:247)
	at org.springframework.test.context.cache.DefaultCacheAwareContextLoaderDelegate.lambda$loadContext$0(DefaultCacheAwareContextLoaderDelegate.java:167)
	at org.springframework.test.context.cache.DefaultContextCache.put(DefaultContextCache.java:214)
	at org.springframework.test.context.cache.DefaultCacheAwareContextLoaderDelegate.loadContext(DefaultCacheAwareContextLoaderDelegate.java:160)
	at org.springframework.test.context.support.DefaultTestContext.getApplicationContext(DefaultTestContext.java:128)
	at org.springframework.test.context.web.ServletTestExecutionListener.setUpRequestContextIfNecessary(ServletTestExecutionListener.java:200)
	at org.springframework.test.context.web.ServletTestExecutionListener.prepareTestInstance(ServletTestExecutionListener.java:139)
	at org.springframework.test.context.TestContextManager.prepareTestInstance(TestContextManager.java:260)
	at org.springframework.test.context.junit.jupiter.SpringExtension.postProcessTestInstance(SpringExtension.java:210)
	at org.junit.jupiter.engine.descriptor.ClassBasedTestDescriptor.lambda$invokeTestInstancePostProcessors$1(ClassBasedTestDescriptor.java:423)
	at org.junit.jupiter.engine.descriptor.ClassBasedTestDescriptor.executeAndMaskThrowable(ClassBasedTestDescriptor.java:428)
	at org.junit.jupiter.engine.descriptor.ClassBasedTestDescriptor.lambda$invokeTestInstancePostProcessors$0(ClassBasedTestDescriptor.java:422)
	at java.base/java.util.stream.ForEachOps$ForEachOp$OfRef.accept(ForEachOps.java:183)
	at java.base/java.util.stream.ReferencePipeline$3$1.accept(ReferencePipeline.java:197)
	at java.base/java.util.stream.ReferencePipeline$2$1.accept(ReferencePipeline.java:179)
	at java.base/java.util.stream.ReferencePipeline$3$1.accept(ReferencePipeline.java:197)
	at java.base/java.util.ArrayList$ArrayListSpliterator.forEachRemaining(ArrayList.java:1625)
	at java.base/java.util.stream.AbstractPipeline.copyInto(AbstractPipeline.java:509)
	at java.base/java.util.stream.AbstractPipeline.wrapAndCopyInto(AbstractPipeline.java:499)
	at java.base/java.util.stream.ForEachOps$ForEachOp.evaluateSequential(ForEachOps.java:150)
	at java.base/java.util.stream.ForEachOps$ForEachOp$OfRef.evaluateSequential(ForEachOps.java:173)
	at java.base/java.util.stream.AbstractPipeline.evaluate(AbstractPipeline.java:234)
	at java.base/java.util.stream.ReferencePipeline.forEach(ReferencePipeline.java:596)
	at org.junit.jupiter.engine.descriptor.ClassBasedTestDescriptor.invokeTestInstancePostProcessors(ClassBasedTestDescriptor.java:422)
	at org.junit.jupiter.engine.descriptor.ClassBasedTestDescriptor.lambda$instantiateAndPostProcessTestInstance$0(ClassBasedTestDescriptor.java:334)
	at org.junit.platform.engine.support.hierarchical.ThrowableCollector.execute(ThrowableCollector.java:74)
	at org.junit.jupiter.engine.descriptor.ClassBasedTestDescriptor.instantiateAndPostProcessTestInstance(ClassBasedTestDescriptor.java:333)
	at org.junit.jupiter.engine.descriptor.ClassBasedTestDescriptor.lambda$testInstancesProvider$1(ClassBasedTestDescriptor.java:322)
	at java.base/java.util.Optional.orElseGet(Optional.java:364)
	at org.junit.jupiter.engine.descriptor.ClassBasedTestDescriptor.lambda$testInstancesProvider$0(ClassBasedTestDescriptor.java:321)
	at org.junit.jupiter.engine.execution.TestInstancesProvider.getTestInstances(TestInstancesProvider.java:27)
	at org.junit.jupiter.engine.descriptor.TestMethodTestDescriptor.lambda$prepare$0(TestMethodTestDescriptor.java:127)
	at org.junit.platform.engine.support.hierarchical.ThrowableCollector.execute(ThrowableCollector.java:74)
	at org.junit.jupiter.engine.descriptor.TestMethodTestDescriptor.prepare(TestMethodTestDescriptor.java:126)
	at org.junit.jupiter.engine.descriptor.TestMethodTestDescriptor.prepare(TestMethodTestDescriptor.java:70)
	at org.junit.platform.engine.support.hierarchical.NodeTestTask.lambda$prepare$0(NodeTestTask.java:144)
	at org.junit.platform.engine.support.hierarchical.ThrowableCollector.execute(ThrowableCollector.java:74)
	at org.junit.platform.engine.support.hierarchical.NodeTestTask.prepare(NodeTestTask.java:144)
	at org.junit.platform.engine.support.hierarchical.NodeTestTask.execute(NodeTestTask.java:110)
	at java.base/java.util.ArrayList.forEach(ArrayList.java:1511)
	at org.junit.platform.engine.support.hierarchical.SameThreadHierarchicalTestExecutorService.invokeAll(SameThreadHierarchicalTestExecutorService.java:42)
	at org.junit.platform.engine.support.hierarchical.NodeTestTask.lambda$executeRecursively$2(NodeTestTask.java:180)
	at org.junit.platform.engine.support.hierarchical.ThrowableCollector.execute(ThrowableCollector.java:74)
	at org.junit.platform.engine.support.hierarchical.NodeTestTask.lambda$executeRecursively$1(NodeTestTask.java:166)
	at org.junit.platform.engine.support.hierarchical.Node.around(Node.java:138)
	at org.junit.platform.engine.support.hierarchical.NodeTestTask.lambda$executeRecursively$0(NodeTestTask.java:164)
	at org.junit.platform.engine.support.hierarchical.ThrowableCollector.execute(ThrowableCollector.java:74)
	at org.junit.platform.engine.support.hierarchical.NodeTestTask.executeRecursively(NodeTestTask.java:163)
	at org.junit.platform.engine.support.hierarchical.NodeTestTask.execute(NodeTestTask.java:116)
	at java.base/java.util.ArrayList.forEach(ArrayList.java:1511)
	at org.junit.platform.engine.support.hierarchical.SameThreadHierarchicalTestExecutorService.invokeAll(SameThreadHierarchicalTestExecutorService.java:42)
	at org.junit.platform.engine.support.hierarchical.NodeTestTask.lambda$executeRecursively$2(NodeTestTask.java:180)
	at org.junit.platform.engine.support.hierarchical.ThrowableCollector.execute(ThrowableCollector.java:74)
	at org.junit.platform.engine.support.hierarchical.NodeTestTask.lambda$executeRecursively$1(NodeTestTask.java:166)
	at org.junit.platform.engine.support.hierarchical.Node.around(Node.java:138)
	at org.junit.platform.engine.support.hierarchical.NodeTestTask.lambda$executeRecursively$0(NodeTestTask.java:164)
	at org.junit.platform.engine.support.hierarchical.ThrowableCollector.execute(ThrowableCollector.java:74)
	at org.junit.platform.engine.support.hierarchical.NodeTestTask.executeRecursively(NodeTestTask.java:163)
	at org.junit.platform.engine.support.hierarchical.NodeTestTask.execute(NodeTestTask.java:116)
	at org.junit.platform.engine.support.hierarchical.SameThreadHierarchicalTestExecutorService.submit(SameThreadHierarchicalTestExecutorService.java:36)
	at org.junit.platform.engine.support.hierarchical.HierarchicalTestExecutor.execute(HierarchicalTestExecutor.java:52)
	at org.junit.platform.engine.support.hierarchical.HierarchicalTestEngine.execute(HierarchicalTestEngine.java:58)
	at org.junit.platform.launcher.core.EngineExecutionOrchestrator.executeEngine(EngineExecutionOrchestrator.java:246)
	at org.junit.platform.launcher.core.EngineExecutionOrchestrator.failOrExecuteEngine(EngineExecutionOrchestrator.java:218)
	at org.junit.platform.launcher.core.EngineExecutionOrchestrator.execute(EngineExecutionOrchestrator.java:179)
	at org.junit.platform.launcher.core.EngineExecutionOrchestrator.execute(EngineExecutionOrchestrator.java:108)
	at org.junit.platform.launcher.core.EngineExecutionOrchestrator.lambda$execute$0(EngineExecutionOrchestrator.java:66)
	at org.junit.platform.launcher.core.EngineExecutionOrchestrator.withInterceptedStreams(EngineExecutionOrchestrator.java:157)
	at org.junit.platform.launcher.core.EngineExecutionOrchestrator.execute(EngineExecutionOrchestrator.java:65)
	at org.junit.platform.launcher.core.DefaultLauncher.execute(DefaultLauncher.java:125)
	at org.junit.platform.launcher.core.DefaultLauncher.execute(DefaultLauncher.java:114)
	at org.junit.platform.launcher.core.DelegatingLauncher.execute(DelegatingLauncher.java:58)
	at org.junit.platform.launcher.core.InterceptingLauncher.lambda$execute$2(InterceptingLauncher.java:57)
	at org.junit.platform.launcher.core.ClasspathAlignmentCheckingLauncherInterceptor.intercept(ClasspathAlignmentCheckingLauncherInterceptor.java:25)
	at org.junit.platform.launcher.core.InterceptingLauncher.execute(InterceptingLauncher.java:56)
	at org.junit.platform.launcher.core.DelegatingLauncher.execute(DelegatingLauncher.java:58)
	at java.base/jdk.internal.reflect.NativeMethodAccessorImpl.invoke0(Native Method)
	at java.base/jdk.internal.reflect.NativeMethodAccessorImpl.invoke(NativeMethodAccessorImpl.java:77)
	at java.base/jdk.internal.reflect.DelegatingMethodAccessorImpl.invoke(DelegatingMethodAccessorImpl.java:43)
	at java.base/java.lang.reflect.Method.invoke(Method.java:568)
	at org.apache.maven.surefire.api.util.ReflectionUtils.invokeMethodWithArray(ReflectionUtils.java:125)
	at org.apache.maven.surefire.junitplatform.LauncherAdapter.executeWithCancellationToken(LauncherAdapter.java:68)
	at org.apache.maven.surefire.junitplatform.LauncherAdapter.execute(LauncherAdapter.java:54)
	at org.apache.maven.surefire.junitplatform.JUnitPlatformProvider.execute(JUnitPlatformProvider.java:203)
	at org.apache.maven.surefire.junitplatform.JUnitPlatformProvider.invokeAllTests(JUnitPlatformProvider.java:168)
	at org.apache.maven.surefire.junitplatform.JUnitPlatformProvider.invoke(JUnitPlatformProvider.java:136)
	at org.apache.maven.surefire.booter.ForkedBooter.runSuitesInProcess(ForkedBooter.java:385)
	at org.apache.maven.surefire.booter.ForkedBooter.execute(ForkedBooter.java:162)
	at org.apache.maven.surefire.booter.ForkedBooter.run(ForkedBooter.java:507)
	at org.apache.maven.surefire.booter.ForkedBooter.main(ForkedBooter.java:495)
Caused by: org.hibernate.service.spi.ServiceException: Unable to create requested service [org.hibernate.engine.jdbc.env.spi.JdbcEnvironment] due to: Unable to determine Dialect without JDBC metadata (please set 'jakarta.persistence.jdbc.url' for common cases or 'hibernate.dialect' when a custom Dialect implementation must be provided)
	at org.hibernate.service.internal.AbstractServiceRegistryImpl.createService(AbstractServiceRegistryImpl.java:273)
	at org.hibernate.service.internal.AbstractServiceRegistryImpl.initializeService(AbstractServiceRegistryImpl.java:235)
	at org.hibernate.service.internal.AbstractServiceRegistryImpl.getService(AbstractServiceRegistryImpl.java:212)
	at org.hibernate.boot.model.relational.Database.<init>(Database.java:44)
	at org.hibernate.boot.internal.InFlightMetadataCollectorImpl.getDatabase(InFlightMetadataCollectorImpl.java:251)
	at org.hibernate.boot.internal.InFlightMetadataCollectorImpl.<init>(InFlightMetadataCollectorImpl.java:203)
	at org.hibernate.boot.model.process.spi.MetadataBuildingProcess.complete(MetadataBuildingProcess.java:172)
	at org.hibernate.jpa.boot.internal.EntityManagerFactoryBuilderImpl.metadata(EntityManagerFactoryBuilderImpl.java:1392)
	at org.hibernate.jpa.boot.internal.EntityManagerFactoryBuilderImpl.populateSessionFactoryBuilder(EntityManagerFactoryBuilderImpl.java:1472)
	at org.hibernate.jpa.boot.internal.EntityManagerFactoryBuilderImpl.build(EntityManagerFactoryBuilderImpl.java:1454)
	at org.springframework.orm.jpa.vendor.SpringHibernateJpaPersistenceProvider.createContainerEntityManagerFactory(SpringHibernateJpaPersistenceProvider.java:93)
	at org.springframework.orm.jpa.LocalContainerEntityManagerFactoryBean.createNativeEntityManagerFactory(LocalContainerEntityManagerFactoryBean.java:443)
	at org.springframework.orm.jpa.AbstractEntityManagerFactoryBean.buildNativeEntityManagerFactory(AbstractEntityManagerFactoryBean.java:436)
	at org.springframework.orm.jpa.AbstractEntityManagerFactoryBean.afterPropertiesSet(AbstractEntityManagerFactoryBean.java:411)
	at org.springframework.orm.jpa.LocalContainerEntityManagerFactoryBean.afterPropertiesSet(LocalContainerEntityManagerFactoryBean.java:419)
	at org.springframework.beans.factory.support.AbstractAutowireCapableBeanFactory.invokeInitMethods(AbstractAutowireCapableBeanFactory.java:1864)
	at org.springframework.beans.factory.support.AbstractAutowireCapableBeanFactory.initializeBean(AbstractAutowireCapableBeanFactory.java:1813)
	... 108 more
Caused by: org.hibernate.HibernateException: Unable to determine Dialect without JDBC metadata (please set 'jakarta.persistence.jdbc.url' for common cases or 'hibernate.dialect' when a custom Dialect implementation must be provided)
	at org.hibernate.engine.jdbc.dialect.internal.DialectFactoryImpl.determineDialect(DialectFactoryImpl.java:190)
	at org.hibernate.engine.jdbc.dialect.internal.DialectFactoryImpl.buildDialect(DialectFactoryImpl.java:86)
	at org.hibernate.engine.jdbc.env.internal.JdbcEnvironmentInitiator.getJdbcEnvironmentWithDefaults(JdbcEnvironmentInitiator.java:200)
	at org.hibernate.engine.jdbc.env.internal.JdbcEnvironmentInitiator.getJdbcEnvironmentUsingJdbcMetadata(JdbcEnvironmentInitiator.java:452)
	at org.hibernate.engine.jdbc.env.internal.JdbcEnvironmentInitiator.getJdbcEnvironment(JdbcEnvironmentInitiator.java:143)
	at org.hibernate.engine.jdbc.env.internal.JdbcEnvironmentInitiator.initiateService(JdbcEnvironmentInitiator.java:120)
	at org.hibernate.engine.jdbc.env.internal.JdbcEnvironmentInitiator.initiateService(JdbcEnvironmentInitiator.java:80)
	at org.hibernate.boot.registry.internal.StandardServiceRegistryImpl.initiateService(StandardServiceRegistryImpl.java:133)
	at org.hibernate.service.internal.AbstractServiceRegistryImpl.createService(AbstractServiceRegistryImpl.java:260)
	... 124 more
2026-09-15 14:38:53.229 [main] WARN  org.springframework.test.context.TestContextManager - Caught exception while allowing TestExecutionListener [org.springframework.test.context.web.ServletTestExecutionListener] to prepare test instance [com.demo.Docker.DockerApplicationTests@8c3b634]
java.lang.IllegalStateException: Failed to load ApplicationContext for [WebMergedContextConfiguration@5bf4dfb testClass = com.demo.Docker.DockerApplicationTests, locations = [], classes = [com.demo.Docker.DockerApplication], contextInitializerClasses = [], activeProfiles = [], propertySourceDescriptors = [], propertySourceProperties = ["org.springframework.boot.test.context.SpringBootTestContextBootstrapper=true"], contextCustomizers = [org.springframework.boot.test.context.PropertyMappingContextCustomizer@0, org.springframework.boot.test.context.filter.ExcludeFilterContextCustomizer@40d10481, org.springframework.boot.test.json.DuplicateJsonObjectContextCustomizerFactory$DuplicateJsonObjectContextCustomizer@1dcca8d3, org.springframework.boot.test.autoconfigure.OnFailureConditionReportContextCustomizerFactory$OnFailureConditionReportContextCustomizer@6124287a, org.springframework.test.context.support.DynamicPropertiesContextCustomizer@0, org.springframework.boot.webmvc.test.autoconfigure.WebDriverContextCustomizer@7e7f0f0a, org.springframework.boot.web.server.context.SpringBootTestRandomPortContextCustomizer@656d10a4, org.springframework.boot.test.context.SpringBootTestAnnotation@c573e310], resourceBasePath = "src/main/webapp", contextLoader = org.springframework.boot.test.context.SpringBootContextLoader, parent = null]
	at org.springframework.test.context.cache.DefaultCacheAwareContextLoaderDelegate.lambda$loadContext$0(DefaultCacheAwareContextLoaderDelegate.java:195)
	at org.springframework.test.context.cache.DefaultContextCache.put(DefaultContextCache.java:214)
	at org.springframework.test.context.cache.DefaultCacheAwareContextLoaderDelegate.loadContext(DefaultCacheAwareContextLoaderDelegate.java:160)
	at org.springframework.test.context.support.DefaultTestContext.getApplicationContext(DefaultTestContext.java:128)
	at org.springframework.test.context.web.ServletTestExecutionListener.setUpRequestContextIfNecessary(ServletTestExecutionListener.java:200)
	at org.springframework.test.context.web.ServletTestExecutionListener.prepareTestInstance(ServletTestExecutionListener.java:139)
	at org.springframework.test.context.TestContextManager.prepareTestInstance(TestContextManager.java:260)
	at org.springframework.test.context.junit.jupiter.SpringExtension.postProcessTestInstance(SpringExtension.java:210)
	at org.junit.jupiter.engine.descriptor.ClassBasedTestDescriptor.lambda$invokeTestInstancePostProcessors$1(ClassBasedTestDescriptor.java:423)
	at org.junit.jupiter.engine.descriptor.ClassBasedTestDescriptor.executeAndMaskThrowable(ClassBasedTestDescriptor.java:428)
	at org.junit.jupiter.engine.descriptor.ClassBasedTestDescriptor.lambda$invokeTestInstancePostProcessors$0(ClassBasedTestDescriptor.java:422)
	at java.base/java.util.stream.ForEachOps$ForEachOp$OfRef.accept(ForEachOps.java:183)
	at java.base/java.util.stream.ReferencePipeline$3$1.accept(ReferencePipeline.java:197)
	at java.base/java.util.stream.ReferencePipeline$2$1.accept(ReferencePipeline.java:179)
	at java.base/java.util.stream.ReferencePipeline$3$1.accept(ReferencePipeline.java:197)
	at java.base/java.util.ArrayList$ArrayListSpliterator.forEachRemaining(ArrayList.java:1625)
	at java.base/java.util.stream.AbstractPipeline.copyInto(AbstractPipeline.java:509)
	at java.base/java.util.stream.AbstractPipeline.wrapAndCopyInto(AbstractPipeline.java:499)
	at java.base/java.util.stream.ForEachOps$ForEachOp.evaluateSequential(ForEachOps.java:150)
	at java.base/java.util.stream.ForEachOps$ForEachOp$OfRef.evaluateSequential(ForEachOps.java:173)
	at java.base/java.util.stream.AbstractPipeline.evaluate(AbstractPipeline.java:234)
	at java.base/java.util.stream.ReferencePipeline.forEach(ReferencePipeline.java:596)
	at org.junit.jupiter.engine.descriptor.ClassBasedTestDescriptor.invokeTestInstancePostProcessors(ClassBasedTestDescriptor.java:422)
	at org.junit.jupiter.engine.descriptor.ClassBasedTestDescriptor.lambda$instantiateAndPostProcessTestInstance$0(ClassBasedTestDescriptor.java:334)
	at org.junit.platform.engine.support.hierarchical.ThrowableCollector.execute(ThrowableCollector.java:74)
	at org.junit.jupiter.engine.descriptor.ClassBasedTestDescriptor.instantiateAndPostProcessTestInstance(ClassBasedTestDescriptor.java:333)
	at org.junit.jupiter.engine.descriptor.ClassBasedTestDescriptor.lambda$testInstancesProvider$1(ClassBasedTestDescriptor.java:322)
	at java.base/java.util.Optional.orElseGet(Optional.java:364)
	at org.junit.jupiter.engine.descriptor.ClassBasedTestDescriptor.lambda$testInstancesProvider$0(ClassBasedTestDescriptor.java:321)
	at org.junit.jupiter.engine.execution.TestInstancesProvider.getTestInstances(TestInstancesProvider.java:27)
	at org.junit.jupiter.engine.descriptor.TestMethodTestDescriptor.lambda$prepare$0(TestMethodTestDescriptor.java:127)
	at org.junit.platform.engine.support.hierarchical.ThrowableCollector.execute(ThrowableCollector.java:74)
	at org.junit.jupiter.engine.descriptor.TestMethodTestDescriptor.prepare(TestMethodTestDescriptor.java:126)
	at org.junit.jupiter.engine.descriptor.TestMethodTestDescriptor.prepare(TestMethodTestDescriptor.java:70)
	at org.junit.platform.engine.support.hierarchical.NodeTestTask.lambda$prepare$0(NodeTestTask.java:144)
	at org.junit.platform.engine.support.hierarchical.ThrowableCollector.execute(ThrowableCollector.java:74)
	at org.junit.platform.engine.support.hierarchical.NodeTestTask.prepare(NodeTestTask.java:144)
	at org.junit.platform.engine.support.hierarchical.NodeTestTask.execute(NodeTestTask.java:110)
	at java.base/java.util.ArrayList.forEach(ArrayList.java:1511)
	at org.junit.platform.engine.support.hierarchical.SameThreadHierarchicalTestExecutorService.invokeAll(SameThreadHierarchicalTestExecutorService.java:42)
	at org.junit.platform.engine.support.hierarchical.NodeTestTask.lambda$executeRecursively$2(NodeTestTask.java:180)
	at org.junit.platform.engine.support.hierarchical.ThrowableCollector.execute(ThrowableCollector.java:74)
	at org.junit.platform.engine.support.hierarchical.NodeTestTask.lambda$executeRecursively$1(NodeTestTask.java:166)
	at org.junit.platform.engine.support.hierarchical.Node.around(Node.java:138)
	at org.junit.platform.engine.support.hierarchical.NodeTestTask.lambda$executeRecursively$0(NodeTestTask.java:164)
	at org.junit.platform.engine.support.hierarchical.ThrowableCollector.execute(ThrowableCollector.java:74)
	at org.junit.platform.engine.support.hierarchical.NodeTestTask.executeRecursively(NodeTestTask.java:163)
	at org.junit.platform.engine.support.hierarchical.NodeTestTask.execute(NodeTestTask.java:116)
	at java.base/java.util.ArrayList.forEach(ArrayList.java:1511)
	at org.junit.platform.engine.support.hierarchical.SameThreadHierarchicalTestExecutorService.invokeAll(SameThreadHierarchicalTestExecutorService.java:42)
	at org.junit.platform.engine.support.hierarchical.NodeTestTask.lambda$executeRecursively$2(NodeTestTask.java:180)
	at org.junit.platform.engine.support.hierarchical.ThrowableCollector.execute(ThrowableCollector.java:74)
	at org.junit.platform.engine.support.hierarchical.NodeTestTask.lambda$executeRecursively$1(NodeTestTask.java:166)
	at org.junit.platform.engine.support.hierarchical.Node.around(Node.java:138)
	at org.junit.platform.engine.support.hierarchical.NodeTestTask.lambda$executeRecursively$0(NodeTestTask.java:164)
	at org.junit.platform.engine.support.hierarchical.ThrowableCollector.execute(ThrowableCollector.java:74)
	at org.junit.platform.engine.support.hierarchical.NodeTestTask.executeRecursively(NodeTestTask.java:163)
	at org.junit.platform.engine.support.hierarchical.NodeTestTask.execute(NodeTestTask.java:116)
	at org.junit.platform.engine.support.hierarchical.SameThreadHierarchicalTestExecutorService.submit(SameThreadHierarchicalTestExecutorService.java:36)
	at org.junit.platform.engine.support.hierarchical.HierarchicalTestExecutor.execute(HierarchicalTestExecutor.java:52)
	at org.junit.platform.engine.support.hierarchical.HierarchicalTestEngine.execute(HierarchicalTestEngine.java:58)
	at org.junit.platform.launcher.core.EngineExecutionOrchestrator.executeEngine(EngineExecutionOrchestrator.java:246)
	at org.junit.platform.launcher.core.EngineExecutionOrchestrator.failOrExecuteEngine(EngineExecutionOrchestrator.java:218)
	at org.junit.platform.launcher.core.EngineExecutionOrchestrator.execute(EngineExecutionOrchestrator.java:179)
	at org.junit.platform.launcher.core.EngineExecutionOrchestrator.execute(EngineExecutionOrchestrator.java:108)
	at org.junit.platform.launcher.core.EngineExecutionOrchestrator.lambda$execute$0(EngineExecutionOrchestrator.java:66)
	at org.junit.platform.launcher.core.EngineExecutionOrchestrator.withInterceptedStreams(EngineExecutionOrchestrator.java:157)
	at org.junit.platform.launcher.core.EngineExecutionOrchestrator.execute(EngineExecutionOrchestrator.java:65)
	at org.junit.platform.launcher.core.DefaultLauncher.execute(DefaultLauncher.java:125)
	at org.junit.platform.launcher.core.DefaultLauncher.execute(DefaultLauncher.java:114)
	at org.junit.platform.launcher.core.DelegatingLauncher.execute(DelegatingLauncher.java:58)
	at org.junit.platform.launcher.core.InterceptingLauncher.lambda$execute$2(InterceptingLauncher.java:57)
	at org.junit.platform.launcher.core.ClasspathAlignmentCheckingLauncherInterceptor.intercept(ClasspathAlignmentCheckingLauncherInterceptor.java:25)
	at org.junit.platform.launcher.core.InterceptingLauncher.execute(InterceptingLauncher.java:56)
	at org.junit.platform.launcher.core.DelegatingLauncher.execute(DelegatingLauncher.java:58)
	at java.base/jdk.internal.reflect.NativeMethodAccessorImpl.invoke0(Native Method)
	at java.base/jdk.internal.reflect.NativeMethodAccessorImpl.invoke(NativeMethodAccessorImpl.java:77)
	at java.base/jdk.internal.reflect.DelegatingMethodAccessorImpl.invoke(DelegatingMethodAccessorImpl.java:43)
	at java.base/java.lang.reflect.Method.invoke(Method.java:568)
	at org.apache.maven.surefire.api.util.ReflectionUtils.invokeMethodWithArray(ReflectionUtils.java:125)
	at org.apache.maven.surefire.junitplatform.LauncherAdapter.executeWithCancellationToken(LauncherAdapter.java:68)
	at org.apache.maven.surefire.junitplatform.LauncherAdapter.execute(LauncherAdapter.java:54)
	at org.apache.maven.surefire.junitplatform.JUnitPlatformProvider.execute(JUnitPlatformProvider.java:203)
	at org.apache.maven.surefire.junitplatform.JUnitPlatformProvider.invokeAllTests(JUnitPlatformProvider.java:168)
	at org.apache.maven.surefire.junitplatform.JUnitPlatformProvider.invoke(JUnitPlatformProvider.java:136)
	at org.apache.maven.surefire.booter.ForkedBooter.runSuitesInProcess(ForkedBooter.java:385)
	at org.apache.maven.surefire.booter.ForkedBooter.execute(ForkedBooter.java:162)
	at org.apache.maven.surefire.booter.ForkedBooter.run(ForkedBooter.java:507)
	at org.apache.maven.surefire.booter.ForkedBooter.main(ForkedBooter.java:495)
Caused by: org.springframework.beans.factory.BeanCreationException: Error creating bean with name 'entityManagerFactory' defined in class path resource [org/springframework/boot/hibernate/autoconfigure/HibernateJpaConfiguration.class]: Unable to create requested service [org.hibernate.engine.jdbc.env.spi.JdbcEnvironment] due to: Unable to determine Dialect without JDBC metadata (please set 'jakarta.persistence.jdbc.url' for common cases or 'hibernate.dialect' when a custom Dialect implementation must be provided)
	at org.springframework.beans.factory.support.AbstractAutowireCapableBeanFactory.initializeBean(AbstractAutowireCapableBeanFactory.java:1817)
	at org.springframework.beans.factory.support.AbstractAutowireCapableBeanFactory.doCreateBean(AbstractAutowireCapableBeanFactory.java:603)
	at org.springframework.beans.factory.support.AbstractAutowireCapableBeanFactory.createBean(AbstractAutowireCapableBeanFactory.java:525)
	at org.springframework.beans.factory.support.AbstractBeanFactory.lambda$doGetBean$0(AbstractBeanFactory.java:333)
	at org.springframework.beans.factory.support.DefaultSingletonBeanRegistry.getSingleton(DefaultSingletonBeanRegistry.java:371)
	at org.springframework.beans.factory.support.AbstractBeanFactory.doGetBean(AbstractBeanFactory.java:331)
	at org.springframework.beans.factory.support.AbstractBeanFactory.getBean(AbstractBeanFactory.java:201)
	at org.springframework.context.support.AbstractApplicationContext.finishBeanFactoryInitialization(AbstractApplicationContext.java:977)
	at org.springframework.context.support.AbstractApplicationContext.refresh(AbstractApplicationContext.java:621)
	at org.springframework.boot.SpringApplication.refresh(SpringApplication.java:756)
	at org.springframework.boot.SpringApplication.refreshContext(SpringApplication.java:445)
	at org.springframework.boot.SpringApplication.run(SpringApplication.java:321)
	at org.springframework.boot.test.context.SpringBootContextLoader.lambda$loadContext$2(SpringBootContextLoader.java:155)
	at org.springframework.util.function.ThrowingSupplier.get(ThrowingSupplier.java:58)
	at org.springframework.util.function.ThrowingSupplier.get(ThrowingSupplier.java:46)
	at org.springframework.boot.SpringApplication.withHook(SpringApplication.java:1465)
	at org.springframework.boot.test.context.SpringBootContextLoader$ContextLoaderHook.run(SpringBootContextLoader.java:600)
	at org.springframework.boot.test.context.SpringBootContextLoader.loadContext(SpringBootContextLoader.java:155)
	at org.springframework.boot.test.context.SpringBootContextLoader.loadContext(SpringBootContextLoader.java:114)
	at org.springframework.test.context.cache.DefaultCacheAwareContextLoaderDelegate.loadContextInternal(DefaultCacheAwareContextLoaderDelegate.java:247)
	at org.springframework.test.context.cache.DefaultCacheAwareContextLoaderDelegate.lambda$loadContext$0(DefaultCacheAwareContextLoaderDelegate.java:167)
	... 88 more
Caused by: org.hibernate.service.spi.ServiceException: Unable to create requested service [org.hibernate.engine.jdbc.env.spi.JdbcEnvironment] due to: Unable to determine Dialect without JDBC metadata (please set 'jakarta.persistence.jdbc.url' for common cases or 'hibernate.dialect' when a custom Dialect implementation must be provided)
	at org.hibernate.service.internal.AbstractServiceRegistryImpl.createService(AbstractServiceRegistryImpl.java:273)
	at org.hibernate.service.internal.AbstractServiceRegistryImpl.initializeService(AbstractServiceRegistryImpl.java:235)
	at org.hibernate.service.internal.AbstractServiceRegistryImpl.getService(AbstractServiceRegistryImpl.java:212)
	at org.hibernate.boot.model.relational.Database.<init>(Database.java:44)
	at org.hibernate.boot.internal.InFlightMetadataCollectorImpl.getDatabase(InFlightMetadataCollectorImpl.java:251)
	at org.hibernate.boot.internal.InFlightMetadataCollectorImpl.<init>(InFlightMetadataCollectorImpl.java:203)
	at org.hibernate.boot.model.process.spi.MetadataBuildingProcess.complete(MetadataBuildingProcess.java:172)
	at org.hibernate.jpa.boot.internal.EntityManagerFactoryBuilderImpl.metadata(EntityManagerFactoryBuilderImpl.java:1392)
	at org.hibernate.jpa.boot.internal.EntityManagerFactoryBuilderImpl.populateSessionFactoryBuilder(EntityManagerFactoryBuilderImpl.java:1472)
	at org.hibernate.jpa.boot.internal.EntityManagerFactoryBuilderImpl.build(EntityManagerFactoryBuilderImpl.java:1454)
	at org.springframework.orm.jpa.vendor.SpringHibernateJpaPersistenceProvider.createContainerEntityManagerFactory(SpringHibernateJpaPersistenceProvider.java:93)
	at org.springframework.orm.jpa.LocalContainerEntityManagerFactoryBean.createNativeEntityManagerFactory(LocalContainerEntityManagerFactoryBean.java:443)
	at org.springframework.orm.jpa.AbstractEntityManagerFactoryBean.buildNativeEntityManagerFactory(AbstractEntityManagerFactoryBean.java:436)
	at org.springframework.orm.jpa.AbstractEntityManagerFactoryBean.afterPropertiesSet(AbstractEntityManagerFactoryBean.java:411)
	at org.springframework.orm.jpa.LocalContainerEntityManagerFactoryBean.afterPropertiesSet(LocalContainerEntityManagerFactoryBean.java:419)
	at org.springframework.beans.factory.support.AbstractAutowireCapableBeanFactory.invokeInitMethods(AbstractAutowireCapableBeanFactory.java:1864)
	at org.springframework.beans.factory.support.AbstractAutowireCapableBeanFactory.initializeBean(AbstractAutowireCapableBeanFactory.java:1813)
	... 108 more
Caused by: org.hibernate.HibernateException: Unable to determine Dialect without JDBC metadata (please set 'jakarta.persistence.jdbc.url' for common cases or 'hibernate.dialect' when a custom Dialect implementation must be provided)
	at org.hibernate.engine.jdbc.dialect.internal.DialectFactoryImpl.determineDialect(DialectFactoryImpl.java:190)
	at org.hibernate.engine.jdbc.dialect.internal.DialectFactoryImpl.buildDialect(DialectFactoryImpl.java:86)
	at org.hibernate.engine.jdbc.env.internal.JdbcEnvironmentInitiator.getJdbcEnvironmentWithDefaults(JdbcEnvironmentInitiator.java:200)
	at org.hibernate.engine.jdbc.env.internal.JdbcEnvironmentInitiator.getJdbcEnvironmentUsingJdbcMetadata(JdbcEnvironmentInitiator.java:452)
	at org.hibernate.engine.jdbc.env.internal.JdbcEnvironmentInitiator.getJdbcEnvironment(JdbcEnvironmentInitiator.java:143)
	at org.hibernate.engine.jdbc.env.internal.JdbcEnvironmentInitiator.initiateService(JdbcEnvironmentInitiator.java:120)
	at org.hibernate.engine.jdbc.env.internal.JdbcEnvironmentInitiator.initiateService(JdbcEnvironmentInitiator.java:80)
	at org.hibernate.boot.registry.internal.StandardServiceRegistryImpl.initiateService(StandardServiceRegistryImpl.java:133)
	at org.hibernate.service.internal.AbstractServiceRegistryImpl.createService(AbstractServiceRegistryImpl.java:260)
	... 124 more
2026-09-15 14:43:05.091 [main] INFO  org.springframework.test.context.support.AnnotationConfigContextLoaderUtils - Could not detect default configuration classes for test class [com.demo.Docker.DockerApplicationTests]: DockerApplicationTests does not declare any static, non-private, non-final, nested classes annotated with @Configuration.
2026-09-15 14:43:05.199 [main] INFO  org.springframework.boot.test.context.SpringBootTestContextBootstrapper - Found @SpringBootConfiguration com.demo.Docker.DockerApplication for test class com.demo.Docker.DockerApplicationTests
2026-09-15 14:43:05.282 [main] INFO  org.springframework.test.context.support.AnnotationConfigContextLoaderUtils - Could not detect default configuration classes for test class [com.demo.Docker.DockerApplicationTests]: DockerApplicationTests does not declare any static, non-private, non-final, nested classes annotated with @Configuration.
2026-09-15 14:43:05.283 [main] INFO  org.springframework.boot.test.context.SpringBootTestContextBootstrapper - Found @SpringBootConfiguration com.demo.Docker.DockerApplication for test class com.demo.Docker.DockerApplicationTests
2026-09-15 14:43:05.575 [main] INFO  com.demo.Docker.DockerApplicationTests - Starting DockerApplicationTests using Java 17.0.7 with PID 17256 (started by Sai in C:\Amit singh\Docker\Docker)
2026-09-15 14:43:05.579 [main] INFO  com.demo.Docker.DockerApplicationTests - No active profile set, falling back to 1 default profile: "default"
2026-09-15 14:43:06.152 [main] INFO  org.springframework.data.repository.config.RepositoryConfigurationDelegate - Bootstrapping Spring Data JPA repositories in DEFAULT mode.
2026-09-15 14:43:06.217 [main] INFO  org.springframework.data.repository.config.RepositoryConfigurationDelegate - Finished Spring Data repository scanning in 54 ms. Found 1 JPA repository interface.
2026-09-15 14:43:06.699 [main] INFO  org.hibernate.orm.jpa - HHH008540: Processing PersistenceUnitInfo [name: default]
2026-09-15 14:43:06.774 [main] INFO  org.hibernate.orm.core - HHH000001: Hibernate ORM core version 7.2.7.Final
2026-09-15 14:43:07.510 [main] INFO  org.springframework.orm.jpa.persistenceunit.SpringPersistenceUnitInfo - No LoadTimeWeaver setup: ignoring JPA class transformer
2026-09-15 14:43:07.551 [main] INFO  com.zaxxer.hikari.HikariDataSource - HikariPool-1 - Starting...
2026-09-15 14:43:11.282 [main] WARN  org.hibernate.orm.jdbc.error - HHH000247: ErrorCode: 1017, SQLState: 72000
2026-09-15 14:43:11.282 [main] WARN  org.hibernate.orm.jdbc.error - ORA-01017: invalid username/password; logon denied

https://docs.oracle.com/error-help/db/ora-01017/
2026-09-15 14:43:11.283 [main] WARN  org.hibernate.orm.jdbc - HHH100046: Could not obtain connection to query JDBC database metadata
org.hibernate.exception.GenericJDBCException: Unable to obtain isolated JDBC connection [ORA-01017: invalid username/password; logon denied

https://docs.oracle.com/error-help/db/ora-01017/] [n/a]
	at org.hibernate.exception.internal.StandardSQLExceptionConverter.convert(StandardSQLExceptionConverter.java:39)
	at org.hibernate.engine.jdbc.spi.SqlExceptionHelper.convert(SqlExceptionHelper.java:115)
	at org.hibernate.engine.jdbc.spi.SqlExceptionHelper.convert(SqlExceptionHelper.java:101)
	at org.hibernate.resource.transaction.backend.jdbc.internal.JdbcIsolationDelegate.delegateWork(JdbcIsolationDelegate.java:51)
	at org.hibernate.engine.jdbc.env.internal.JdbcEnvironmentInitiator.getJdbcEnvironmentUsingJdbcMetadata(JdbcEnvironmentInitiator.java:366)
	at org.hibernate.engine.jdbc.env.internal.JdbcEnvironmentInitiator.getJdbcEnvironment(JdbcEnvironmentInitiator.java:143)
	at org.hibernate.engine.jdbc.env.internal.JdbcEnvironmentInitiator.initiateService(JdbcEnvironmentInitiator.java:120)
	at org.hibernate.engine.jdbc.env.internal.JdbcEnvironmentInitiator.initiateService(JdbcEnvironmentInitiator.java:80)
	at org.hibernate.boot.registry.internal.StandardServiceRegistryImpl.initiateService(StandardServiceRegistryImpl.java:133)
	at org.hibernate.service.internal.AbstractServiceRegistryImpl.createService(AbstractServiceRegistryImpl.java:260)
	at org.hibernate.service.internal.AbstractServiceRegistryImpl.initializeService(AbstractServiceRegistryImpl.java:235)
	at org.hibernate.service.internal.AbstractServiceRegistryImpl.getService(AbstractServiceRegistryImpl.java:212)
	at org.hibernate.boot.model.relational.Database.<init>(Database.java:44)
	at org.hibernate.boot.internal.InFlightMetadataCollectorImpl.getDatabase(InFlightMetadataCollectorImpl.java:251)
	at org.hibernate.boot.internal.InFlightMetadataCollectorImpl.<init>(InFlightMetadataCollectorImpl.java:203)
	at org.hibernate.boot.model.process.spi.MetadataBuildingProcess.complete(MetadataBuildingProcess.java:172)
	at org.hibernate.jpa.boot.internal.EntityManagerFactoryBuilderImpl.metadata(EntityManagerFactoryBuilderImpl.java:1392)
	at org.hibernate.jpa.boot.internal.EntityManagerFactoryBuilderImpl.populateSessionFactoryBuilder(EntityManagerFactoryBuilderImpl.java:1472)
	at org.hibernate.jpa.boot.internal.EntityManagerFactoryBuilderImpl.build(EntityManagerFactoryBuilderImpl.java:1454)
	at org.springframework.orm.jpa.vendor.SpringHibernateJpaPersistenceProvider.createContainerEntityManagerFactory(SpringHibernateJpaPersistenceProvider.java:93)
	at org.springframework.orm.jpa.LocalContainerEntityManagerFactoryBean.createNativeEntityManagerFactory(LocalContainerEntityManagerFactoryBean.java:443)
	at org.springframework.orm.jpa.AbstractEntityManagerFactoryBean.buildNativeEntityManagerFactory(AbstractEntityManagerFactoryBean.java:436)
	at org.springframework.orm.jpa.AbstractEntityManagerFactoryBean.afterPropertiesSet(AbstractEntityManagerFactoryBean.java:411)
	at org.springframework.orm.jpa.LocalContainerEntityManagerFactoryBean.afterPropertiesSet(LocalContainerEntityManagerFactoryBean.java:419)
	at org.springframework.beans.factory.support.AbstractAutowireCapableBeanFactory.invokeInitMethods(AbstractAutowireCapableBeanFactory.java:1864)
	at org.springframework.beans.factory.support.AbstractAutowireCapableBeanFactory.initializeBean(AbstractAutowireCapableBeanFactory.java:1813)
	at org.springframework.beans.factory.support.AbstractAutowireCapableBeanFactory.doCreateBean(AbstractAutowireCapableBeanFactory.java:603)
	at org.springframework.beans.factory.support.AbstractAutowireCapableBeanFactory.createBean(AbstractAutowireCapableBeanFactory.java:525)
	at org.springframework.beans.factory.support.AbstractBeanFactory.lambda$doGetBean$0(AbstractBeanFactory.java:333)
	at org.springframework.beans.factory.support.DefaultSingletonBeanRegistry.getSingleton(DefaultSingletonBeanRegistry.java:371)
	at org.springframework.beans.factory.support.AbstractBeanFactory.doGetBean(AbstractBeanFactory.java:331)
	at org.springframework.beans.factory.support.AbstractBeanFactory.getBean(AbstractBeanFactory.java:201)
	at org.springframework.context.support.AbstractApplicationContext.finishBeanFactoryInitialization(AbstractApplicationContext.java:977)
	at org.springframework.context.support.AbstractApplicationContext.refresh(AbstractApplicationContext.java:621)
	at org.springframework.boot.SpringApplication.refresh(SpringApplication.java:756)
	at org.springframework.boot.SpringApplication.refreshContext(SpringApplication.java:445)
	at org.springframework.boot.SpringApplication.run(SpringApplication.java:321)
	at org.springframework.boot.test.context.SpringBootContextLoader.lambda$loadContext$2(SpringBootContextLoader.java:155)
	at org.springframework.util.function.ThrowingSupplier.get(ThrowingSupplier.java:58)
	at org.springframework.util.function.ThrowingSupplier.get(ThrowingSupplier.java:46)
	at org.springframework.boot.SpringApplication.withHook(SpringApplication.java:1465)
	at org.springframework.boot.test.context.SpringBootContextLoader$ContextLoaderHook.run(SpringBootContextLoader.java:600)
	at org.springframework.boot.test.context.SpringBootContextLoader.loadContext(SpringBootContextLoader.java:155)
	at org.springframework.boot.test.context.SpringBootContextLoader.loadContext(SpringBootContextLoader.java:114)
	at org.springframework.test.context.cache.DefaultCacheAwareContextLoaderDelegate.loadContextInternal(DefaultCacheAwareContextLoaderDelegate.java:247)
	at org.springframework.test.context.cache.DefaultCacheAwareContextLoaderDelegate.lambda$loadContext$0(DefaultCacheAwareContextLoaderDelegate.java:167)
	at org.springframework.test.context.cache.DefaultContextCache.put(DefaultContextCache.java:214)
	at org.springframework.test.context.cache.DefaultCacheAwareContextLoaderDelegate.loadContext(DefaultCacheAwareContextLoaderDelegate.java:160)
	at org.springframework.test.context.support.DefaultTestContext.getApplicationContext(DefaultTestContext.java:128)
	at org.springframework.test.context.web.ServletTestExecutionListener.setUpRequestContextIfNecessary(ServletTestExecutionListener.java:200)
	at org.springframework.test.context.web.ServletTestExecutionListener.prepareTestInstance(ServletTestExecutionListener.java:139)
	at org.springframework.test.context.TestContextManager.prepareTestInstance(TestContextManager.java:260)
	at org.springframework.test.context.junit.jupiter.SpringExtension.postProcessTestInstance(SpringExtension.java:210)
	at org.junit.jupiter.engine.descriptor.ClassBasedTestDescriptor.lambda$invokeTestInstancePostProcessors$1(ClassBasedTestDescriptor.java:423)
	at org.junit.jupiter.engine.descriptor.ClassBasedTestDescriptor.executeAndMaskThrowable(ClassBasedTestDescriptor.java:428)
	at org.junit.jupiter.engine.descriptor.ClassBasedTestDescriptor.lambda$invokeTestInstancePostProcessors$0(ClassBasedTestDescriptor.java:422)
	at java.base/java.util.stream.ForEachOps$ForEachOp$OfRef.accept(ForEachOps.java:183)
	at java.base/java.util.stream.ReferencePipeline$3$1.accept(ReferencePipeline.java:197)
	at java.base/java.util.stream.ReferencePipeline$2$1.accept(ReferencePipeline.java:179)
	at java.base/java.util.stream.ReferencePipeline$3$1.accept(ReferencePipeline.java:197)
	at java.base/java.util.ArrayList$ArrayListSpliterator.forEachRemaining(ArrayList.java:1625)
	at java.base/java.util.stream.AbstractPipeline.copyInto(AbstractPipeline.java:509)
	at java.base/java.util.stream.AbstractPipeline.wrapAndCopyInto(AbstractPipeline.java:499)
	at java.base/java.util.stream.ForEachOps$ForEachOp.evaluateSequential(ForEachOps.java:150)
	at java.base/java.util.stream.ForEachOps$ForEachOp$OfRef.evaluateSequential(ForEachOps.java:173)
	at java.base/java.util.stream.AbstractPipeline.evaluate(AbstractPipeline.java:234)
	at java.base/java.util.stream.ReferencePipeline.forEach(ReferencePipeline.java:596)
	at org.junit.jupiter.engine.descriptor.ClassBasedTestDescriptor.invokeTestInstancePostProcessors(ClassBasedTestDescriptor.java:422)
	at org.junit.jupiter.engine.descriptor.ClassBasedTestDescriptor.lambda$instantiateAndPostProcessTestInstance$0(ClassBasedTestDescriptor.java:334)
	at org.junit.platform.engine.support.hierarchical.ThrowableCollector.execute(ThrowableCollector.java:74)
	at org.junit.jupiter.engine.descriptor.ClassBasedTestDescriptor.instantiateAndPostProcessTestInstance(ClassBasedTestDescriptor.java:333)
	at org.junit.jupiter.engine.descriptor.ClassBasedTestDescriptor.lambda$testInstancesProvider$1(ClassBasedTestDescriptor.java:322)
	at java.base/java.util.Optional.orElseGet(Optional.java:364)
	at org.junit.jupiter.engine.descriptor.ClassBasedTestDescriptor.lambda$testInstancesProvider$0(ClassBasedTestDescriptor.java:321)
	at org.junit.jupiter.engine.execution.TestInstancesProvider.getTestInstances(TestInstancesProvider.java:27)
	at org.junit.jupiter.engine.descriptor.TestMethodTestDescriptor.lambda$prepare$0(TestMethodTestDescriptor.java:127)
	at org.junit.platform.engine.support.hierarchical.ThrowableCollector.execute(ThrowableCollector.java:74)
	at org.junit.jupiter.engine.descriptor.TestMethodTestDescriptor.prepare(TestMethodTestDescriptor.java:126)
	at org.junit.jupiter.engine.descriptor.TestMethodTestDescriptor.prepare(TestMethodTestDescriptor.java:70)
	at org.junit.platform.engine.support.hierarchical.NodeTestTask.lambda$prepare$0(NodeTestTask.java:144)
	at org.junit.platform.engine.support.hierarchical.ThrowableCollector.execute(ThrowableCollector.java:74)
	at org.junit.platform.engine.support.hierarchical.NodeTestTask.prepare(NodeTestTask.java:144)
	at org.junit.platform.engine.support.hierarchical.NodeTestTask.execute(NodeTestTask.java:110)
	at java.base/java.util.ArrayList.forEach(ArrayList.java:1511)
	at org.junit.platform.engine.support.hierarchical.SameThreadHierarchicalTestExecutorService.invokeAll(SameThreadHierarchicalTestExecutorService.java:42)
	at org.junit.platform.engine.support.hierarchical.NodeTestTask.lambda$executeRecursively$2(NodeTestTask.java:180)
	at org.junit.platform.engine.support.hierarchical.ThrowableCollector.execute(ThrowableCollector.java:74)
	at org.junit.platform.engine.support.hierarchical.NodeTestTask.lambda$executeRecursively$1(NodeTestTask.java:166)
	at org.junit.platform.engine.support.hierarchical.Node.around(Node.java:138)
	at org.junit.platform.engine.support.hierarchical.NodeTestTask.lambda$executeRecursively$0(NodeTestTask.java:164)
	at org.junit.platform.engine.support.hierarchical.ThrowableCollector.execute(ThrowableCollector.java:74)
	at org.junit.platform.engine.support.hierarchical.NodeTestTask.executeRecursively(NodeTestTask.java:163)
	at org.junit.platform.engine.support.hierarchical.NodeTestTask.execute(NodeTestTask.java:116)
	at java.base/java.util.ArrayList.forEach(ArrayList.java:1511)
	at org.junit.platform.engine.support.hierarchical.SameThreadHierarchicalTestExecutorService.invokeAll(SameThreadHierarchicalTestExecutorService.java:42)
	at org.junit.platform.engine.support.hierarchical.NodeTestTask.lambda$executeRecursively$2(NodeTestTask.java:180)
	at org.junit.platform.engine.support.hierarchical.ThrowableCollector.execute(ThrowableCollector.java:74)
	at org.junit.platform.engine.support.hierarchical.NodeTestTask.lambda$executeRecursively$1(NodeTestTask.java:166)
	at org.junit.platform.engine.support.hierarchical.Node.around(Node.java:138)
	at org.junit.platform.engine.support.hierarchical.NodeTestTask.lambda$executeRecursively$0(NodeTestTask.java:164)
	at org.junit.platform.engine.support.hierarchical.ThrowableCollector.execute(ThrowableCollector.java:74)
	at org.junit.platform.engine.support.hierarchical.NodeTestTask.executeRecursively(NodeTestTask.java:163)
	at org.junit.platform.engine.support.hierarchical.NodeTestTask.execute(NodeTestTask.java:116)
	at org.junit.platform.engine.support.hierarchical.SameThreadHierarchicalTestExecutorService.submit(SameThreadHierarchicalTestExecutorService.java:36)
	at org.junit.platform.engine.support.hierarchical.HierarchicalTestExecutor.execute(HierarchicalTestExecutor.java:52)
	at org.junit.platform.engine.support.hierarchical.HierarchicalTestEngine.execute(HierarchicalTestEngine.java:58)
	at org.junit.platform.launcher.core.EngineExecutionOrchestrator.executeEngine(EngineExecutionOrchestrator.java:246)
	at org.junit.platform.launcher.core.EngineExecutionOrchestrator.failOrExecuteEngine(EngineExecutionOrchestrator.java:218)
	at org.junit.platform.launcher.core.EngineExecutionOrchestrator.execute(EngineExecutionOrchestrator.java:179)
	at org.junit.platform.launcher.core.EngineExecutionOrchestrator.execute(EngineExecutionOrchestrator.java:108)
	at org.junit.platform.launcher.core.EngineExecutionOrchestrator.lambda$execute$0(EngineExecutionOrchestrator.java:66)
	at org.junit.platform.launcher.core.EngineExecutionOrchestrator.withInterceptedStreams(EngineExecutionOrchestrator.java:157)
	at org.junit.platform.launcher.core.EngineExecutionOrchestrator.execute(EngineExecutionOrchestrator.java:65)
	at org.junit.platform.launcher.core.DefaultLauncher.execute(DefaultLauncher.java:125)
	at org.junit.platform.launcher.core.DefaultLauncher.execute(DefaultLauncher.java:114)
	at org.junit.platform.launcher.core.DelegatingLauncher.execute(DelegatingLauncher.java:58)
	at org.junit.platform.launcher.core.InterceptingLauncher.lambda$execute$2(InterceptingLauncher.java:57)
	at org.junit.platform.launcher.core.ClasspathAlignmentCheckingLauncherInterceptor.intercept(ClasspathAlignmentCheckingLauncherInterceptor.java:25)
	at org.junit.platform.launcher.core.InterceptingLauncher.execute(InterceptingLauncher.java:56)
	at org.junit.platform.launcher.core.DelegatingLauncher.execute(DelegatingLauncher.java:58)
	at java.base/jdk.internal.reflect.NativeMethodAccessorImpl.invoke0(Native Method)
	at java.base/jdk.internal.reflect.NativeMethodAccessorImpl.invoke(NativeMethodAccessorImpl.java:77)
	at java.base/jdk.internal.reflect.DelegatingMethodAccessorImpl.invoke(DelegatingMethodAccessorImpl.java:43)
	at java.base/java.lang.reflect.Method.invoke(Method.java:568)
	at org.apache.maven.surefire.api.util.ReflectionUtils.invokeMethodWithArray(ReflectionUtils.java:125)
	at org.apache.maven.surefire.junitplatform.LauncherAdapter.executeWithCancellationToken(LauncherAdapter.java:68)
	at org.apache.maven.surefire.junitplatform.LauncherAdapter.execute(LauncherAdapter.java:54)
	at org.apache.maven.surefire.junitplatform.JUnitPlatformProvider.execute(JUnitPlatformProvider.java:203)
	at org.apache.maven.surefire.junitplatform.JUnitPlatformProvider.invokeAllTests(JUnitPlatformProvider.java:168)
	at org.apache.maven.surefire.junitplatform.JUnitPlatformProvider.invoke(JUnitPlatformProvider.java:136)
	at org.apache.maven.surefire.booter.ForkedBooter.runSuitesInProcess(ForkedBooter.java:385)
	at org.apache.maven.surefire.booter.ForkedBooter.execute(ForkedBooter.java:162)
	at org.apache.maven.surefire.booter.ForkedBooter.run(ForkedBooter.java:507)
	at org.apache.maven.surefire.booter.ForkedBooter.main(ForkedBooter.java:495)
Caused by: java.sql.SQLException: ORA-01017: invalid username/password; logon denied

https://docs.oracle.com/error-help/db/ora-01017/
	at oracle.jdbc.driver.T4CTTIoer11.processError(T4CTTIoer11.java:715)
	at oracle.jdbc.driver.T4CTTIoer11.processError(T4CTTIoer11.java:610)
	at oracle.jdbc.driver.T4CTTIoer11.processError(T4CTTIoer11.java:605)
	at oracle.jdbc.driver.T4CTTIfun.processError(T4CTTIfun.java:1704)
	at oracle.jdbc.driver.T4CTTIoauthenticate.processError(T4CTTIoauthenticate.java:936)
	at oracle.jdbc.driver.T4CTTIfun.receive(T4CTTIfun.java:972)
	at oracle.jdbc.driver.T4CTTIfun.doRPC(T4CTTIfun.java:237)
	at oracle.jdbc.driver.T4CTTIoauthenticate.doOAUTH(T4CTTIoauthenticate.java:547)
	at oracle.jdbc.driver.T4CTTIoauthenticate.doOAUTHWithO5Logon(T4CTTIoauthenticate.java:1746)
	at oracle.jdbc.driver.T4CTTIoauthenticate.doOAUTH(T4CTTIoauthenticate.java:1493)
	at oracle.jdbc.driver.T4CTTIoauthenticate.doOAUTH(T4CTTIoauthenticate.java:1433)
	at oracle.jdbc.driver.T4CConnection.authenticateWithPassword(T4CConnection.java:2353)
	at oracle.jdbc.driver.T4CConnection.authenticateUserForLogon(T4CConnection.java:2290)
	at oracle.jdbc.driver.T4CConnection.logon(T4CConnection.java:1179)
	at oracle.jdbc.driver.PhysicalConnection.connect(PhysicalConnection.java:1210)
	at oracle.jdbc.driver.T4CDriverExtension.getConnection(T4CDriverExtension.java:106)
	at oracle.jdbc.driver.OracleDriver.connect(OracleDriver.java:887)
	at oracle.jdbc.driver.OracleDriver.connect(OracleDriver.java:694)
	at com.zaxxer.hikari.util.DriverDataSource.getConnection(DriverDataSource.java:144)
	at com.zaxxer.hikari.pool.PoolBase.newConnection(PoolBase.java:373)
	at com.zaxxer.hikari.pool.PoolBase.newPoolEntry(PoolBase.java:210)
	at com.zaxxer.hikari.pool.HikariPool.createPoolEntry(HikariPool.java:488)
	at com.zaxxer.hikari.pool.HikariPool.checkFailFast(HikariPool.java:576)
	at com.zaxxer.hikari.pool.HikariPool.<init>(HikariPool.java:97)
	at com.zaxxer.hikari.HikariDataSource.getConnection(HikariDataSource.java:111)
	at org.hibernate.engine.jdbc.connections.internal.DataSourceConnectionProvider.getConnection(DataSourceConnectionProvider.java:137)
	at org.hibernate.engine.jdbc.env.internal.JdbcEnvironmentInitiator$ConnectionProviderJdbcConnectionAccess.obtainConnection(JdbcEnvironmentInitiator.java:508)
	at org.hibernate.resource.transaction.backend.jdbc.internal.JdbcIsolationDelegate.delegateWork(JdbcIsolationDelegate.java:48)
	... 130 more
2026-09-15 14:43:11.289 [main] ERROR org.springframework.orm.jpa.LocalContainerEntityManagerFactoryBean - Failed to initialize JPA EntityManagerFactory: Unable to create requested service [org.hibernate.engine.jdbc.env.spi.JdbcEnvironment] due to: Unable to determine Dialect without JDBC metadata (please set 'jakarta.persistence.jdbc.url' for common cases or 'hibernate.dialect' when a custom Dialect implementation must be provided)
2026-09-15 14:43:11.289 [main] WARN  org.springframework.web.context.support.GenericWebApplicationContext - Exception encountered during context initialization - cancelling refresh attempt: org.springframework.beans.factory.BeanCreationException: Error creating bean with name 'entityManagerFactory' defined in class path resource [org/springframework/boot/hibernate/autoconfigure/HibernateJpaConfiguration.class]: Unable to create requested service [org.hibernate.engine.jdbc.env.spi.JdbcEnvironment] due to: Unable to determine Dialect without JDBC metadata (please set 'jakarta.persistence.jdbc.url' for common cases or 'hibernate.dialect' when a custom Dialect implementation must be provided)
2026-09-15 14:43:11.301 [main] INFO  org.springframework.boot.autoconfigure.logging.ConditionEvaluationReportLogger - 

Error starting ApplicationContext. To display the condition evaluation report re-run your application with 'debug' enabled.
2026-09-15 14:43:11.314 [main] ERROR org.springframework.boot.SpringApplication - Application run failed
org.springframework.beans.factory.BeanCreationException: Error creating bean with name 'entityManagerFactory' defined in class path resource [org/springframework/boot/hibernate/autoconfigure/HibernateJpaConfiguration.class]: Unable to create requested service [org.hibernate.engine.jdbc.env.spi.JdbcEnvironment] due to: Unable to determine Dialect without JDBC metadata (please set 'jakarta.persistence.jdbc.url' for common cases or 'hibernate.dialect' when a custom Dialect implementation must be provided)
	at org.springframework.beans.factory.support.AbstractAutowireCapableBeanFactory.initializeBean(AbstractAutowireCapableBeanFactory.java:1817)
	at org.springframework.beans.factory.support.AbstractAutowireCapableBeanFactory.doCreateBean(AbstractAutowireCapableBeanFactory.java:603)
	at org.springframework.beans.factory.support.AbstractAutowireCapableBeanFactory.createBean(AbstractAutowireCapableBeanFactory.java:525)
	at org.springframework.beans.factory.support.AbstractBeanFactory.lambda$doGetBean$0(AbstractBeanFactory.java:333)
	at org.springframework.beans.factory.support.DefaultSingletonBeanRegistry.getSingleton(DefaultSingletonBeanRegistry.java:371)
	at org.springframework.beans.factory.support.AbstractBeanFactory.doGetBean(AbstractBeanFactory.java:331)
	at org.springframework.beans.factory.support.AbstractBeanFactory.getBean(AbstractBeanFactory.java:201)
	at org.springframework.context.support.AbstractApplicationContext.finishBeanFactoryInitialization(AbstractApplicationContext.java:977)
	at org.springframework.context.support.AbstractApplicationContext.refresh(AbstractApplicationContext.java:621)
	at org.springframework.boot.SpringApplication.refresh(SpringApplication.java:756)
	at org.springframework.boot.SpringApplication.refreshContext(SpringApplication.java:445)
	at org.springframework.boot.SpringApplication.run(SpringApplication.java:321)
	at org.springframework.boot.test.context.SpringBootContextLoader.lambda$loadContext$2(SpringBootContextLoader.java:155)
	at org.springframework.util.function.ThrowingSupplier.get(ThrowingSupplier.java:58)
	at org.springframework.util.function.ThrowingSupplier.get(ThrowingSupplier.java:46)
	at org.springframework.boot.SpringApplication.withHook(SpringApplication.java:1465)
	at org.springframework.boot.test.context.SpringBootContextLoader$ContextLoaderHook.run(SpringBootContextLoader.java:600)
	at org.springframework.boot.test.context.SpringBootContextLoader.loadContext(SpringBootContextLoader.java:155)
	at org.springframework.boot.test.context.SpringBootContextLoader.loadContext(SpringBootContextLoader.java:114)
	at org.springframework.test.context.cache.DefaultCacheAwareContextLoaderDelegate.loadContextInternal(DefaultCacheAwareContextLoaderDelegate.java:247)
	at org.springframework.test.context.cache.DefaultCacheAwareContextLoaderDelegate.lambda$loadContext$0(DefaultCacheAwareContextLoaderDelegate.java:167)
	at org.springframework.test.context.cache.DefaultContextCache.put(DefaultContextCache.java:214)
	at org.springframework.test.context.cache.DefaultCacheAwareContextLoaderDelegate.loadContext(DefaultCacheAwareContextLoaderDelegate.java:160)
	at org.springframework.test.context.support.DefaultTestContext.getApplicationContext(DefaultTestContext.java:128)
	at org.springframework.test.context.web.ServletTestExecutionListener.setUpRequestContextIfNecessary(ServletTestExecutionListener.java:200)
	at org.springframework.test.context.web.ServletTestExecutionListener.prepareTestInstance(ServletTestExecutionListener.java:139)
	at org.springframework.test.context.TestContextManager.prepareTestInstance(TestContextManager.java:260)
	at org.springframework.test.context.junit.jupiter.SpringExtension.postProcessTestInstance(SpringExtension.java:210)
	at org.junit.jupiter.engine.descriptor.ClassBasedTestDescriptor.lambda$invokeTestInstancePostProcessors$1(ClassBasedTestDescriptor.java:423)
	at org.junit.jupiter.engine.descriptor.ClassBasedTestDescriptor.executeAndMaskThrowable(ClassBasedTestDescriptor.java:428)
	at org.junit.jupiter.engine.descriptor.ClassBasedTestDescriptor.lambda$invokeTestInstancePostProcessors$0(ClassBasedTestDescriptor.java:422)
	at java.base/java.util.stream.ForEachOps$ForEachOp$OfRef.accept(ForEachOps.java:183)
	at java.base/java.util.stream.ReferencePipeline$3$1.accept(ReferencePipeline.java:197)
	at java.base/java.util.stream.ReferencePipeline$2$1.accept(ReferencePipeline.java:179)
	at java.base/java.util.stream.ReferencePipeline$3$1.accept(ReferencePipeline.java:197)
	at java.base/java.util.ArrayList$ArrayListSpliterator.forEachRemaining(ArrayList.java:1625)
	at java.base/java.util.stream.AbstractPipeline.copyInto(AbstractPipeline.java:509)
	at java.base/java.util.stream.AbstractPipeline.wrapAndCopyInto(AbstractPipeline.java:499)
	at java.base/java.util.stream.ForEachOps$ForEachOp.evaluateSequential(ForEachOps.java:150)
	at java.base/java.util.stream.ForEachOps$ForEachOp$OfRef.evaluateSequential(ForEachOps.java:173)
	at java.base/java.util.stream.AbstractPipeline.evaluate(AbstractPipeline.java:234)
	at java.base/java.util.stream.ReferencePipeline.forEach(ReferencePipeline.java:596)
	at org.junit.jupiter.engine.descriptor.ClassBasedTestDescriptor.invokeTestInstancePostProcessors(ClassBasedTestDescriptor.java:422)
	at org.junit.jupiter.engine.descriptor.ClassBasedTestDescriptor.lambda$instantiateAndPostProcessTestInstance$0(ClassBasedTestDescriptor.java:334)
	at org.junit.platform.engine.support.hierarchical.ThrowableCollector.execute(ThrowableCollector.java:74)
	at org.junit.jupiter.engine.descriptor.ClassBasedTestDescriptor.instantiateAndPostProcessTestInstance(ClassBasedTestDescriptor.java:333)
	at org.junit.jupiter.engine.descriptor.ClassBasedTestDescriptor.lambda$testInstancesProvider$1(ClassBasedTestDescriptor.java:322)
	at java.base/java.util.Optional.orElseGet(Optional.java:364)
	at org.junit.jupiter.engine.descriptor.ClassBasedTestDescriptor.lambda$testInstancesProvider$0(ClassBasedTestDescriptor.java:321)
	at org.junit.jupiter.engine.execution.TestInstancesProvider.getTestInstances(TestInstancesProvider.java:27)
	at org.junit.jupiter.engine.descriptor.TestMethodTestDescriptor.lambda$prepare$0(TestMethodTestDescriptor.java:127)
	at org.junit.platform.engine.support.hierarchical.ThrowableCollector.execute(ThrowableCollector.java:74)
	at org.junit.jupiter.engine.descriptor.TestMethodTestDescriptor.prepare(TestMethodTestDescriptor.java:126)
	at org.junit.jupiter.engine.descriptor.TestMethodTestDescriptor.prepare(TestMethodTestDescriptor.java:70)
	at org.junit.platform.engine.support.hierarchical.NodeTestTask.lambda$prepare$0(NodeTestTask.java:144)
	at org.junit.platform.engine.support.hierarchical.ThrowableCollector.execute(ThrowableCollector.java:74)
	at org.junit.platform.engine.support.hierarchical.NodeTestTask.prepare(NodeTestTask.java:144)
	at org.junit.platform.engine.support.hierarchical.NodeTestTask.execute(NodeTestTask.java:110)
	at java.base/java.util.ArrayList.forEach(ArrayList.java:1511)
	at org.junit.platform.engine.support.hierarchical.SameThreadHierarchicalTestExecutorService.invokeAll(SameThreadHierarchicalTestExecutorService.java:42)
	at org.junit.platform.engine.support.hierarchical.NodeTestTask.lambda$executeRecursively$2(NodeTestTask.java:180)
	at org.junit.platform.engine.support.hierarchical.ThrowableCollector.execute(ThrowableCollector.java:74)
	at org.junit.platform.engine.support.hierarchical.NodeTestTask.lambda$executeRecursively$1(NodeTestTask.java:166)
	at org.junit.platform.engine.support.hierarchical.Node.around(Node.java:138)
	at org.junit.platform.engine.support.hierarchical.NodeTestTask.lambda$executeRecursively$0(NodeTestTask.java:164)
	at org.junit.platform.engine.support.hierarchical.ThrowableCollector.execute(ThrowableCollector.java:74)
	at org.junit.platform.engine.support.hierarchical.NodeTestTask.executeRecursively(NodeTestTask.java:163)
	at org.junit.platform.engine.support.hierarchical.NodeTestTask.execute(NodeTestTask.java:116)
	at java.base/java.util.ArrayList.forEach(ArrayList.java:1511)
	at org.junit.platform.engine.support.hierarchical.SameThreadHierarchicalTestExecutorService.invokeAll(SameThreadHierarchicalTestExecutorService.java:42)
	at org.junit.platform.engine.support.hierarchical.NodeTestTask.lambda$executeRecursively$2(NodeTestTask.java:180)
	at org.junit.platform.engine.support.hierarchical.ThrowableCollector.execute(ThrowableCollector.java:74)
	at org.junit.platform.engine.support.hierarchical.NodeTestTask.lambda$executeRecursively$1(NodeTestTask.java:166)
	at org.junit.platform.engine.support.hierarchical.Node.around(Node.java:138)
	at org.junit.platform.engine.support.hierarchical.NodeTestTask.lambda$executeRecursively$0(NodeTestTask.java:164)
	at org.junit.platform.engine.support.hierarchical.ThrowableCollector.execute(ThrowableCollector.java:74)
	at org.junit.platform.engine.support.hierarchical.NodeTestTask.executeRecursively(NodeTestTask.java:163)
	at org.junit.platform.engine.support.hierarchical.NodeTestTask.execute(NodeTestTask.java:116)
	at org.junit.platform.engine.support.hierarchical.SameThreadHierarchicalTestExecutorService.submit(SameThreadHierarchicalTestExecutorService.java:36)
	at org.junit.platform.engine.support.hierarchical.HierarchicalTestExecutor.execute(HierarchicalTestExecutor.java:52)
	at org.junit.platform.engine.support.hierarchical.HierarchicalTestEngine.execute(HierarchicalTestEngine.java:58)
	at org.junit.platform.launcher.core.EngineExecutionOrchestrator.executeEngine(EngineExecutionOrchestrator.java:246)
	at org.junit.platform.launcher.core.EngineExecutionOrchestrator.failOrExecuteEngine(EngineExecutionOrchestrator.java:218)
	at org.junit.platform.launcher.core.EngineExecutionOrchestrator.execute(EngineExecutionOrchestrator.java:179)
	at org.junit.platform.launcher.core.EngineExecutionOrchestrator.execute(EngineExecutionOrchestrator.java:108)
	at org.junit.platform.launcher.core.EngineExecutionOrchestrator.lambda$execute$0(EngineExecutionOrchestrator.java:66)
	at org.junit.platform.launcher.core.EngineExecutionOrchestrator.withInterceptedStreams(EngineExecutionOrchestrator.java:157)
	at org.junit.platform.launcher.core.EngineExecutionOrchestrator.execute(EngineExecutionOrchestrator.java:65)
	at org.junit.platform.launcher.core.DefaultLauncher.execute(DefaultLauncher.java:125)
	at org.junit.platform.launcher.core.DefaultLauncher.execute(DefaultLauncher.java:114)
	at org.junit.platform.launcher.core.DelegatingLauncher.execute(DelegatingLauncher.java:58)
	at org.junit.platform.launcher.core.InterceptingLauncher.lambda$execute$2(InterceptingLauncher.java:57)
	at org.junit.platform.launcher.core.ClasspathAlignmentCheckingLauncherInterceptor.intercept(ClasspathAlignmentCheckingLauncherInterceptor.java:25)
	at org.junit.platform.launcher.core.InterceptingLauncher.execute(InterceptingLauncher.java:56)
	at org.junit.platform.launcher.core.DelegatingLauncher.execute(DelegatingLauncher.java:58)
	at java.base/jdk.internal.reflect.NativeMethodAccessorImpl.invoke0(Native Method)
	at java.base/jdk.internal.reflect.NativeMethodAccessorImpl.invoke(NativeMethodAccessorImpl.java:77)
	at java.base/jdk.internal.reflect.DelegatingMethodAccessorImpl.invoke(DelegatingMethodAccessorImpl.java:43)
	at java.base/java.lang.reflect.Method.invoke(Method.java:568)
	at org.apache.maven.surefire.api.util.ReflectionUtils.invokeMethodWithArray(ReflectionUtils.java:125)
	at org.apache.maven.surefire.junitplatform.LauncherAdapter.executeWithCancellationToken(LauncherAdapter.java:68)
	at org.apache.maven.surefire.junitplatform.LauncherAdapter.execute(LauncherAdapter.java:54)
	at org.apache.maven.surefire.junitplatform.JUnitPlatformProvider.execute(JUnitPlatformProvider.java:203)
	at org.apache.maven.surefire.junitplatform.JUnitPlatformProvider.invokeAllTests(JUnitPlatformProvider.java:168)
	at org.apache.maven.surefire.junitplatform.JUnitPlatformProvider.invoke(JUnitPlatformProvider.java:136)
	at org.apache.maven.surefire.booter.ForkedBooter.runSuitesInProcess(ForkedBooter.java:385)
	at org.apache.maven.surefire.booter.ForkedBooter.execute(ForkedBooter.java:162)
	at org.apache.maven.surefire.booter.ForkedBooter.run(ForkedBooter.java:507)
	at org.apache.maven.surefire.booter.ForkedBooter.main(ForkedBooter.java:495)
Caused by: org.hibernate.service.spi.ServiceException: Unable to create requested service [org.hibernate.engine.jdbc.env.spi.JdbcEnvironment] due to: Unable to determine Dialect without JDBC metadata (please set 'jakarta.persistence.jdbc.url' for common cases or 'hibernate.dialect' when a custom Dialect implementation must be provided)
	at org.hibernate.service.internal.AbstractServiceRegistryImpl.createService(AbstractServiceRegistryImpl.java:273)
	at org.hibernate.service.internal.AbstractServiceRegistryImpl.initializeService(AbstractServiceRegistryImpl.java:235)
	at org.hibernate.service.internal.AbstractServiceRegistryImpl.getService(AbstractServiceRegistryImpl.java:212)
	at org.hibernate.boot.model.relational.Database.<init>(Database.java:44)
	at org.hibernate.boot.internal.InFlightMetadataCollectorImpl.getDatabase(InFlightMetadataCollectorImpl.java:251)
	at org.hibernate.boot.internal.InFlightMetadataCollectorImpl.<init>(InFlightMetadataCollectorImpl.java:203)
	at org.hibernate.boot.model.process.spi.MetadataBuildingProcess.complete(MetadataBuildingProcess.java:172)
	at org.hibernate.jpa.boot.internal.EntityManagerFactoryBuilderImpl.metadata(EntityManagerFactoryBuilderImpl.java:1392)
	at org.hibernate.jpa.boot.internal.EntityManagerFactoryBuilderImpl.populateSessionFactoryBuilder(EntityManagerFactoryBuilderImpl.java:1472)
	at org.hibernate.jpa.boot.internal.EntityManagerFactoryBuilderImpl.build(EntityManagerFactoryBuilderImpl.java:1454)
	at org.springframework.orm.jpa.vendor.SpringHibernateJpaPersistenceProvider.createContainerEntityManagerFactory(SpringHibernateJpaPersistenceProvider.java:93)
	at org.springframework.orm.jpa.LocalContainerEntityManagerFactoryBean.createNativeEntityManagerFactory(LocalContainerEntityManagerFactoryBean.java:443)
	at org.springframework.orm.jpa.AbstractEntityManagerFactoryBean.buildNativeEntityManagerFactory(AbstractEntityManagerFactoryBean.java:436)
	at org.springframework.orm.jpa.AbstractEntityManagerFactoryBean.afterPropertiesSet(AbstractEntityManagerFactoryBean.java:411)
	at org.springframework.orm.jpa.LocalContainerEntityManagerFactoryBean.afterPropertiesSet(LocalContainerEntityManagerFactoryBean.java:419)
	at org.springframework.beans.factory.support.AbstractAutowireCapableBeanFactory.invokeInitMethods(AbstractAutowireCapableBeanFactory.java:1864)
	at org.springframework.beans.factory.support.AbstractAutowireCapableBeanFactory.initializeBean(AbstractAutowireCapableBeanFactory.java:1813)
	... 108 more
Caused by: org.hibernate.HibernateException: Unable to determine Dialect without JDBC metadata (please set 'jakarta.persistence.jdbc.url' for common cases or 'hibernate.dialect' when a custom Dialect implementation must be provided)
	at org.hibernate.engine.jdbc.dialect.internal.DialectFactoryImpl.determineDialect(DialectFactoryImpl.java:190)
	at org.hibernate.engine.jdbc.dialect.internal.DialectFactoryImpl.buildDialect(DialectFactoryImpl.java:86)
	at org.hibernate.engine.jdbc.env.internal.JdbcEnvironmentInitiator.getJdbcEnvironmentWithDefaults(JdbcEnvironmentInitiator.java:200)
	at org.hibernate.engine.jdbc.env.internal.JdbcEnvironmentInitiator.getJdbcEnvironmentUsingJdbcMetadata(JdbcEnvironmentInitiator.java:452)
	at org.hibernate.engine.jdbc.env.internal.JdbcEnvironmentInitiator.getJdbcEnvironment(JdbcEnvironmentInitiator.java:143)
	at org.hibernate.engine.jdbc.env.internal.JdbcEnvironmentInitiator.initiateService(JdbcEnvironmentInitiator.java:120)
	at org.hibernate.engine.jdbc.env.internal.JdbcEnvironmentInitiator.initiateService(JdbcEnvironmentInitiator.java:80)
	at org.hibernate.boot.registry.internal.StandardServiceRegistryImpl.initiateService(StandardServiceRegistryImpl.java:133)
	at org.hibernate.service.internal.AbstractServiceRegistryImpl.createService(AbstractServiceRegistryImpl.java:260)
	... 124 more
2026-09-15 14:43:11.321 [main] WARN  org.springframework.test.context.TestContextManager - Caught exception while allowing TestExecutionListener [org.springframework.test.context.web.ServletTestExecutionListener] to prepare test instance [com.demo.Docker.DockerApplicationTests@738ed8f5]
java.lang.IllegalStateException: Failed to load ApplicationContext for [WebMergedContextConfiguration@1e288c76 testClass = com.demo.Docker.DockerApplicationTests, locations = [], classes = [com.demo.Docker.DockerApplication], contextInitializerClasses = [], activeProfiles = [], propertySourceDescriptors = [], propertySourceProperties = ["org.springframework.boot.test.context.SpringBootTestContextBootstrapper=true"], contextCustomizers = [org.springframework.boot.test.context.PropertyMappingContextCustomizer@0, org.springframework.boot.test.context.filter.ExcludeFilterContextCustomizer@40d10481, org.springframework.boot.test.json.DuplicateJsonObjectContextCustomizerFactory$DuplicateJsonObjectContextCustomizer@1dcca8d3, org.springframework.boot.test.autoconfigure.OnFailureConditionReportContextCustomizerFactory$OnFailureConditionReportContextCustomizer@6124287a, org.springframework.test.context.support.DynamicPropertiesContextCustomizer@0, org.springframework.boot.webmvc.test.autoconfigure.WebDriverContextCustomizer@7e7f0f0a, org.springframework.boot.web.server.context.SpringBootTestRandomPortContextCustomizer@656d10a4, org.springframework.boot.test.context.SpringBootTestAnnotation@c573e310], resourceBasePath = "src/main/webapp", contextLoader = org.springframework.boot.test.context.SpringBootContextLoader, parent = null]
	at org.springframework.test.context.cache.DefaultCacheAwareContextLoaderDelegate.lambda$loadContext$0(DefaultCacheAwareContextLoaderDelegate.java:195)
	at org.springframework.test.context.cache.DefaultContextCache.put(DefaultContextCache.java:214)
	at org.springframework.test.context.cache.DefaultCacheAwareContextLoaderDelegate.loadContext(DefaultCacheAwareContextLoaderDelegate.java:160)
	at org.springframework.test.context.support.DefaultTestContext.getApplicationContext(DefaultTestContext.java:128)
	at org.springframework.test.context.web.ServletTestExecutionListener.setUpRequestContextIfNecessary(ServletTestExecutionListener.java:200)
	at org.springframework.test.context.web.ServletTestExecutionListener.prepareTestInstance(ServletTestExecutionListener.java:139)
	at org.springframework.test.context.TestContextManager.prepareTestInstance(TestContextManager.java:260)
	at org.springframework.test.context.junit.jupiter.SpringExtension.postProcessTestInstance(SpringExtension.java:210)
	at org.junit.jupiter.engine.descriptor.ClassBasedTestDescriptor.lambda$invokeTestInstancePostProcessors$1(ClassBasedTestDescriptor.java:423)
	at org.junit.jupiter.engine.descriptor.ClassBasedTestDescriptor.executeAndMaskThrowable(ClassBasedTestDescriptor.java:428)
	at org.junit.jupiter.engine.descriptor.ClassBasedTestDescriptor.lambda$invokeTestInstancePostProcessors$0(ClassBasedTestDescriptor.java:422)
	at java.base/java.util.stream.ForEachOps$ForEachOp$OfRef.accept(ForEachOps.java:183)
	at java.base/java.util.stream.ReferencePipeline$3$1.accept(ReferencePipeline.java:197)
	at java.base/java.util.stream.ReferencePipeline$2$1.accept(ReferencePipeline.java:179)
	at java.base/java.util.stream.ReferencePipeline$3$1.accept(ReferencePipeline.java:197)
	at java.base/java.util.ArrayList$ArrayListSpliterator.forEachRemaining(ArrayList.java:1625)
	at java.base/java.util.stream.AbstractPipeline.copyInto(AbstractPipeline.java:509)
	at java.base/java.util.stream.AbstractPipeline.wrapAndCopyInto(AbstractPipeline.java:499)
	at java.base/java.util.stream.ForEachOps$ForEachOp.evaluateSequential(ForEachOps.java:150)
	at java.base/java.util.stream.ForEachOps$ForEachOp$OfRef.evaluateSequential(ForEachOps.java:173)
	at java.base/java.util.stream.AbstractPipeline.evaluate(AbstractPipeline.java:234)
	at java.base/java.util.stream.ReferencePipeline.forEach(ReferencePipeline.java:596)
	at org.junit.jupiter.engine.descriptor.ClassBasedTestDescriptor.invokeTestInstancePostProcessors(ClassBasedTestDescriptor.java:422)
	at org.junit.jupiter.engine.descriptor.ClassBasedTestDescriptor.lambda$instantiateAndPostProcessTestInstance$0(ClassBasedTestDescriptor.java:334)
	at org.junit.platform.engine.support.hierarchical.ThrowableCollector.execute(ThrowableCollector.java:74)
	at org.junit.jupiter.engine.descriptor.ClassBasedTestDescriptor.instantiateAndPostProcessTestInstance(ClassBasedTestDescriptor.java:333)
	at org.junit.jupiter.engine.descriptor.ClassBasedTestDescriptor.lambda$testInstancesProvider$1(ClassBasedTestDescriptor.java:322)
	at java.base/java.util.Optional.orElseGet(Optional.java:364)
	at org.junit.jupiter.engine.descriptor.ClassBasedTestDescriptor.lambda$testInstancesProvider$0(ClassBasedTestDescriptor.java:321)
	at org.junit.jupiter.engine.execution.TestInstancesProvider.getTestInstances(TestInstancesProvider.java:27)
	at org.junit.jupiter.engine.descriptor.TestMethodTestDescriptor.lambda$prepare$0(TestMethodTestDescriptor.java:127)
	at org.junit.platform.engine.support.hierarchical.ThrowableCollector.execute(ThrowableCollector.java:74)
	at org.junit.jupiter.engine.descriptor.TestMethodTestDescriptor.prepare(TestMethodTestDescriptor.java:126)
	at org.junit.jupiter.engine.descriptor.TestMethodTestDescriptor.prepare(TestMethodTestDescriptor.java:70)
	at org.junit.platform.engine.support.hierarchical.NodeTestTask.lambda$prepare$0(NodeTestTask.java:144)
	at org.junit.platform.engine.support.hierarchical.ThrowableCollector.execute(ThrowableCollector.java:74)
	at org.junit.platform.engine.support.hierarchical.NodeTestTask.prepare(NodeTestTask.java:144)
	at org.junit.platform.engine.support.hierarchical.NodeTestTask.execute(NodeTestTask.java:110)
	at java.base/java.util.ArrayList.forEach(ArrayList.java:1511)
	at org.junit.platform.engine.support.hierarchical.SameThreadHierarchicalTestExecutorService.invokeAll(SameThreadHierarchicalTestExecutorService.java:42)
	at org.junit.platform.engine.support.hierarchical.NodeTestTask.lambda$executeRecursively$2(NodeTestTask.java:180)
	at org.junit.platform.engine.support.hierarchical.ThrowableCollector.execute(ThrowableCollector.java:74)
	at org.junit.platform.engine.support.hierarchical.NodeTestTask.lambda$executeRecursively$1(NodeTestTask.java:166)
	at org.junit.platform.engine.support.hierarchical.Node.around(Node.java:138)
	at org.junit.platform.engine.support.hierarchical.NodeTestTask.lambda$executeRecursively$0(NodeTestTask.java:164)
	at org.junit.platform.engine.support.hierarchical.ThrowableCollector.execute(ThrowableCollector.java:74)
	at org.junit.platform.engine.support.hierarchical.NodeTestTask.executeRecursively(NodeTestTask.java:163)
	at org.junit.platform.engine.support.hierarchical.NodeTestTask.execute(NodeTestTask.java:116)
	at java.base/java.util.ArrayList.forEach(ArrayList.java:1511)
	at org.junit.platform.engine.support.hierarchical.SameThreadHierarchicalTestExecutorService.invokeAll(SameThreadHierarchicalTestExecutorService.java:42)
	at org.junit.platform.engine.support.hierarchical.NodeTestTask.lambda$executeRecursively$2(NodeTestTask.java:180)
	at org.junit.platform.engine.support.hierarchical.ThrowableCollector.execute(ThrowableCollector.java:74)
	at org.junit.platform.engine.support.hierarchical.NodeTestTask.lambda$executeRecursively$1(NodeTestTask.java:166)
	at org.junit.platform.engine.support.hierarchical.Node.around(Node.java:138)
	at org.junit.platform.engine.support.hierarchical.NodeTestTask.lambda$executeRecursively$0(NodeTestTask.java:164)
	at org.junit.platform.engine.support.hierarchical.ThrowableCollector.execute(ThrowableCollector.java:74)
	at org.junit.platform.engine.support.hierarchical.NodeTestTask.executeRecursively(NodeTestTask.java:163)
	at org.junit.platform.engine.support.hierarchical.NodeTestTask.execute(NodeTestTask.java:116)
	at org.junit.platform.engine.support.hierarchical.SameThreadHierarchicalTestExecutorService.submit(SameThreadHierarchicalTestExecutorService.java:36)
	at org.junit.platform.engine.support.hierarchical.HierarchicalTestExecutor.execute(HierarchicalTestExecutor.java:52)
	at org.junit.platform.engine.support.hierarchical.HierarchicalTestEngine.execute(HierarchicalTestEngine.java:58)
	at org.junit.platform.launcher.core.EngineExecutionOrchestrator.executeEngine(EngineExecutionOrchestrator.java:246)
	at org.junit.platform.launcher.core.EngineExecutionOrchestrator.failOrExecuteEngine(EngineExecutionOrchestrator.java:218)
	at org.junit.platform.launcher.core.EngineExecutionOrchestrator.execute(EngineExecutionOrchestrator.java:179)
	at org.junit.platform.launcher.core.EngineExecutionOrchestrator.execute(EngineExecutionOrchestrator.java:108)
	at org.junit.platform.launcher.core.EngineExecutionOrchestrator.lambda$execute$0(EngineExecutionOrchestrator.java:66)
	at org.junit.platform.launcher.core.EngineExecutionOrchestrator.withInterceptedStreams(EngineExecutionOrchestrator.java:157)
	at org.junit.platform.launcher.core.EngineExecutionOrchestrator.execute(EngineExecutionOrchestrator.java:65)
	at org.junit.platform.launcher.core.DefaultLauncher.execute(DefaultLauncher.java:125)
	at org.junit.platform.launcher.core.DefaultLauncher.execute(DefaultLauncher.java:114)
	at org.junit.platform.launcher.core.DelegatingLauncher.execute(DelegatingLauncher.java:58)
	at org.junit.platform.launcher.core.InterceptingLauncher.lambda$execute$2(InterceptingLauncher.java:57)
	at org.junit.platform.launcher.core.ClasspathAlignmentCheckingLauncherInterceptor.intercept(ClasspathAlignmentCheckingLauncherInterceptor.java:25)
	at org.junit.platform.launcher.core.InterceptingLauncher.execute(InterceptingLauncher.java:56)
	at org.junit.platform.launcher.core.DelegatingLauncher.execute(DelegatingLauncher.java:58)
	at java.base/jdk.internal.reflect.NativeMethodAccessorImpl.invoke0(Native Method)
	at java.base/jdk.internal.reflect.NativeMethodAccessorImpl.invoke(NativeMethodAccessorImpl.java:77)
	at java.base/jdk.internal.reflect.DelegatingMethodAccessorImpl.invoke(DelegatingMethodAccessorImpl.java:43)
	at java.base/java.lang.reflect.Method.invoke(Method.java:568)
	at org.apache.maven.surefire.api.util.ReflectionUtils.invokeMethodWithArray(ReflectionUtils.java:125)
	at org.apache.maven.surefire.junitplatform.LauncherAdapter.executeWithCancellationToken(LauncherAdapter.java:68)
	at org.apache.maven.surefire.junitplatform.LauncherAdapter.execute(LauncherAdapter.java:54)
	at org.apache.maven.surefire.junitplatform.JUnitPlatformProvider.execute(JUnitPlatformProvider.java:203)
	at org.apache.maven.surefire.junitplatform.JUnitPlatformProvider.invokeAllTests(JUnitPlatformProvider.java:168)
	at org.apache.maven.surefire.junitplatform.JUnitPlatformProvider.invoke(JUnitPlatformProvider.java:136)
	at org.apache.maven.surefire.booter.ForkedBooter.runSuitesInProcess(ForkedBooter.java:385)
	at org.apache.maven.surefire.booter.ForkedBooter.execute(ForkedBooter.java:162)
	at org.apache.maven.surefire.booter.ForkedBooter.run(ForkedBooter.java:507)
	at org.apache.maven.surefire.booter.ForkedBooter.main(ForkedBooter.java:495)
Caused by: org.springframework.beans.factory.BeanCreationException: Error creating bean with name 'entityManagerFactory' defined in class path resource [org/springframework/boot/hibernate/autoconfigure/HibernateJpaConfiguration.class]: Unable to create requested service [org.hibernate.engine.jdbc.env.spi.JdbcEnvironment] due to: Unable to determine Dialect without JDBC metadata (please set 'jakarta.persistence.jdbc.url' for common cases or 'hibernate.dialect' when a custom Dialect implementation must be provided)
	at org.springframework.beans.factory.support.AbstractAutowireCapableBeanFactory.initializeBean(AbstractAutowireCapableBeanFactory.java:1817)
	at org.springframework.beans.factory.support.AbstractAutowireCapableBeanFactory.doCreateBean(AbstractAutowireCapableBeanFactory.java:603)
	at org.springframework.beans.factory.support.AbstractAutowireCapableBeanFactory.createBean(AbstractAutowireCapableBeanFactory.java:525)
	at org.springframework.beans.factory.support.AbstractBeanFactory.lambda$doGetBean$0(AbstractBeanFactory.java:333)
	at org.springframework.beans.factory.support.DefaultSingletonBeanRegistry.getSingleton(DefaultSingletonBeanRegistry.java:371)
	at org.springframework.beans.factory.support.AbstractBeanFactory.doGetBean(AbstractBeanFactory.java:331)
	at org.springframework.beans.factory.support.AbstractBeanFactory.getBean(AbstractBeanFactory.java:201)
	at org.springframework.context.support.AbstractApplicationContext.finishBeanFactoryInitialization(AbstractApplicationContext.java:977)
	at org.springframework.context.support.AbstractApplicationContext.refresh(AbstractApplicationContext.java:621)
	at org.springframework.boot.SpringApplication.refresh(SpringApplication.java:756)
	at org.springframework.boot.SpringApplication.refreshContext(SpringApplication.java:445)
	at org.springframework.boot.SpringApplication.run(SpringApplication.java:321)
	at org.springframework.boot.test.context.SpringBootContextLoader.lambda$loadContext$2(SpringBootContextLoader.java:155)
	at org.springframework.util.function.ThrowingSupplier.get(ThrowingSupplier.java:58)
	at org.springframework.util.function.ThrowingSupplier.get(ThrowingSupplier.java:46)
	at org.springframework.boot.SpringApplication.withHook(SpringApplication.java:1465)
	at org.springframework.boot.test.context.SpringBootContextLoader$ContextLoaderHook.run(SpringBootContextLoader.java:600)
	at org.springframework.boot.test.context.SpringBootContextLoader.loadContext(SpringBootContextLoader.java:155)
	at org.springframework.boot.test.context.SpringBootContextLoader.loadContext(SpringBootContextLoader.java:114)
	at org.springframework.test.context.cache.DefaultCacheAwareContextLoaderDelegate.loadContextInternal(DefaultCacheAwareContextLoaderDelegate.java:247)
	at org.springframework.test.context.cache.DefaultCacheAwareContextLoaderDelegate.lambda$loadContext$0(DefaultCacheAwareContextLoaderDelegate.java:167)
	... 88 more
Caused by: org.hibernate.service.spi.ServiceException: Unable to create requested service [org.hibernate.engine.jdbc.env.spi.JdbcEnvironment] due to: Unable to determine Dialect without JDBC metadata (please set 'jakarta.persistence.jdbc.url' for common cases or 'hibernate.dialect' when a custom Dialect implementation must be provided)
	at org.hibernate.service.internal.AbstractServiceRegistryImpl.createService(AbstractServiceRegistryImpl.java:273)
	at org.hibernate.service.internal.AbstractServiceRegistryImpl.initializeService(AbstractServiceRegistryImpl.java:235)
	at org.hibernate.service.internal.AbstractServiceRegistryImpl.getService(AbstractServiceRegistryImpl.java:212)
	at org.hibernate.boot.model.relational.Database.<init>(Database.java:44)
	at org.hibernate.boot.internal.InFlightMetadataCollectorImpl.getDatabase(InFlightMetadataCollectorImpl.java:251)
	at org.hibernate.boot.internal.InFlightMetadataCollectorImpl.<init>(InFlightMetadataCollectorImpl.java:203)
	at org.hibernate.boot.model.process.spi.MetadataBuildingProcess.complete(MetadataBuildingProcess.java:172)
	at org.hibernate.jpa.boot.internal.EntityManagerFactoryBuilderImpl.metadata(EntityManagerFactoryBuilderImpl.java:1392)
	at org.hibernate.jpa.boot.internal.EntityManagerFactoryBuilderImpl.populateSessionFactoryBuilder(EntityManagerFactoryBuilderImpl.java:1472)
	at org.hibernate.jpa.boot.internal.EntityManagerFactoryBuilderImpl.build(EntityManagerFactoryBuilderImpl.java:1454)
	at org.springframework.orm.jpa.vendor.SpringHibernateJpaPersistenceProvider.createContainerEntityManagerFactory(SpringHibernateJpaPersistenceProvider.java:93)
	at org.springframework.orm.jpa.LocalContainerEntityManagerFactoryBean.createNativeEntityManagerFactory(LocalContainerEntityManagerFactoryBean.java:443)
	at org.springframework.orm.jpa.AbstractEntityManagerFactoryBean.buildNativeEntityManagerFactory(AbstractEntityManagerFactoryBean.java:436)
	at org.springframework.orm.jpa.AbstractEntityManagerFactoryBean.afterPropertiesSet(AbstractEntityManagerFactoryBean.java:411)
	at org.springframework.orm.jpa.LocalContainerEntityManagerFactoryBean.afterPropertiesSet(LocalContainerEntityManagerFactoryBean.java:419)
	at org.springframework.beans.factory.support.AbstractAutowireCapableBeanFactory.invokeInitMethods(AbstractAutowireCapableBeanFactory.java:1864)
	at org.springframework.beans.factory.support.AbstractAutowireCapableBeanFactory.initializeBean(AbstractAutowireCapableBeanFactory.java:1813)
	... 108 more
Caused by: org.hibernate.HibernateException: Unable to determine Dialect without JDBC metadata (please set 'jakarta.persistence.jdbc.url' for common cases or 'hibernate.dialect' when a custom Dialect implementation must be provided)
	at org.hibernate.engine.jdbc.dialect.internal.DialectFactoryImpl.determineDialect(DialectFactoryImpl.java:190)
	at org.hibernate.engine.jdbc.dialect.internal.DialectFactoryImpl.buildDialect(DialectFactoryImpl.java:86)
	at org.hibernate.engine.jdbc.env.internal.JdbcEnvironmentInitiator.getJdbcEnvironmentWithDefaults(JdbcEnvironmentInitiator.java:200)
	at org.hibernate.engine.jdbc.env.internal.JdbcEnvironmentInitiator.getJdbcEnvironmentUsingJdbcMetadata(JdbcEnvironmentInitiator.java:452)
	at org.hibernate.engine.jdbc.env.internal.JdbcEnvironmentInitiator.getJdbcEnvironment(JdbcEnvironmentInitiator.java:143)
	at org.hibernate.engine.jdbc.env.internal.JdbcEnvironmentInitiator.initiateService(JdbcEnvironmentInitiator.java:120)
	at org.hibernate.engine.jdbc.env.internal.JdbcEnvironmentInitiator.initiateService(JdbcEnvironmentInitiator.java:80)
	at org.hibernate.boot.registry.internal.StandardServiceRegistryImpl.initiateService(StandardServiceRegistryImpl.java:133)
	at org.hibernate.service.internal.AbstractServiceRegistryImpl.createService(AbstractServiceRegistryImpl.java:260)
	... 124 more
2026-09-15 14:57:00.045 [main] INFO  org.springframework.test.context.support.AnnotationConfigContextLoaderUtils - Could not detect default configuration classes for test class [com.demo.Docker.DockerApplicationTests]: DockerApplicationTests does not declare any static, non-private, non-final, nested classes annotated with @Configuration.
2026-09-15 14:57:00.174 [main] INFO  org.springframework.boot.test.context.SpringBootTestContextBootstrapper - Found @SpringBootConfiguration com.demo.Docker.DockerApplication for test class com.demo.Docker.DockerApplicationTests
2026-09-15 14:57:00.270 [main] INFO  org.springframework.test.context.support.AnnotationConfigContextLoaderUtils - Could not detect default configuration classes for test class [com.demo.Docker.DockerApplicationTests]: DockerApplicationTests does not declare any static, non-private, non-final, nested classes annotated with @Configuration.
2026-09-15 14:57:00.271 [main] INFO  org.springframework.boot.test.context.SpringBootTestContextBootstrapper - Found @SpringBootConfiguration com.demo.Docker.DockerApplication for test class com.demo.Docker.DockerApplicationTests
2026-09-15 14:57:00.625 [main] INFO  com.demo.Docker.DockerApplicationTests - Starting DockerApplicationTests using Java 17.0.7 with PID 13160 (started by Sai in C:\Amit singh\Docker\Docker)
2026-09-15 14:57:00.628 [main] INFO  com.demo.Docker.DockerApplicationTests - No active profile set, falling back to 1 default profile: "default"
2026-09-15 14:57:01.236 [main] INFO  org.springframework.data.repository.config.RepositoryConfigurationDelegate - Bootstrapping Spring Data JPA repositories in DEFAULT mode.
2026-09-15 14:57:01.305 [main] INFO  org.springframework.data.repository.config.RepositoryConfigurationDelegate - Finished Spring Data repository scanning in 57 ms. Found 1 JPA repository interface.
2026-09-15 14:57:01.801 [main] INFO  org.hibernate.orm.jpa - HHH008540: Processing PersistenceUnitInfo [name: default]
2026-09-15 14:57:01.897 [main] INFO  org.hibernate.orm.core - HHH000001: Hibernate ORM core version 7.2.7.Final
2026-09-15 14:57:02.688 [main] INFO  org.springframework.orm.jpa.persistenceunit.SpringPersistenceUnitInfo - No LoadTimeWeaver setup: ignoring JPA class transformer
2026-09-15 14:57:02.727 [main] INFO  com.zaxxer.hikari.HikariDataSource - HikariPool-1 - Starting...
2026-09-15 14:57:06.040 [main] WARN  org.hibernate.orm.jdbc.error - HHH000247: ErrorCode: 1017, SQLState: 72000
2026-09-15 14:57:06.040 [main] WARN  org.hibernate.orm.jdbc.error - ORA-01017: invalid username/password; logon denied

https://docs.oracle.com/error-help/db/ora-01017/
2026-09-15 14:57:06.041 [main] WARN  org.hibernate.orm.jdbc - HHH100046: Could not obtain connection to query JDBC database metadata
org.hibernate.exception.GenericJDBCException: Unable to obtain isolated JDBC connection [ORA-01017: invalid username/password; logon denied

https://docs.oracle.com/error-help/db/ora-01017/] [n/a]
	at org.hibernate.exception.internal.StandardSQLExceptionConverter.convert(StandardSQLExceptionConverter.java:39)
	at org.hibernate.engine.jdbc.spi.SqlExceptionHelper.convert(SqlExceptionHelper.java:115)
	at org.hibernate.engine.jdbc.spi.SqlExceptionHelper.convert(SqlExceptionHelper.java:101)
	at org.hibernate.resource.transaction.backend.jdbc.internal.JdbcIsolationDelegate.delegateWork(JdbcIsolationDelegate.java:51)
	at org.hibernate.engine.jdbc.env.internal.JdbcEnvironmentInitiator.getJdbcEnvironmentUsingJdbcMetadata(JdbcEnvironmentInitiator.java:366)
	at org.hibernate.engine.jdbc.env.internal.JdbcEnvironmentInitiator.getJdbcEnvironment(JdbcEnvironmentInitiator.java:143)
	at org.hibernate.engine.jdbc.env.internal.JdbcEnvironmentInitiator.initiateService(JdbcEnvironmentInitiator.java:120)
	at org.hibernate.engine.jdbc.env.internal.JdbcEnvironmentInitiator.initiateService(JdbcEnvironmentInitiator.java:80)
	at org.hibernate.boot.registry.internal.StandardServiceRegistryImpl.initiateService(StandardServiceRegistryImpl.java:133)
	at org.hibernate.service.internal.AbstractServiceRegistryImpl.createService(AbstractServiceRegistryImpl.java:260)
	at org.hibernate.service.internal.AbstractServiceRegistryImpl.initializeService(AbstractServiceRegistryImpl.java:235)
	at org.hibernate.service.internal.AbstractServiceRegistryImpl.getService(AbstractServiceRegistryImpl.java:212)
	at org.hibernate.boot.model.relational.Database.<init>(Database.java:44)
	at org.hibernate.boot.internal.InFlightMetadataCollectorImpl.getDatabase(InFlightMetadataCollectorImpl.java:251)
	at org.hibernate.boot.internal.InFlightMetadataCollectorImpl.<init>(InFlightMetadataCollectorImpl.java:203)
	at org.hibernate.boot.model.process.spi.MetadataBuildingProcess.complete(MetadataBuildingProcess.java:172)
	at org.hibernate.jpa.boot.internal.EntityManagerFactoryBuilderImpl.metadata(EntityManagerFactoryBuilderImpl.java:1392)
	at org.hibernate.jpa.boot.internal.EntityManagerFactoryBuilderImpl.populateSessionFactoryBuilder(EntityManagerFactoryBuilderImpl.java:1472)
	at org.hibernate.jpa.boot.internal.EntityManagerFactoryBuilderImpl.build(EntityManagerFactoryBuilderImpl.java:1454)
	at org.springframework.orm.jpa.vendor.SpringHibernateJpaPersistenceProvider.createContainerEntityManagerFactory(SpringHibernateJpaPersistenceProvider.java:93)
	at org.springframework.orm.jpa.LocalContainerEntityManagerFactoryBean.createNativeEntityManagerFactory(LocalContainerEntityManagerFactoryBean.java:443)
	at org.springframework.orm.jpa.AbstractEntityManagerFactoryBean.buildNativeEntityManagerFactory(AbstractEntityManagerFactoryBean.java:436)
	at org.springframework.orm.jpa.AbstractEntityManagerFactoryBean.afterPropertiesSet(AbstractEntityManagerFactoryBean.java:411)
	at org.springframework.orm.jpa.LocalContainerEntityManagerFactoryBean.afterPropertiesSet(LocalContainerEntityManagerFactoryBean.java:419)
	at org.springframework.beans.factory.support.AbstractAutowireCapableBeanFactory.invokeInitMethods(AbstractAutowireCapableBeanFactory.java:1864)
	at org.springframework.beans.factory.support.AbstractAutowireCapableBeanFactory.initializeBean(AbstractAutowireCapableBeanFactory.java:1813)
	at org.springframework.beans.factory.support.AbstractAutowireCapableBeanFactory.doCreateBean(AbstractAutowireCapableBeanFactory.java:603)
	at org.springframework.beans.factory.support.AbstractAutowireCapableBeanFactory.createBean(AbstractAutowireCapableBeanFactory.java:525)
	at org.springframework.beans.factory.support.AbstractBeanFactory.lambda$doGetBean$0(AbstractBeanFactory.java:333)
	at org.springframework.beans.factory.support.DefaultSingletonBeanRegistry.getSingleton(DefaultSingletonBeanRegistry.java:371)
	at org.springframework.beans.factory.support.AbstractBeanFactory.doGetBean(AbstractBeanFactory.java:331)
	at org.springframework.beans.factory.support.AbstractBeanFactory.getBean(AbstractBeanFactory.java:201)
	at org.springframework.context.support.AbstractApplicationContext.finishBeanFactoryInitialization(AbstractApplicationContext.java:977)
	at org.springframework.context.support.AbstractApplicationContext.refresh(AbstractApplicationContext.java:621)
	at org.springframework.boot.SpringApplication.refresh(SpringApplication.java:756)
	at org.springframework.boot.SpringApplication.refreshContext(SpringApplication.java:445)
	at org.springframework.boot.SpringApplication.run(SpringApplication.java:321)
	at org.springframework.boot.test.context.SpringBootContextLoader.lambda$loadContext$2(SpringBootContextLoader.java:155)
	at org.springframework.util.function.ThrowingSupplier.get(ThrowingSupplier.java:58)
	at org.springframework.util.function.ThrowingSupplier.get(ThrowingSupplier.java:46)
	at org.springframework.boot.SpringApplication.withHook(SpringApplication.java:1465)
	at org.springframework.boot.test.context.SpringBootContextLoader$ContextLoaderHook.run(SpringBootContextLoader.java:600)
	at org.springframework.boot.test.context.SpringBootContextLoader.loadContext(SpringBootContextLoader.java:155)
	at org.springframework.boot.test.context.SpringBootContextLoader.loadContext(SpringBootContextLoader.java:114)
	at org.springframework.test.context.cache.DefaultCacheAwareContextLoaderDelegate.loadContextInternal(DefaultCacheAwareContextLoaderDelegate.java:247)
	at org.springframework.test.context.cache.DefaultCacheAwareContextLoaderDelegate.lambda$loadContext$0(DefaultCacheAwareContextLoaderDelegate.java:167)
	at org.springframework.test.context.cache.DefaultContextCache.put(DefaultContextCache.java:214)
	at org.springframework.test.context.cache.DefaultCacheAwareContextLoaderDelegate.loadContext(DefaultCacheAwareContextLoaderDelegate.java:160)
	at org.springframework.test.context.support.DefaultTestContext.getApplicationContext(DefaultTestContext.java:128)
	at org.springframework.test.context.web.ServletTestExecutionListener.setUpRequestContextIfNecessary(ServletTestExecutionListener.java:200)
	at org.springframework.test.context.web.ServletTestExecutionListener.prepareTestInstance(ServletTestExecutionListener.java:139)
	at org.springframework.test.context.TestContextManager.prepareTestInstance(TestContextManager.java:260)
	at org.springframework.test.context.junit.jupiter.SpringExtension.postProcessTestInstance(SpringExtension.java:210)
	at org.junit.jupiter.engine.descriptor.ClassBasedTestDescriptor.lambda$invokeTestInstancePostProcessors$1(ClassBasedTestDescriptor.java:423)
	at org.junit.jupiter.engine.descriptor.ClassBasedTestDescriptor.executeAndMaskThrowable(ClassBasedTestDescriptor.java:428)
	at org.junit.jupiter.engine.descriptor.ClassBasedTestDescriptor.lambda$invokeTestInstancePostProcessors$0(ClassBasedTestDescriptor.java:422)
	at java.base/java.util.stream.ForEachOps$ForEachOp$OfRef.accept(ForEachOps.java:183)
	at java.base/java.util.stream.ReferencePipeline$3$1.accept(ReferencePipeline.java:197)
	at java.base/java.util.stream.ReferencePipeline$2$1.accept(ReferencePipeline.java:179)
	at java.base/java.util.stream.ReferencePipeline$3$1.accept(ReferencePipeline.java:197)
	at java.base/java.util.ArrayList$ArrayListSpliterator.forEachRemaining(ArrayList.java:1625)
	at java.base/java.util.stream.AbstractPipeline.copyInto(AbstractPipeline.java:509)
	at java.base/java.util.stream.AbstractPipeline.wrapAndCopyInto(AbstractPipeline.java:499)
	at java.base/java.util.stream.ForEachOps$ForEachOp.evaluateSequential(ForEachOps.java:150)
	at java.base/java.util.stream.ForEachOps$ForEachOp$OfRef.evaluateSequential(ForEachOps.java:173)
	at java.base/java.util.stream.AbstractPipeline.evaluate(AbstractPipeline.java:234)
	at java.base/java.util.stream.ReferencePipeline.forEach(ReferencePipeline.java:596)
	at org.junit.jupiter.engine.descriptor.ClassBasedTestDescriptor.invokeTestInstancePostProcessors(ClassBasedTestDescriptor.java:422)
	at org.junit.jupiter.engine.descriptor.ClassBasedTestDescriptor.lambda$instantiateAndPostProcessTestInstance$0(ClassBasedTestDescriptor.java:334)
	at org.junit.platform.engine.support.hierarchical.ThrowableCollector.execute(ThrowableCollector.java:74)
	at org.junit.jupiter.engine.descriptor.ClassBasedTestDescriptor.instantiateAndPostProcessTestInstance(ClassBasedTestDescriptor.java:333)
	at org.junit.jupiter.engine.descriptor.ClassBasedTestDescriptor.lambda$testInstancesProvider$1(ClassBasedTestDescriptor.java:322)
	at java.base/java.util.Optional.orElseGet(Optional.java:364)
	at org.junit.jupiter.engine.descriptor.ClassBasedTestDescriptor.lambda$testInstancesProvider$0(ClassBasedTestDescriptor.java:321)
	at org.junit.jupiter.engine.execution.TestInstancesProvider.getTestInstances(TestInstancesProvider.java:27)
	at org.junit.jupiter.engine.descriptor.TestMethodTestDescriptor.lambda$prepare$0(TestMethodTestDescriptor.java:127)
	at org.junit.platform.engine.support.hierarchical.ThrowableCollector.execute(ThrowableCollector.java:74)
	at org.junit.jupiter.engine.descriptor.TestMethodTestDescriptor.prepare(TestMethodTestDescriptor.java:126)
	at org.junit.jupiter.engine.descriptor.TestMethodTestDescriptor.prepare(TestMethodTestDescriptor.java:70)
	at org.junit.platform.engine.support.hierarchical.NodeTestTask.lambda$prepare$0(NodeTestTask.java:144)
	at org.junit.platform.engine.support.hierarchical.ThrowableCollector.execute(ThrowableCollector.java:74)
	at org.junit.platform.engine.support.hierarchical.NodeTestTask.prepare(NodeTestTask.java:144)
	at org.junit.platform.engine.support.hierarchical.NodeTestTask.execute(NodeTestTask.java:110)
	at java.base/java.util.ArrayList.forEach(ArrayList.java:1511)
	at org.junit.platform.engine.support.hierarchical.SameThreadHierarchicalTestExecutorService.invokeAll(SameThreadHierarchicalTestExecutorService.java:42)
	at org.junit.platform.engine.support.hierarchical.NodeTestTask.lambda$executeRecursively$2(NodeTestTask.java:180)
	at org.junit.platform.engine.support.hierarchical.ThrowableCollector.execute(ThrowableCollector.java:74)
	at org.junit.platform.engine.support.hierarchical.NodeTestTask.lambda$executeRecursively$1(NodeTestTask.java:166)
	at org.junit.platform.engine.support.hierarchical.Node.around(Node.java:138)
	at org.junit.platform.engine.support.hierarchical.NodeTestTask.lambda$executeRecursively$0(NodeTestTask.java:164)
	at org.junit.platform.engine.support.hierarchical.ThrowableCollector.execute(ThrowableCollector.java:74)
	at org.junit.platform.engine.support.hierarchical.NodeTestTask.executeRecursively(NodeTestTask.java:163)
	at org.junit.platform.engine.support.hierarchical.NodeTestTask.execute(NodeTestTask.java:116)
	at java.base/java.util.ArrayList.forEach(ArrayList.java:1511)
	at org.junit.platform.engine.support.hierarchical.SameThreadHierarchicalTestExecutorService.invokeAll(SameThreadHierarchicalTestExecutorService.java:42)
	at org.junit.platform.engine.support.hierarchical.NodeTestTask.lambda$executeRecursively$2(NodeTestTask.java:180)
	at org.junit.platform.engine.support.hierarchical.ThrowableCollector.execute(ThrowableCollector.java:74)
	at org.junit.platform.engine.support.hierarchical.NodeTestTask.lambda$executeRecursively$1(NodeTestTask.java:166)
	at org.junit.platform.engine.support.hierarchical.Node.around(Node.java:138)
	at org.junit.platform.engine.support.hierarchical.NodeTestTask.lambda$executeRecursively$0(NodeTestTask.java:164)
	at org.junit.platform.engine.support.hierarchical.ThrowableCollector.execute(ThrowableCollector.java:74)
	at org.junit.platform.engine.support.hierarchical.NodeTestTask.executeRecursively(NodeTestTask.java:163)
	at org.junit.platform.engine.support.hierarchical.NodeTestTask.execute(NodeTestTask.java:116)
	at org.junit.platform.engine.support.hierarchical.SameThreadHierarchicalTestExecutorService.submit(SameThreadHierarchicalTestExecutorService.java:36)
	at org.junit.platform.engine.support.hierarchical.HierarchicalTestExecutor.execute(HierarchicalTestExecutor.java:52)
	at org.junit.platform.engine.support.hierarchical.HierarchicalTestEngine.execute(HierarchicalTestEngine.java:58)
	at org.junit.platform.launcher.core.EngineExecutionOrchestrator.executeEngine(EngineExecutionOrchestrator.java:246)
	at org.junit.platform.launcher.core.EngineExecutionOrchestrator.failOrExecuteEngine(EngineExecutionOrchestrator.java:218)
	at org.junit.platform.launcher.core.EngineExecutionOrchestrator.execute(EngineExecutionOrchestrator.java:179)
	at org.junit.platform.launcher.core.EngineExecutionOrchestrator.execute(EngineExecutionOrchestrator.java:108)
	at org.junit.platform.launcher.core.EngineExecutionOrchestrator.lambda$execute$0(EngineExecutionOrchestrator.java:66)
	at org.junit.platform.launcher.core.EngineExecutionOrchestrator.withInterceptedStreams(EngineExecutionOrchestrator.java:157)
	at org.junit.platform.launcher.core.EngineExecutionOrchestrator.execute(EngineExecutionOrchestrator.java:65)
	at org.junit.platform.launcher.core.DefaultLauncher.execute(DefaultLauncher.java:125)
	at org.junit.platform.launcher.core.DefaultLauncher.execute(DefaultLauncher.java:114)
	at org.junit.platform.launcher.core.DelegatingLauncher.execute(DelegatingLauncher.java:58)
	at org.junit.platform.launcher.core.InterceptingLauncher.lambda$execute$2(InterceptingLauncher.java:57)
	at org.junit.platform.launcher.core.ClasspathAlignmentCheckingLauncherInterceptor.intercept(ClasspathAlignmentCheckingLauncherInterceptor.java:25)
	at org.junit.platform.launcher.core.InterceptingLauncher.execute(InterceptingLauncher.java:56)
	at org.junit.platform.launcher.core.DelegatingLauncher.execute(DelegatingLauncher.java:58)
	at java.base/jdk.internal.reflect.NativeMethodAccessorImpl.invoke0(Native Method)
	at java.base/jdk.internal.reflect.NativeMethodAccessorImpl.invoke(NativeMethodAccessorImpl.java:77)
	at java.base/jdk.internal.reflect.DelegatingMethodAccessorImpl.invoke(DelegatingMethodAccessorImpl.java:43)
	at java.base/java.lang.reflect.Method.invoke(Method.java:568)
	at org.apache.maven.surefire.api.util.ReflectionUtils.invokeMethodWithArray(ReflectionUtils.java:125)
	at org.apache.maven.surefire.junitplatform.LauncherAdapter.executeWithCancellationToken(LauncherAdapter.java:68)
	at org.apache.maven.surefire.junitplatform.LauncherAdapter.execute(LauncherAdapter.java:54)
	at org.apache.maven.surefire.junitplatform.JUnitPlatformProvider.execute(JUnitPlatformProvider.java:203)
	at org.apache.maven.surefire.junitplatform.JUnitPlatformProvider.invokeAllTests(JUnitPlatformProvider.java:168)
	at org.apache.maven.surefire.junitplatform.JUnitPlatformProvider.invoke(JUnitPlatformProvider.java:136)
	at org.apache.maven.surefire.booter.ForkedBooter.runSuitesInProcess(ForkedBooter.java:385)
	at org.apache.maven.surefire.booter.ForkedBooter.execute(ForkedBooter.java:162)
	at org.apache.maven.surefire.booter.ForkedBooter.run(ForkedBooter.java:507)
	at org.apache.maven.surefire.booter.ForkedBooter.main(ForkedBooter.java:495)
Caused by: java.sql.SQLException: ORA-01017: invalid username/password; logon denied

https://docs.oracle.com/error-help/db/ora-01017/
	at oracle.jdbc.driver.T4CTTIoer11.processError(T4CTTIoer11.java:715)
	at oracle.jdbc.driver.T4CTTIoer11.processError(T4CTTIoer11.java:610)
	at oracle.jdbc.driver.T4CTTIoer11.processError(T4CTTIoer11.java:605)
	at oracle.jdbc.driver.T4CTTIfun.processError(T4CTTIfun.java:1704)
	at oracle.jdbc.driver.T4CTTIoauthenticate.processError(T4CTTIoauthenticate.java:936)
	at oracle.jdbc.driver.T4CTTIfun.receive(T4CTTIfun.java:972)
	at oracle.jdbc.driver.T4CTTIfun.doRPC(T4CTTIfun.java:237)
	at oracle.jdbc.driver.T4CTTIoauthenticate.doOAUTH(T4CTTIoauthenticate.java:547)
	at oracle.jdbc.driver.T4CTTIoauthenticate.doOAUTHWithO5Logon(T4CTTIoauthenticate.java:1746)
	at oracle.jdbc.driver.T4CTTIoauthenticate.doOAUTH(T4CTTIoauthenticate.java:1493)
	at oracle.jdbc.driver.T4CTTIoauthenticate.doOAUTH(T4CTTIoauthenticate.java:1433)
	at oracle.jdbc.driver.T4CConnection.authenticateWithPassword(T4CConnection.java:2353)
	at oracle.jdbc.driver.T4CConnection.authenticateUserForLogon(T4CConnection.java:2290)
	at oracle.jdbc.driver.T4CConnection.logon(T4CConnection.java:1179)
	at oracle.jdbc.driver.PhysicalConnection.connect(PhysicalConnection.java:1210)
	at oracle.jdbc.driver.T4CDriverExtension.getConnection(T4CDriverExtension.java:106)
	at oracle.jdbc.driver.OracleDriver.connect(OracleDriver.java:887)
	at oracle.jdbc.driver.OracleDriver.connect(OracleDriver.java:694)
	at com.zaxxer.hikari.util.DriverDataSource.getConnection(DriverDataSource.java:144)
	at com.zaxxer.hikari.pool.PoolBase.newConnection(PoolBase.java:373)
	at com.zaxxer.hikari.pool.PoolBase.newPoolEntry(PoolBase.java:210)
	at com.zaxxer.hikari.pool.HikariPool.createPoolEntry(HikariPool.java:488)
	at com.zaxxer.hikari.pool.HikariPool.checkFailFast(HikariPool.java:576)
	at com.zaxxer.hikari.pool.HikariPool.<init>(HikariPool.java:97)
	at com.zaxxer.hikari.HikariDataSource.getConnection(HikariDataSource.java:111)
	at org.hibernate.engine.jdbc.connections.internal.DataSourceConnectionProvider.getConnection(DataSourceConnectionProvider.java:137)
	at org.hibernate.engine.jdbc.env.internal.JdbcEnvironmentInitiator$ConnectionProviderJdbcConnectionAccess.obtainConnection(JdbcEnvironmentInitiator.java:508)
	at org.hibernate.resource.transaction.backend.jdbc.internal.JdbcIsolationDelegate.delegateWork(JdbcIsolationDelegate.java:48)
	... 130 more
2026-09-15 14:57:06.047 [main] ERROR org.springframework.orm.jpa.LocalContainerEntityManagerFactoryBean - Failed to initialize JPA EntityManagerFactory: Unable to create requested service [org.hibernate.engine.jdbc.env.spi.JdbcEnvironment] due to: Unable to determine Dialect without JDBC metadata (please set 'jakarta.persistence.jdbc.url' for common cases or 'hibernate.dialect' when a custom Dialect implementation must be provided)
2026-09-15 14:57:06.048 [main] WARN  org.springframework.web.context.support.GenericWebApplicationContext - Exception encountered during context initialization - cancelling refresh attempt: org.springframework.beans.factory.BeanCreationException: Error creating bean with name 'entityManagerFactory' defined in class path resource [org/springframework/boot/hibernate/autoconfigure/HibernateJpaConfiguration.class]: Unable to create requested service [org.hibernate.engine.jdbc.env.spi.JdbcEnvironment] due to: Unable to determine Dialect without JDBC metadata (please set 'jakarta.persistence.jdbc.url' for common cases or 'hibernate.dialect' when a custom Dialect implementation must be provided)
2026-09-15 14:57:06.062 [main] INFO  org.springframework.boot.autoconfigure.logging.ConditionEvaluationReportLogger - 

Error starting ApplicationContext. To display the condition evaluation report re-run your application with 'debug' enabled.
2026-09-15 14:57:06.075 [main] ERROR org.springframework.boot.SpringApplication - Application run failed
org.springframework.beans.factory.BeanCreationException: Error creating bean with name 'entityManagerFactory' defined in class path resource [org/springframework/boot/hibernate/autoconfigure/HibernateJpaConfiguration.class]: Unable to create requested service [org.hibernate.engine.jdbc.env.spi.JdbcEnvironment] due to: Unable to determine Dialect without JDBC metadata (please set 'jakarta.persistence.jdbc.url' for common cases or 'hibernate.dialect' when a custom Dialect implementation must be provided)
	at org.springframework.beans.factory.support.AbstractAutowireCapableBeanFactory.initializeBean(AbstractAutowireCapableBeanFactory.java:1817)
	at org.springframework.beans.factory.support.AbstractAutowireCapableBeanFactory.doCreateBean(AbstractAutowireCapableBeanFactory.java:603)
	at org.springframework.beans.factory.support.AbstractAutowireCapableBeanFactory.createBean(AbstractAutowireCapableBeanFactory.java:525)
	at org.springframework.beans.factory.support.AbstractBeanFactory.lambda$doGetBean$0(AbstractBeanFactory.java:333)
	at org.springframework.beans.factory.support.DefaultSingletonBeanRegistry.getSingleton(DefaultSingletonBeanRegistry.java:371)
	at org.springframework.beans.factory.support.AbstractBeanFactory.doGetBean(AbstractBeanFactory.java:331)
	at org.springframework.beans.factory.support.AbstractBeanFactory.getBean(AbstractBeanFactory.java:201)
	at org.springframework.context.support.AbstractApplicationContext.finishBeanFactoryInitialization(AbstractApplicationContext.java:977)
	at org.springframework.context.support.AbstractApplicationContext.refresh(AbstractApplicationContext.java:621)
	at org.springframework.boot.SpringApplication.refresh(SpringApplication.java:756)
	at org.springframework.boot.SpringApplication.refreshContext(SpringApplication.java:445)
	at org.springframework.boot.SpringApplication.run(SpringApplication.java:321)
	at org.springframework.boot.test.context.SpringBootContextLoader.lambda$loadContext$2(SpringBootContextLoader.java:155)
	at org.springframework.util.function.ThrowingSupplier.get(ThrowingSupplier.java:58)
	at org.springframework.util.function.ThrowingSupplier.get(ThrowingSupplier.java:46)
	at org.springframework.boot.SpringApplication.withHook(SpringApplication.java:1465)
	at org.springframework.boot.test.context.SpringBootContextLoader$ContextLoaderHook.run(SpringBootContextLoader.java:600)
	at org.springframework.boot.test.context.SpringBootContextLoader.loadContext(SpringBootContextLoader.java:155)
	at org.springframework.boot.test.context.SpringBootContextLoader.loadContext(SpringBootContextLoader.java:114)
	at org.springframework.test.context.cache.DefaultCacheAwareContextLoaderDelegate.loadContextInternal(DefaultCacheAwareContextLoaderDelegate.java:247)
	at org.springframework.test.context.cache.DefaultCacheAwareContextLoaderDelegate.lambda$loadContext$0(DefaultCacheAwareContextLoaderDelegate.java:167)
	at org.springframework.test.context.cache.DefaultContextCache.put(DefaultContextCache.java:214)
	at org.springframework.test.context.cache.DefaultCacheAwareContextLoaderDelegate.loadContext(DefaultCacheAwareContextLoaderDelegate.java:160)
	at org.springframework.test.context.support.DefaultTestContext.getApplicationContext(DefaultTestContext.java:128)
	at org.springframework.test.context.web.ServletTestExecutionListener.setUpRequestContextIfNecessary(ServletTestExecutionListener.java:200)
	at org.springframework.test.context.web.ServletTestExecutionListener.prepareTestInstance(ServletTestExecutionListener.java:139)
	at org.springframework.test.context.TestContextManager.prepareTestInstance(TestContextManager.java:260)
	at org.springframework.test.context.junit.jupiter.SpringExtension.postProcessTestInstance(SpringExtension.java:210)
	at org.junit.jupiter.engine.descriptor.ClassBasedTestDescriptor.lambda$invokeTestInstancePostProcessors$1(ClassBasedTestDescriptor.java:423)
	at org.junit.jupiter.engine.descriptor.ClassBasedTestDescriptor.executeAndMaskThrowable(ClassBasedTestDescriptor.java:428)
	at org.junit.jupiter.engine.descriptor.ClassBasedTestDescriptor.lambda$invokeTestInstancePostProcessors$0(ClassBasedTestDescriptor.java:422)
	at java.base/java.util.stream.ForEachOps$ForEachOp$OfRef.accept(ForEachOps.java:183)
	at java.base/java.util.stream.ReferencePipeline$3$1.accept(ReferencePipeline.java:197)
	at java.base/java.util.stream.ReferencePipeline$2$1.accept(ReferencePipeline.java:179)
	at java.base/java.util.stream.ReferencePipeline$3$1.accept(ReferencePipeline.java:197)
	at java.base/java.util.ArrayList$ArrayListSpliterator.forEachRemaining(ArrayList.java:1625)
	at java.base/java.util.stream.AbstractPipeline.copyInto(AbstractPipeline.java:509)
	at java.base/java.util.stream.AbstractPipeline.wrapAndCopyInto(AbstractPipeline.java:499)
	at java.base/java.util.stream.ForEachOps$ForEachOp.evaluateSequential(ForEachOps.java:150)
	at java.base/java.util.stream.ForEachOps$ForEachOp$OfRef.evaluateSequential(ForEachOps.java:173)
	at java.base/java.util.stream.AbstractPipeline.evaluate(AbstractPipeline.java:234)
	at java.base/java.util.stream.ReferencePipeline.forEach(ReferencePipeline.java:596)
	at org.junit.jupiter.engine.descriptor.ClassBasedTestDescriptor.invokeTestInstancePostProcessors(ClassBasedTestDescriptor.java:422)
	at org.junit.jupiter.engine.descriptor.ClassBasedTestDescriptor.lambda$instantiateAndPostProcessTestInstance$0(ClassBasedTestDescriptor.java:334)
	at org.junit.platform.engine.support.hierarchical.ThrowableCollector.execute(ThrowableCollector.java:74)
	at org.junit.jupiter.engine.descriptor.ClassBasedTestDescriptor.instantiateAndPostProcessTestInstance(ClassBasedTestDescriptor.java:333)
	at org.junit.jupiter.engine.descriptor.ClassBasedTestDescriptor.lambda$testInstancesProvider$1(ClassBasedTestDescriptor.java:322)
	at java.base/java.util.Optional.orElseGet(Optional.java:364)
	at org.junit.jupiter.engine.descriptor.ClassBasedTestDescriptor.lambda$testInstancesProvider$0(ClassBasedTestDescriptor.java:321)
	at org.junit.jupiter.engine.execution.TestInstancesProvider.getTestInstances(TestInstancesProvider.java:27)
	at org.junit.jupiter.engine.descriptor.TestMethodTestDescriptor.lambda$prepare$0(TestMethodTestDescriptor.java:127)
	at org.junit.platform.engine.support.hierarchical.ThrowableCollector.execute(ThrowableCollector.java:74)
	at org.junit.jupiter.engine.descriptor.TestMethodTestDescriptor.prepare(TestMethodTestDescriptor.java:126)
	at org.junit.jupiter.engine.descriptor.TestMethodTestDescriptor.prepare(TestMethodTestDescriptor.java:70)
	at org.junit.platform.engine.support.hierarchical.NodeTestTask.lambda$prepare$0(NodeTestTask.java:144)
	at org.junit.platform.engine.support.hierarchical.ThrowableCollector.execute(ThrowableCollector.java:74)
	at org.junit.platform.engine.support.hierarchical.NodeTestTask.prepare(NodeTestTask.java:144)
	at org.junit.platform.engine.support.hierarchical.NodeTestTask.execute(NodeTestTask.java:110)
	at java.base/java.util.ArrayList.forEach(ArrayList.java:1511)
	at org.junit.platform.engine.support.hierarchical.SameThreadHierarchicalTestExecutorService.invokeAll(SameThreadHierarchicalTestExecutorService.java:42)
	at org.junit.platform.engine.support.hierarchical.NodeTestTask.lambda$executeRecursively$2(NodeTestTask.java:180)
	at org.junit.platform.engine.support.hierarchical.ThrowableCollector.execute(ThrowableCollector.java:74)
	at org.junit.platform.engine.support.hierarchical.NodeTestTask.lambda$executeRecursively$1(NodeTestTask.java:166)
	at org.junit.platform.engine.support.hierarchical.Node.around(Node.java:138)
	at org.junit.platform.engine.support.hierarchical.NodeTestTask.lambda$executeRecursively$0(NodeTestTask.java:164)
	at org.junit.platform.engine.support.hierarchical.ThrowableCollector.execute(ThrowableCollector.java:74)
	at org.junit.platform.engine.support.hierarchical.NodeTestTask.executeRecursively(NodeTestTask.java:163)
	at org.junit.platform.engine.support.hierarchical.NodeTestTask.execute(NodeTestTask.java:116)
	at java.base/java.util.ArrayList.forEach(ArrayList.java:1511)
	at org.junit.platform.engine.support.hierarchical.SameThreadHierarchicalTestExecutorService.invokeAll(SameThreadHierarchicalTestExecutorService.java:42)
	at org.junit.platform.engine.support.hierarchical.NodeTestTask.lambda$executeRecursively$2(NodeTestTask.java:180)
	at org.junit.platform.engine.support.hierarchical.ThrowableCollector.execute(ThrowableCollector.java:74)
	at org.junit.platform.engine.support.hierarchical.NodeTestTask.lambda$executeRecursively$1(NodeTestTask.java:166)
	at org.junit.platform.engine.support.hierarchical.Node.around(Node.java:138)
	at org.junit.platform.engine.support.hierarchical.NodeTestTask.lambda$executeRecursively$0(NodeTestTask.java:164)
	at org.junit.platform.engine.support.hierarchical.ThrowableCollector.execute(ThrowableCollector.java:74)
	at org.junit.platform.engine.support.hierarchical.NodeTestTask.executeRecursively(NodeTestTask.java:163)
	at org.junit.platform.engine.support.hierarchical.NodeTestTask.execute(NodeTestTask.java:116)
	at org.junit.platform.engine.support.hierarchical.SameThreadHierarchicalTestExecutorService.submit(SameThreadHierarchicalTestExecutorService.java:36)
	at org.junit.platform.engine.support.hierarchical.HierarchicalTestExecutor.execute(HierarchicalTestExecutor.java:52)
	at org.junit.platform.engine.support.hierarchical.HierarchicalTestEngine.execute(HierarchicalTestEngine.java:58)
	at org.junit.platform.launcher.core.EngineExecutionOrchestrator.executeEngine(EngineExecutionOrchestrator.java:246)
	at org.junit.platform.launcher.core.EngineExecutionOrchestrator.failOrExecuteEngine(EngineExecutionOrchestrator.java:218)
	at org.junit.platform.launcher.core.EngineExecutionOrchestrator.execute(EngineExecutionOrchestrator.java:179)
	at org.junit.platform.launcher.core.EngineExecutionOrchestrator.execute(EngineExecutionOrchestrator.java:108)
	at org.junit.platform.launcher.core.EngineExecutionOrchestrator.lambda$execute$0(EngineExecutionOrchestrator.java:66)
	at org.junit.platform.launcher.core.EngineExecutionOrchestrator.withInterceptedStreams(EngineExecutionOrchestrator.java:157)
	at org.junit.platform.launcher.core.EngineExecutionOrchestrator.execute(EngineExecutionOrchestrator.java:65)
	at org.junit.platform.launcher.core.DefaultLauncher.execute(DefaultLauncher.java:125)
	at org.junit.platform.launcher.core.DefaultLauncher.execute(DefaultLauncher.java:114)
	at org.junit.platform.launcher.core.DelegatingLauncher.execute(DelegatingLauncher.java:58)
	at org.junit.platform.launcher.core.InterceptingLauncher.lambda$execute$2(InterceptingLauncher.java:57)
	at org.junit.platform.launcher.core.ClasspathAlignmentCheckingLauncherInterceptor.intercept(ClasspathAlignmentCheckingLauncherInterceptor.java:25)
	at org.junit.platform.launcher.core.InterceptingLauncher.execute(InterceptingLauncher.java:56)
	at org.junit.platform.launcher.core.DelegatingLauncher.execute(DelegatingLauncher.java:58)
	at java.base/jdk.internal.reflect.NativeMethodAccessorImpl.invoke0(Native Method)
	at java.base/jdk.internal.reflect.NativeMethodAccessorImpl.invoke(NativeMethodAccessorImpl.java:77)
	at java.base/jdk.internal.reflect.DelegatingMethodAccessorImpl.invoke(DelegatingMethodAccessorImpl.java:43)
	at java.base/java.lang.reflect.Method.invoke(Method.java:568)
	at org.apache.maven.surefire.api.util.ReflectionUtils.invokeMethodWithArray(ReflectionUtils.java:125)
	at org.apache.maven.surefire.junitplatform.LauncherAdapter.executeWithCancellationToken(LauncherAdapter.java:68)
	at org.apache.maven.surefire.junitplatform.LauncherAdapter.execute(LauncherAdapter.java:54)
	at org.apache.maven.surefire.junitplatform.JUnitPlatformProvider.execute(JUnitPlatformProvider.java:203)
	at org.apache.maven.surefire.junitplatform.JUnitPlatformProvider.invokeAllTests(JUnitPlatformProvider.java:168)
	at org.apache.maven.surefire.junitplatform.JUnitPlatformProvider.invoke(JUnitPlatformProvider.java:136)
	at org.apache.maven.surefire.booter.ForkedBooter.runSuitesInProcess(ForkedBooter.java:385)
	at org.apache.maven.surefire.booter.ForkedBooter.execute(ForkedBooter.java:162)
	at org.apache.maven.surefire.booter.ForkedBooter.run(ForkedBooter.java:507)
	at org.apache.maven.surefire.booter.ForkedBooter.main(ForkedBooter.java:495)
Caused by: org.hibernate.service.spi.ServiceException: Unable to create requested service [org.hibernate.engine.jdbc.env.spi.JdbcEnvironment] due to: Unable to determine Dialect without JDBC metadata (please set 'jakarta.persistence.jdbc.url' for common cases or 'hibernate.dialect' when a custom Dialect implementation must be provided)
	at org.hibernate.service.internal.AbstractServiceRegistryImpl.createService(AbstractServiceRegistryImpl.java:273)
	at org.hibernate.service.internal.AbstractServiceRegistryImpl.initializeService(AbstractServiceRegistryImpl.java:235)
	at org.hibernate.service.internal.AbstractServiceRegistryImpl.getService(AbstractServiceRegistryImpl.java:212)
	at org.hibernate.boot.model.relational.Database.<init>(Database.java:44)
	at org.hibernate.boot.internal.InFlightMetadataCollectorImpl.getDatabase(InFlightMetadataCollectorImpl.java:251)
	at org.hibernate.boot.internal.InFlightMetadataCollectorImpl.<init>(InFlightMetadataCollectorImpl.java:203)
	at org.hibernate.boot.model.process.spi.MetadataBuildingProcess.complete(MetadataBuildingProcess.java:172)
	at org.hibernate.jpa.boot.internal.EntityManagerFactoryBuilderImpl.metadata(EntityManagerFactoryBuilderImpl.java:1392)
	at org.hibernate.jpa.boot.internal.EntityManagerFactoryBuilderImpl.populateSessionFactoryBuilder(EntityManagerFactoryBuilderImpl.java:1472)
	at org.hibernate.jpa.boot.internal.EntityManagerFactoryBuilderImpl.build(EntityManagerFactoryBuilderImpl.java:1454)
	at org.springframework.orm.jpa.vendor.SpringHibernateJpaPersistenceProvider.createContainerEntityManagerFactory(SpringHibernateJpaPersistenceProvider.java:93)
	at org.springframework.orm.jpa.LocalContainerEntityManagerFactoryBean.createNativeEntityManagerFactory(LocalContainerEntityManagerFactoryBean.java:443)
	at org.springframework.orm.jpa.AbstractEntityManagerFactoryBean.buildNativeEntityManagerFactory(AbstractEntityManagerFactoryBean.java:436)
	at org.springframework.orm.jpa.AbstractEntityManagerFactoryBean.afterPropertiesSet(AbstractEntityManagerFactoryBean.java:411)
	at org.springframework.orm.jpa.LocalContainerEntityManagerFactoryBean.afterPropertiesSet(LocalContainerEntityManagerFactoryBean.java:419)
	at org.springframework.beans.factory.support.AbstractAutowireCapableBeanFactory.invokeInitMethods(AbstractAutowireCapableBeanFactory.java:1864)
	at org.springframework.beans.factory.support.AbstractAutowireCapableBeanFactory.initializeBean(AbstractAutowireCapableBeanFactory.java:1813)
	... 108 more
Caused by: org.hibernate.HibernateException: Unable to determine Dialect without JDBC metadata (please set 'jakarta.persistence.jdbc.url' for common cases or 'hibernate.dialect' when a custom Dialect implementation must be provided)
	at org.hibernate.engine.jdbc.dialect.internal.DialectFactoryImpl.determineDialect(DialectFactoryImpl.java:190)
	at org.hibernate.engine.jdbc.dialect.internal.DialectFactoryImpl.buildDialect(DialectFactoryImpl.java:86)
	at org.hibernate.engine.jdbc.env.internal.JdbcEnvironmentInitiator.getJdbcEnvironmentWithDefaults(JdbcEnvironmentInitiator.java:200)
	at org.hibernate.engine.jdbc.env.internal.JdbcEnvironmentInitiator.getJdbcEnvironmentUsingJdbcMetadata(JdbcEnvironmentInitiator.java:452)
	at org.hibernate.engine.jdbc.env.internal.JdbcEnvironmentInitiator.getJdbcEnvironment(JdbcEnvironmentInitiator.java:143)
	at org.hibernate.engine.jdbc.env.internal.JdbcEnvironmentInitiator.initiateService(JdbcEnvironmentInitiator.java:120)
	at org.hibernate.engine.jdbc.env.internal.JdbcEnvironmentInitiator.initiateService(JdbcEnvironmentInitiator.java:80)
	at org.hibernate.boot.registry.internal.StandardServiceRegistryImpl.initiateService(StandardServiceRegistryImpl.java:133)
	at org.hibernate.service.internal.AbstractServiceRegistryImpl.createService(AbstractServiceRegistryImpl.java:260)
	... 124 more
2026-09-15 14:57:06.081 [main] WARN  org.springframework.test.context.TestContextManager - Caught exception while allowing TestExecutionListener [org.springframework.test.context.web.ServletTestExecutionListener] to prepare test instance [com.demo.Docker.DockerApplicationTests@738ed8f5]
java.lang.IllegalStateException: Failed to load ApplicationContext for [WebMergedContextConfiguration@1e288c76 testClass = com.demo.Docker.DockerApplicationTests, locations = [], classes = [com.demo.Docker.DockerApplication], contextInitializerClasses = [], activeProfiles = [], propertySourceDescriptors = [], propertySourceProperties = ["org.springframework.boot.test.context.SpringBootTestContextBootstrapper=true"], contextCustomizers = [org.springframework.boot.test.context.PropertyMappingContextCustomizer@0, org.springframework.boot.test.context.filter.ExcludeFilterContextCustomizer@40d10481, org.springframework.boot.test.json.DuplicateJsonObjectContextCustomizerFactory$DuplicateJsonObjectContextCustomizer@1dcca8d3, org.springframework.boot.test.autoconfigure.OnFailureConditionReportContextCustomizerFactory$OnFailureConditionReportContextCustomizer@6124287a, org.springframework.test.context.support.DynamicPropertiesContextCustomizer@0, org.springframework.boot.webmvc.test.autoconfigure.WebDriverContextCustomizer@7e7f0f0a, org.springframework.boot.web.server.context.SpringBootTestRandomPortContextCustomizer@656d10a4, org.springframework.boot.test.context.SpringBootTestAnnotation@c573e310], resourceBasePath = "src/main/webapp", contextLoader = org.springframework.boot.test.context.SpringBootContextLoader, parent = null]
	at org.springframework.test.context.cache.DefaultCacheAwareContextLoaderDelegate.lambda$loadContext$0(DefaultCacheAwareContextLoaderDelegate.java:195)
	at org.springframework.test.context.cache.DefaultContextCache.put(DefaultContextCache.java:214)
	at org.springframework.test.context.cache.DefaultCacheAwareContextLoaderDelegate.loadContext(DefaultCacheAwareContextLoaderDelegate.java:160)
	at org.springframework.test.context.support.DefaultTestContext.getApplicationContext(DefaultTestContext.java:128)
	at org.springframework.test.context.web.ServletTestExecutionListener.setUpRequestContextIfNecessary(ServletTestExecutionListener.java:200)
	at org.springframework.test.context.web.ServletTestExecutionListener.prepareTestInstance(ServletTestExecutionListener.java:139)
	at org.springframework.test.context.TestContextManager.prepareTestInstance(TestContextManager.java:260)
	at org.springframework.test.context.junit.jupiter.SpringExtension.postProcessTestInstance(SpringExtension.java:210)
	at org.junit.jupiter.engine.descriptor.ClassBasedTestDescriptor.lambda$invokeTestInstancePostProcessors$1(ClassBasedTestDescriptor.java:423)
	at org.junit.jupiter.engine.descriptor.ClassBasedTestDescriptor.executeAndMaskThrowable(ClassBasedTestDescriptor.java:428)
	at org.junit.jupiter.engine.descriptor.ClassBasedTestDescriptor.lambda$invokeTestInstancePostProcessors$0(ClassBasedTestDescriptor.java:422)
	at java.base/java.util.stream.ForEachOps$ForEachOp$OfRef.accept(ForEachOps.java:183)
	at java.base/java.util.stream.ReferencePipeline$3$1.accept(ReferencePipeline.java:197)
	at java.base/java.util.stream.ReferencePipeline$2$1.accept(ReferencePipeline.java:179)
	at java.base/java.util.stream.ReferencePipeline$3$1.accept(ReferencePipeline.java:197)
	at java.base/java.util.ArrayList$ArrayListSpliterator.forEachRemaining(ArrayList.java:1625)
	at java.base/java.util.stream.AbstractPipeline.copyInto(AbstractPipeline.java:509)
	at java.base/java.util.stream.AbstractPipeline.wrapAndCopyInto(AbstractPipeline.java:499)
	at java.base/java.util.stream.ForEachOps$ForEachOp.evaluateSequential(ForEachOps.java:150)
	at java.base/java.util.stream.ForEachOps$ForEachOp$OfRef.evaluateSequential(ForEachOps.java:173)
	at java.base/java.util.stream.AbstractPipeline.evaluate(AbstractPipeline.java:234)
	at java.base/java.util.stream.ReferencePipeline.forEach(ReferencePipeline.java:596)
	at org.junit.jupiter.engine.descriptor.ClassBasedTestDescriptor.invokeTestInstancePostProcessors(ClassBasedTestDescriptor.java:422)
	at org.junit.jupiter.engine.descriptor.ClassBasedTestDescriptor.lambda$instantiateAndPostProcessTestInstance$0(ClassBasedTestDescriptor.java:334)
	at org.junit.platform.engine.support.hierarchical.ThrowableCollector.execute(ThrowableCollector.java:74)
	at org.junit.jupiter.engine.descriptor.ClassBasedTestDescriptor.instantiateAndPostProcessTestInstance(ClassBasedTestDescriptor.java:333)
	at org.junit.jupiter.engine.descriptor.ClassBasedTestDescriptor.lambda$testInstancesProvider$1(ClassBasedTestDescriptor.java:322)
	at java.base/java.util.Optional.orElseGet(Optional.java:364)
	at org.junit.jupiter.engine.descriptor.ClassBasedTestDescriptor.lambda$testInstancesProvider$0(ClassBasedTestDescriptor.java:321)
	at org.junit.jupiter.engine.execution.TestInstancesProvider.getTestInstances(TestInstancesProvider.java:27)
	at org.junit.jupiter.engine.descriptor.TestMethodTestDescriptor.lambda$prepare$0(TestMethodTestDescriptor.java:127)
	at org.junit.platform.engine.support.hierarchical.ThrowableCollector.execute(ThrowableCollector.java:74)
	at org.junit.jupiter.engine.descriptor.TestMethodTestDescriptor.prepare(TestMethodTestDescriptor.java:126)
	at org.junit.jupiter.engine.descriptor.TestMethodTestDescriptor.prepare(TestMethodTestDescriptor.java:70)
	at org.junit.platform.engine.support.hierarchical.NodeTestTask.lambda$prepare$0(NodeTestTask.java:144)
	at org.junit.platform.engine.support.hierarchical.ThrowableCollector.execute(ThrowableCollector.java:74)
	at org.junit.platform.engine.support.hierarchical.NodeTestTask.prepare(NodeTestTask.java:144)
	at org.junit.platform.engine.support.hierarchical.NodeTestTask.execute(NodeTestTask.java:110)
	at java.base/java.util.ArrayList.forEach(ArrayList.java:1511)
	at org.junit.platform.engine.support.hierarchical.SameThreadHierarchicalTestExecutorService.invokeAll(SameThreadHierarchicalTestExecutorService.java:42)
	at org.junit.platform.engine.support.hierarchical.NodeTestTask.lambda$executeRecursively$2(NodeTestTask.java:180)
	at org.junit.platform.engine.support.hierarchical.ThrowableCollector.execute(ThrowableCollector.java:74)
	at org.junit.platform.engine.support.hierarchical.NodeTestTask.lambda$executeRecursively$1(NodeTestTask.java:166)
	at org.junit.platform.engine.support.hierarchical.Node.around(Node.java:138)
	at org.junit.platform.engine.support.hierarchical.NodeTestTask.lambda$executeRecursively$0(NodeTestTask.java:164)
	at org.junit.platform.engine.support.hierarchical.ThrowableCollector.execute(ThrowableCollector.java:74)
	at org.junit.platform.engine.support.hierarchical.NodeTestTask.executeRecursively(NodeTestTask.java:163)
	at org.junit.platform.engine.support.hierarchical.NodeTestTask.execute(NodeTestTask.java:116)
	at java.base/java.util.ArrayList.forEach(ArrayList.java:1511)
	at org.junit.platform.engine.support.hierarchical.SameThreadHierarchicalTestExecutorService.invokeAll(SameThreadHierarchicalTestExecutorService.java:42)
	at org.junit.platform.engine.support.hierarchical.NodeTestTask.lambda$executeRecursively$2(NodeTestTask.java:180)
	at org.junit.platform.engine.support.hierarchical.ThrowableCollector.execute(ThrowableCollector.java:74)
	at org.junit.platform.engine.support.hierarchical.NodeTestTask.lambda$executeRecursively$1(NodeTestTask.java:166)
	at org.junit.platform.engine.support.hierarchical.Node.around(Node.java:138)
	at org.junit.platform.engine.support.hierarchical.NodeTestTask.lambda$executeRecursively$0(NodeTestTask.java:164)
	at org.junit.platform.engine.support.hierarchical.ThrowableCollector.execute(ThrowableCollector.java:74)
	at org.junit.platform.engine.support.hierarchical.NodeTestTask.executeRecursively(NodeTestTask.java:163)
	at org.junit.platform.engine.support.hierarchical.NodeTestTask.execute(NodeTestTask.java:116)
	at org.junit.platform.engine.support.hierarchical.SameThreadHierarchicalTestExecutorService.submit(SameThreadHierarchicalTestExecutorService.java:36)
	at org.junit.platform.engine.support.hierarchical.HierarchicalTestExecutor.execute(HierarchicalTestExecutor.java:52)
	at org.junit.platform.engine.support.hierarchical.HierarchicalTestEngine.execute(HierarchicalTestEngine.java:58)
	at org.junit.platform.launcher.core.EngineExecutionOrchestrator.executeEngine(EngineExecutionOrchestrator.java:246)
	at org.junit.platform.launcher.core.EngineExecutionOrchestrator.failOrExecuteEngine(EngineExecutionOrchestrator.java:218)
	at org.junit.platform.launcher.core.EngineExecutionOrchestrator.execute(EngineExecutionOrchestrator.java:179)
	at org.junit.platform.launcher.core.EngineExecutionOrchestrator.execute(EngineExecutionOrchestrator.java:108)
	at org.junit.platform.launcher.core.EngineExecutionOrchestrator.lambda$execute$0(EngineExecutionOrchestrator.java:66)
	at org.junit.platform.launcher.core.EngineExecutionOrchestrator.withInterceptedStreams(EngineExecutionOrchestrator.java:157)
	at org.junit.platform.launcher.core.EngineExecutionOrchestrator.execute(EngineExecutionOrchestrator.java:65)
	at org.junit.platform.launcher.core.DefaultLauncher.execute(DefaultLauncher.java:125)
	at org.junit.platform.launcher.core.DefaultLauncher.execute(DefaultLauncher.java:114)
	at org.junit.platform.launcher.core.DelegatingLauncher.execute(DelegatingLauncher.java:58)
	at org.junit.platform.launcher.core.InterceptingLauncher.lambda$execute$2(InterceptingLauncher.java:57)
	at org.junit.platform.launcher.core.ClasspathAlignmentCheckingLauncherInterceptor.intercept(ClasspathAlignmentCheckingLauncherInterceptor.java:25)
	at org.junit.platform.launcher.core.InterceptingLauncher.execute(InterceptingLauncher.java:56)
	at org.junit.platform.launcher.core.DelegatingLauncher.execute(DelegatingLauncher.java:58)
	at java.base/jdk.internal.reflect.NativeMethodAccessorImpl.invoke0(Native Method)
	at java.base/jdk.internal.reflect.NativeMethodAccessorImpl.invoke(NativeMethodAccessorImpl.java:77)
	at java.base/jdk.internal.reflect.DelegatingMethodAccessorImpl.invoke(DelegatingMethodAccessorImpl.java:43)
	at java.base/java.lang.reflect.Method.invoke(Method.java:568)
	at org.apache.maven.surefire.api.util.ReflectionUtils.invokeMethodWithArray(ReflectionUtils.java:125)
	at org.apache.maven.surefire.junitplatform.LauncherAdapter.executeWithCancellationToken(LauncherAdapter.java:68)
	at org.apache.maven.surefire.junitplatform.LauncherAdapter.execute(LauncherAdapter.java:54)
	at org.apache.maven.surefire.junitplatform.JUnitPlatformProvider.execute(JUnitPlatformProvider.java:203)
	at org.apache.maven.surefire.junitplatform.JUnitPlatformProvider.invokeAllTests(JUnitPlatformProvider.java:168)
	at org.apache.maven.surefire.junitplatform.JUnitPlatformProvider.invoke(JUnitPlatformProvider.java:136)
	at org.apache.maven.surefire.booter.ForkedBooter.runSuitesInProcess(ForkedBooter.java:385)
	at org.apache.maven.surefire.booter.ForkedBooter.execute(ForkedBooter.java:162)
	at org.apache.maven.surefire.booter.ForkedBooter.run(ForkedBooter.java:507)
	at org.apache.maven.surefire.booter.ForkedBooter.main(ForkedBooter.java:495)
Caused by: org.springframework.beans.factory.BeanCreationException: Error creating bean with name 'entityManagerFactory' defined in class path resource [org/springframework/boot/hibernate/autoconfigure/HibernateJpaConfiguration.class]: Unable to create requested service [org.hibernate.engine.jdbc.env.spi.JdbcEnvironment] due to: Unable to determine Dialect without JDBC metadata (please set 'jakarta.persistence.jdbc.url' for common cases or 'hibernate.dialect' when a custom Dialect implementation must be provided)
	at org.springframework.beans.factory.support.AbstractAutowireCapableBeanFactory.initializeBean(AbstractAutowireCapableBeanFactory.java:1817)
	at org.springframework.beans.factory.support.AbstractAutowireCapableBeanFactory.doCreateBean(AbstractAutowireCapableBeanFactory.java:603)
	at org.springframework.beans.factory.support.AbstractAutowireCapableBeanFactory.createBean(AbstractAutowireCapableBeanFactory.java:525)
	at org.springframework.beans.factory.support.AbstractBeanFactory.lambda$doGetBean$0(AbstractBeanFactory.java:333)
	at org.springframework.beans.factory.support.DefaultSingletonBeanRegistry.getSingleton(DefaultSingletonBeanRegistry.java:371)
	at org.springframework.beans.factory.support.AbstractBeanFactory.doGetBean(AbstractBeanFactory.java:331)
	at org.springframework.beans.factory.support.AbstractBeanFactory.getBean(AbstractBeanFactory.java:201)
	at org.springframework.context.support.AbstractApplicationContext.finishBeanFactoryInitialization(AbstractApplicationContext.java:977)
	at org.springframework.context.support.AbstractApplicationContext.refresh(AbstractApplicationContext.java:621)
	at org.springframework.boot.SpringApplication.refresh(SpringApplication.java:756)
	at org.springframework.boot.SpringApplication.refreshContext(SpringApplication.java:445)
	at org.springframework.boot.SpringApplication.run(SpringApplication.java:321)
	at org.springframework.boot.test.context.SpringBootContextLoader.lambda$loadContext$2(SpringBootContextLoader.java:155)
	at org.springframework.util.function.ThrowingSupplier.get(ThrowingSupplier.java:58)
	at org.springframework.util.function.ThrowingSupplier.get(ThrowingSupplier.java:46)
	at org.springframework.boot.SpringApplication.withHook(SpringApplication.java:1465)
	at org.springframework.boot.test.context.SpringBootContextLoader$ContextLoaderHook.run(SpringBootContextLoader.java:600)
	at org.springframework.boot.test.context.SpringBootContextLoader.loadContext(SpringBootContextLoader.java:155)
	at org.springframework.boot.test.context.SpringBootContextLoader.loadContext(SpringBootContextLoader.java:114)
	at org.springframework.test.context.cache.DefaultCacheAwareContextLoaderDelegate.loadContextInternal(DefaultCacheAwareContextLoaderDelegate.java:247)
	at org.springframework.test.context.cache.DefaultCacheAwareContextLoaderDelegate.lambda$loadContext$0(DefaultCacheAwareContextLoaderDelegate.java:167)
	... 88 more
Caused by: org.hibernate.service.spi.ServiceException: Unable to create requested service [org.hibernate.engine.jdbc.env.spi.JdbcEnvironment] due to: Unable to determine Dialect without JDBC metadata (please set 'jakarta.persistence.jdbc.url' for common cases or 'hibernate.dialect' when a custom Dialect implementation must be provided)
	at org.hibernate.service.internal.AbstractServiceRegistryImpl.createService(AbstractServiceRegistryImpl.java:273)
	at org.hibernate.service.internal.AbstractServiceRegistryImpl.initializeService(AbstractServiceRegistryImpl.java:235)
	at org.hibernate.service.internal.AbstractServiceRegistryImpl.getService(AbstractServiceRegistryImpl.java:212)
	at org.hibernate.boot.model.relational.Database.<init>(Database.java:44)
	at org.hibernate.boot.internal.InFlightMetadataCollectorImpl.getDatabase(InFlightMetadataCollectorImpl.java:251)
	at org.hibernate.boot.internal.InFlightMetadataCollectorImpl.<init>(InFlightMetadataCollectorImpl.java:203)
	at org.hibernate.boot.model.process.spi.MetadataBuildingProcess.complete(MetadataBuildingProcess.java:172)
	at org.hibernate.jpa.boot.internal.EntityManagerFactoryBuilderImpl.metadata(EntityManagerFactoryBuilderImpl.java:1392)
	at org.hibernate.jpa.boot.internal.EntityManagerFactoryBuilderImpl.populateSessionFactoryBuilder(EntityManagerFactoryBuilderImpl.java:1472)
	at org.hibernate.jpa.boot.internal.EntityManagerFactoryBuilderImpl.build(EntityManagerFactoryBuilderImpl.java:1454)
	at org.springframework.orm.jpa.vendor.SpringHibernateJpaPersistenceProvider.createContainerEntityManagerFactory(SpringHibernateJpaPersistenceProvider.java:93)
	at org.springframework.orm.jpa.LocalContainerEntityManagerFactoryBean.createNativeEntityManagerFactory(LocalContainerEntityManagerFactoryBean.java:443)
	at org.springframework.orm.jpa.AbstractEntityManagerFactoryBean.buildNativeEntityManagerFactory(AbstractEntityManagerFactoryBean.java:436)
	at org.springframework.orm.jpa.AbstractEntityManagerFactoryBean.afterPropertiesSet(AbstractEntityManagerFactoryBean.java:411)
	at org.springframework.orm.jpa.LocalContainerEntityManagerFactoryBean.afterPropertiesSet(LocalContainerEntityManagerFactoryBean.java:419)
	at org.springframework.beans.factory.support.AbstractAutowireCapableBeanFactory.invokeInitMethods(AbstractAutowireCapableBeanFactory.java:1864)
	at org.springframework.beans.factory.support.AbstractAutowireCapableBeanFactory.initializeBean(AbstractAutowireCapableBeanFactory.java:1813)
	... 108 more
Caused by: org.hibernate.HibernateException: Unable to determine Dialect without JDBC metadata (please set 'jakarta.persistence.jdbc.url' for common cases or 'hibernate.dialect' when a custom Dialect implementation must be provided)
	at org.hibernate.engine.jdbc.dialect.internal.DialectFactoryImpl.determineDialect(DialectFactoryImpl.java:190)
	at org.hibernate.engine.jdbc.dialect.internal.DialectFactoryImpl.buildDialect(DialectFactoryImpl.java:86)
	at org.hibernate.engine.jdbc.env.internal.JdbcEnvironmentInitiator.getJdbcEnvironmentWithDefaults(JdbcEnvironmentInitiator.java:200)
	at org.hibernate.engine.jdbc.env.internal.JdbcEnvironmentInitiator.getJdbcEnvironmentUsingJdbcMetadata(JdbcEnvironmentInitiator.java:452)
	at org.hibernate.engine.jdbc.env.internal.JdbcEnvironmentInitiator.getJdbcEnvironment(JdbcEnvironmentInitiator.java:143)
	at org.hibernate.engine.jdbc.env.internal.JdbcEnvironmentInitiator.initiateService(JdbcEnvironmentInitiator.java:120)
	at org.hibernate.engine.jdbc.env.internal.JdbcEnvironmentInitiator.initiateService(JdbcEnvironmentInitiator.java:80)
	at org.hibernate.boot.registry.internal.StandardServiceRegistryImpl.initiateService(StandardServiceRegistryImpl.java:133)
	at org.hibernate.service.internal.AbstractServiceRegistryImpl.createService(AbstractServiceRegistryImpl.java:260)
	... 124 more
2026-09-15 15:00:50.860 [main] INFO  org.springframework.test.context.support.AnnotationConfigContextLoaderUtils - Could not detect default configuration classes for test class [com.demo.Docker.DockerApplicationTests]: DockerApplicationTests does not declare any static, non-private, non-final, nested classes annotated with @Configuration.
2026-09-15 15:00:50.962 [main] INFO  org.springframework.boot.test.context.SpringBootTestContextBootstrapper - Found @SpringBootConfiguration com.demo.Docker.DockerApplication for test class com.demo.Docker.DockerApplicationTests
2026-09-15 15:00:51.074 [main] INFO  org.springframework.test.context.support.AnnotationConfigContextLoaderUtils - Could not detect default configuration classes for test class [com.demo.Docker.DockerApplicationTests]: DockerApplicationTests does not declare any static, non-private, non-final, nested classes annotated with @Configuration.
2026-09-15 15:00:51.076 [main] INFO  org.springframework.boot.test.context.SpringBootTestContextBootstrapper - Found @SpringBootConfiguration com.demo.Docker.DockerApplication for test class com.demo.Docker.DockerApplicationTests
2026-09-15 15:00:51.374 [main] INFO  com.demo.Docker.DockerApplicationTests - Starting DockerApplicationTests using Java 17.0.7 with PID 19060 (started by Sai in C:\Amit singh\Docker\Docker)
2026-09-15 15:00:51.378 [main] INFO  com.demo.Docker.DockerApplicationTests - No active profile set, falling back to 1 default profile: "default"
2026-09-15 15:00:51.903 [main] INFO  org.springframework.data.repository.config.RepositoryConfigurationDelegate - Bootstrapping Spring Data JPA repositories in DEFAULT mode.
2026-09-15 15:00:51.958 [main] INFO  org.springframework.data.repository.config.RepositoryConfigurationDelegate - Finished Spring Data repository scanning in 45 ms. Found 1 JPA repository interface.
2026-09-15 15:00:52.417 [main] INFO  org.hibernate.orm.jpa - HHH008540: Processing PersistenceUnitInfo [name: default]
2026-09-15 15:00:52.485 [main] INFO  org.hibernate.orm.core - HHH000001: Hibernate ORM core version 7.2.7.Final
2026-09-15 15:00:53.142 [main] INFO  org.springframework.orm.jpa.persistenceunit.SpringPersistenceUnitInfo - No LoadTimeWeaver setup: ignoring JPA class transformer
2026-09-15 15:00:53.184 [main] INFO  com.zaxxer.hikari.HikariDataSource - HikariPool-1 - Starting...
2026-09-15 15:00:55.832 [main] WARN  org.hibernate.orm.jdbc.error - HHH000247: ErrorCode: 1017, SQLState: 72000
2026-09-15 15:00:55.832 [main] WARN  org.hibernate.orm.jdbc.error - ORA-01017: invalid username/password; logon denied

https://docs.oracle.com/error-help/db/ora-01017/
2026-09-15 15:00:55.835 [main] WARN  org.hibernate.orm.jdbc - HHH100046: Could not obtain connection to query JDBC database metadata
org.hibernate.exception.GenericJDBCException: Unable to obtain isolated JDBC connection [ORA-01017: invalid username/password; logon denied

https://docs.oracle.com/error-help/db/ora-01017/] [n/a]
	at org.hibernate.exception.internal.StandardSQLExceptionConverter.convert(StandardSQLExceptionConverter.java:39)
	at org.hibernate.engine.jdbc.spi.SqlExceptionHelper.convert(SqlExceptionHelper.java:115)
	at org.hibernate.engine.jdbc.spi.SqlExceptionHelper.convert(SqlExceptionHelper.java:101)
	at org.hibernate.resource.transaction.backend.jdbc.internal.JdbcIsolationDelegate.delegateWork(JdbcIsolationDelegate.java:51)
	at org.hibernate.engine.jdbc.env.internal.JdbcEnvironmentInitiator.getJdbcEnvironmentUsingJdbcMetadata(JdbcEnvironmentInitiator.java:366)
	at org.hibernate.engine.jdbc.env.internal.JdbcEnvironmentInitiator.getJdbcEnvironment(JdbcEnvironmentInitiator.java:143)
	at org.hibernate.engine.jdbc.env.internal.JdbcEnvironmentInitiator.initiateService(JdbcEnvironmentInitiator.java:120)
	at org.hibernate.engine.jdbc.env.internal.JdbcEnvironmentInitiator.initiateService(JdbcEnvironmentInitiator.java:80)
	at org.hibernate.boot.registry.internal.StandardServiceRegistryImpl.initiateService(StandardServiceRegistryImpl.java:133)
	at org.hibernate.service.internal.AbstractServiceRegistryImpl.createService(AbstractServiceRegistryImpl.java:260)
	at org.hibernate.service.internal.AbstractServiceRegistryImpl.initializeService(AbstractServiceRegistryImpl.java:235)
	at org.hibernate.service.internal.AbstractServiceRegistryImpl.getService(AbstractServiceRegistryImpl.java:212)
	at org.hibernate.boot.model.relational.Database.<init>(Database.java:44)
	at org.hibernate.boot.internal.InFlightMetadataCollectorImpl.getDatabase(InFlightMetadataCollectorImpl.java:251)
	at org.hibernate.boot.internal.InFlightMetadataCollectorImpl.<init>(InFlightMetadataCollectorImpl.java:203)
	at org.hibernate.boot.model.process.spi.MetadataBuildingProcess.complete(MetadataBuildingProcess.java:172)
	at org.hibernate.jpa.boot.internal.EntityManagerFactoryBuilderImpl.metadata(EntityManagerFactoryBuilderImpl.java:1392)
	at org.hibernate.jpa.boot.internal.EntityManagerFactoryBuilderImpl.populateSessionFactoryBuilder(EntityManagerFactoryBuilderImpl.java:1472)
	at org.hibernate.jpa.boot.internal.EntityManagerFactoryBuilderImpl.build(EntityManagerFactoryBuilderImpl.java:1454)
	at org.springframework.orm.jpa.vendor.SpringHibernateJpaPersistenceProvider.createContainerEntityManagerFactory(SpringHibernateJpaPersistenceProvider.java:93)
	at org.springframework.orm.jpa.LocalContainerEntityManagerFactoryBean.createNativeEntityManagerFactory(LocalContainerEntityManagerFactoryBean.java:443)
	at org.springframework.orm.jpa.AbstractEntityManagerFactoryBean.buildNativeEntityManagerFactory(AbstractEntityManagerFactoryBean.java:436)
	at org.springframework.orm.jpa.AbstractEntityManagerFactoryBean.afterPropertiesSet(AbstractEntityManagerFactoryBean.java:411)
	at org.springframework.orm.jpa.LocalContainerEntityManagerFactoryBean.afterPropertiesSet(LocalContainerEntityManagerFactoryBean.java:419)
	at org.springframework.beans.factory.support.AbstractAutowireCapableBeanFactory.invokeInitMethods(AbstractAutowireCapableBeanFactory.java:1864)
	at org.springframework.beans.factory.support.AbstractAutowireCapableBeanFactory.initializeBean(AbstractAutowireCapableBeanFactory.java:1813)
	at org.springframework.beans.factory.support.AbstractAutowireCapableBeanFactory.doCreateBean(AbstractAutowireCapableBeanFactory.java:603)
	at org.springframework.beans.factory.support.AbstractAutowireCapableBeanFactory.createBean(AbstractAutowireCapableBeanFactory.java:525)
	at org.springframework.beans.factory.support.AbstractBeanFactory.lambda$doGetBean$0(AbstractBeanFactory.java:333)
	at org.springframework.beans.factory.support.DefaultSingletonBeanRegistry.getSingleton(DefaultSingletonBeanRegistry.java:371)
	at org.springframework.beans.factory.support.AbstractBeanFactory.doGetBean(AbstractBeanFactory.java:331)
	at org.springframework.beans.factory.support.AbstractBeanFactory.getBean(AbstractBeanFactory.java:201)
	at org.springframework.context.support.AbstractApplicationContext.finishBeanFactoryInitialization(AbstractApplicationContext.java:977)
	at org.springframework.context.support.AbstractApplicationContext.refresh(AbstractApplicationContext.java:621)
	at org.springframework.boot.SpringApplication.refresh(SpringApplication.java:756)
	at org.springframework.boot.SpringApplication.refreshContext(SpringApplication.java:445)
	at org.springframework.boot.SpringApplication.run(SpringApplication.java:321)
	at org.springframework.boot.test.context.SpringBootContextLoader.lambda$loadContext$2(SpringBootContextLoader.java:155)
	at org.springframework.util.function.ThrowingSupplier.get(ThrowingSupplier.java:58)
	at org.springframework.util.function.ThrowingSupplier.get(ThrowingSupplier.java:46)
	at org.springframework.boot.SpringApplication.withHook(SpringApplication.java:1465)
	at org.springframework.boot.test.context.SpringBootContextLoader$ContextLoaderHook.run(SpringBootContextLoader.java:600)
	at org.springframework.boot.test.context.SpringBootContextLoader.loadContext(SpringBootContextLoader.java:155)
	at org.springframework.boot.test.context.SpringBootContextLoader.loadContext(SpringBootContextLoader.java:114)
	at org.springframework.test.context.cache.DefaultCacheAwareContextLoaderDelegate.loadContextInternal(DefaultCacheAwareContextLoaderDelegate.java:247)
	at org.springframework.test.context.cache.DefaultCacheAwareContextLoaderDelegate.lambda$loadContext$0(DefaultCacheAwareContextLoaderDelegate.java:167)
	at org.springframework.test.context.cache.DefaultContextCache.put(DefaultContextCache.java:214)
	at org.springframework.test.context.cache.DefaultCacheAwareContextLoaderDelegate.loadContext(DefaultCacheAwareContextLoaderDelegate.java:160)
	at org.springframework.test.context.support.DefaultTestContext.getApplicationContext(DefaultTestContext.java:128)
	at org.springframework.test.context.web.ServletTestExecutionListener.setUpRequestContextIfNecessary(ServletTestExecutionListener.java:200)
	at org.springframework.test.context.web.ServletTestExecutionListener.prepareTestInstance(ServletTestExecutionListener.java:139)
	at org.springframework.test.context.TestContextManager.prepareTestInstance(TestContextManager.java:260)
	at org.springframework.test.context.junit.jupiter.SpringExtension.postProcessTestInstance(SpringExtension.java:210)
	at org.junit.jupiter.engine.descriptor.ClassBasedTestDescriptor.lambda$invokeTestInstancePostProcessors$1(ClassBasedTestDescriptor.java:423)
	at org.junit.jupiter.engine.descriptor.ClassBasedTestDescriptor.executeAndMaskThrowable(ClassBasedTestDescriptor.java:428)
	at org.junit.jupiter.engine.descriptor.ClassBasedTestDescriptor.lambda$invokeTestInstancePostProcessors$0(ClassBasedTestDescriptor.java:422)
	at java.base/java.util.stream.ForEachOps$ForEachOp$OfRef.accept(ForEachOps.java:183)
	at java.base/java.util.stream.ReferencePipeline$3$1.accept(ReferencePipeline.java:197)
	at java.base/java.util.stream.ReferencePipeline$2$1.accept(ReferencePipeline.java:179)
	at java.base/java.util.stream.ReferencePipeline$3$1.accept(ReferencePipeline.java:197)
	at java.base/java.util.ArrayList$ArrayListSpliterator.forEachRemaining(ArrayList.java:1625)
	at java.base/java.util.stream.AbstractPipeline.copyInto(AbstractPipeline.java:509)
	at java.base/java.util.stream.AbstractPipeline.wrapAndCopyInto(AbstractPipeline.java:499)
	at java.base/java.util.stream.ForEachOps$ForEachOp.evaluateSequential(ForEachOps.java:150)
	at java.base/java.util.stream.ForEachOps$ForEachOp$OfRef.evaluateSequential(ForEachOps.java:173)
	at java.base/java.util.stream.AbstractPipeline.evaluate(AbstractPipeline.java:234)
	at java.base/java.util.stream.ReferencePipeline.forEach(ReferencePipeline.java:596)
	at org.junit.jupiter.engine.descriptor.ClassBasedTestDescriptor.invokeTestInstancePostProcessors(ClassBasedTestDescriptor.java:422)
	at org.junit.jupiter.engine.descriptor.ClassBasedTestDescriptor.lambda$instantiateAndPostProcessTestInstance$0(ClassBasedTestDescriptor.java:334)
	at org.junit.platform.engine.support.hierarchical.ThrowableCollector.execute(ThrowableCollector.java:74)
	at org.junit.jupiter.engine.descriptor.ClassBasedTestDescriptor.instantiateAndPostProcessTestInstance(ClassBasedTestDescriptor.java:333)
	at org.junit.jupiter.engine.descriptor.ClassBasedTestDescriptor.lambda$testInstancesProvider$1(ClassBasedTestDescriptor.java:322)
	at java.base/java.util.Optional.orElseGet(Optional.java:364)
	at org.junit.jupiter.engine.descriptor.ClassBasedTestDescriptor.lambda$testInstancesProvider$0(ClassBasedTestDescriptor.java:321)
	at org.junit.jupiter.engine.execution.TestInstancesProvider.getTestInstances(TestInstancesProvider.java:27)
	at org.junit.jupiter.engine.descriptor.TestMethodTestDescriptor.lambda$prepare$0(TestMethodTestDescriptor.java:127)
	at org.junit.platform.engine.support.hierarchical.ThrowableCollector.execute(ThrowableCollector.java:74)
	at org.junit.jupiter.engine.descriptor.TestMethodTestDescriptor.prepare(TestMethodTestDescriptor.java:126)
	at org.junit.jupiter.engine.descriptor.TestMethodTestDescriptor.prepare(TestMethodTestDescriptor.java:70)
	at org.junit.platform.engine.support.hierarchical.NodeTestTask.lambda$prepare$0(NodeTestTask.java:144)
	at org.junit.platform.engine.support.hierarchical.ThrowableCollector.execute(ThrowableCollector.java:74)
	at org.junit.platform.engine.support.hierarchical.NodeTestTask.prepare(NodeTestTask.java:144)
	at org.junit.platform.engine.support.hierarchical.NodeTestTask.execute(NodeTestTask.java:110)
	at java.base/java.util.ArrayList.forEach(ArrayList.java:1511)
	at org.junit.platform.engine.support.hierarchical.SameThreadHierarchicalTestExecutorService.invokeAll(SameThreadHierarchicalTestExecutorService.java:42)
	at org.junit.platform.engine.support.hierarchical.NodeTestTask.lambda$executeRecursively$2(NodeTestTask.java:180)
	at org.junit.platform.engine.support.hierarchical.ThrowableCollector.execute(ThrowableCollector.java:74)
	at org.junit.platform.engine.support.hierarchical.NodeTestTask.lambda$executeRecursively$1(NodeTestTask.java:166)
	at org.junit.platform.engine.support.hierarchical.Node.around(Node.java:138)
	at org.junit.platform.engine.support.hierarchical.NodeTestTask.lambda$executeRecursively$0(NodeTestTask.java:164)
	at org.junit.platform.engine.support.hierarchical.ThrowableCollector.execute(ThrowableCollector.java:74)
	at org.junit.platform.engine.support.hierarchical.NodeTestTask.executeRecursively(NodeTestTask.java:163)
	at org.junit.platform.engine.support.hierarchical.NodeTestTask.execute(NodeTestTask.java:116)
	at java.base/java.util.ArrayList.forEach(ArrayList.java:1511)
	at org.junit.platform.engine.support.hierarchical.SameThreadHierarchicalTestExecutorService.invokeAll(SameThreadHierarchicalTestExecutorService.java:42)
	at org.junit.platform.engine.support.hierarchical.NodeTestTask.lambda$executeRecursively$2(NodeTestTask.java:180)
	at org.junit.platform.engine.support.hierarchical.ThrowableCollector.execute(ThrowableCollector.java:74)
	at org.junit.platform.engine.support.hierarchical.NodeTestTask.lambda$executeRecursively$1(NodeTestTask.java:166)
	at org.junit.platform.engine.support.hierarchical.Node.around(Node.java:138)
	at org.junit.platform.engine.support.hierarchical.NodeTestTask.lambda$executeRecursively$0(NodeTestTask.java:164)
	at org.junit.platform.engine.support.hierarchical.ThrowableCollector.execute(ThrowableCollector.java:74)
	at org.junit.platform.engine.support.hierarchical.NodeTestTask.executeRecursively(NodeTestTask.java:163)
	at org.junit.platform.engine.support.hierarchical.NodeTestTask.execute(NodeTestTask.java:116)
	at org.junit.platform.engine.support.hierarchical.SameThreadHierarchicalTestExecutorService.submit(SameThreadHierarchicalTestExecutorService.java:36)
	at org.junit.platform.engine.support.hierarchical.HierarchicalTestExecutor.execute(HierarchicalTestExecutor.java:52)
	at org.junit.platform.engine.support.hierarchical.HierarchicalTestEngine.execute(HierarchicalTestEngine.java:58)
	at org.junit.platform.launcher.core.EngineExecutionOrchestrator.executeEngine(EngineExecutionOrchestrator.java:246)
	at org.junit.platform.launcher.core.EngineExecutionOrchestrator.failOrExecuteEngine(EngineExecutionOrchestrator.java:218)
	at org.junit.platform.launcher.core.EngineExecutionOrchestrator.execute(EngineExecutionOrchestrator.java:179)
	at org.junit.platform.launcher.core.EngineExecutionOrchestrator.execute(EngineExecutionOrchestrator.java:108)
	at org.junit.platform.launcher.core.EngineExecutionOrchestrator.lambda$execute$0(EngineExecutionOrchestrator.java:66)
	at org.junit.platform.launcher.core.EngineExecutionOrchestrator.withInterceptedStreams(EngineExecutionOrchestrator.java:157)
	at org.junit.platform.launcher.core.EngineExecutionOrchestrator.execute(EngineExecutionOrchestrator.java:65)
	at org.junit.platform.launcher.core.DefaultLauncher.execute(DefaultLauncher.java:125)
	at org.junit.platform.launcher.core.DefaultLauncher.execute(DefaultLauncher.java:114)
	at org.junit.platform.launcher.core.DelegatingLauncher.execute(DelegatingLauncher.java:58)
	at org.junit.platform.launcher.core.InterceptingLauncher.lambda$execute$2(InterceptingLauncher.java:57)
	at org.junit.platform.launcher.core.ClasspathAlignmentCheckingLauncherInterceptor.intercept(ClasspathAlignmentCheckingLauncherInterceptor.java:25)
	at org.junit.platform.launcher.core.InterceptingLauncher.execute(InterceptingLauncher.java:56)
	at org.junit.platform.launcher.core.DelegatingLauncher.execute(DelegatingLauncher.java:58)
	at java.base/jdk.internal.reflect.NativeMethodAccessorImpl.invoke0(Native Method)
	at java.base/jdk.internal.reflect.NativeMethodAccessorImpl.invoke(NativeMethodAccessorImpl.java:77)
	at java.base/jdk.internal.reflect.DelegatingMethodAccessorImpl.invoke(DelegatingMethodAccessorImpl.java:43)
	at java.base/java.lang.reflect.Method.invoke(Method.java:568)
	at org.apache.maven.surefire.api.util.ReflectionUtils.invokeMethodWithArray(ReflectionUtils.java:125)
	at org.apache.maven.surefire.junitplatform.LauncherAdapter.executeWithCancellationToken(LauncherAdapter.java:68)
	at org.apache.maven.surefire.junitplatform.LauncherAdapter.execute(LauncherAdapter.java:54)
	at org.apache.maven.surefire.junitplatform.JUnitPlatformProvider.execute(JUnitPlatformProvider.java:203)
	at org.apache.maven.surefire.junitplatform.JUnitPlatformProvider.invokeAllTests(JUnitPlatformProvider.java:168)
	at org.apache.maven.surefire.junitplatform.JUnitPlatformProvider.invoke(JUnitPlatformProvider.java:136)
	at org.apache.maven.surefire.booter.ForkedBooter.runSuitesInProcess(ForkedBooter.java:385)
	at org.apache.maven.surefire.booter.ForkedBooter.execute(ForkedBooter.java:162)
	at org.apache.maven.surefire.booter.ForkedBooter.run(ForkedBooter.java:507)
	at org.apache.maven.surefire.booter.ForkedBooter.main(ForkedBooter.java:495)
Caused by: java.sql.SQLException: ORA-01017: invalid username/password; logon denied

https://docs.oracle.com/error-help/db/ora-01017/
	at oracle.jdbc.driver.T4CTTIoer11.processError(T4CTTIoer11.java:715)
	at oracle.jdbc.driver.T4CTTIoer11.processError(T4CTTIoer11.java:610)
	at oracle.jdbc.driver.T4CTTIoer11.processError(T4CTTIoer11.java:605)
	at oracle.jdbc.driver.T4CTTIfun.processError(T4CTTIfun.java:1704)
	at oracle.jdbc.driver.T4CTTIoauthenticate.processError(T4CTTIoauthenticate.java:936)
	at oracle.jdbc.driver.T4CTTIfun.receive(T4CTTIfun.java:972)
	at oracle.jdbc.driver.T4CTTIfun.doRPC(T4CTTIfun.java:237)
	at oracle.jdbc.driver.T4CTTIoauthenticate.doOAUTH(T4CTTIoauthenticate.java:547)
	at oracle.jdbc.driver.T4CTTIoauthenticate.doOAUTHWithO5Logon(T4CTTIoauthenticate.java:1746)
	at oracle.jdbc.driver.T4CTTIoauthenticate.doOAUTH(T4CTTIoauthenticate.java:1493)
	at oracle.jdbc.driver.T4CTTIoauthenticate.doOAUTH(T4CTTIoauthenticate.java:1433)
	at oracle.jdbc.driver.T4CConnection.authenticateWithPassword(T4CConnection.java:2353)
	at oracle.jdbc.driver.T4CConnection.authenticateUserForLogon(T4CConnection.java:2290)
	at oracle.jdbc.driver.T4CConnection.logon(T4CConnection.java:1179)
	at oracle.jdbc.driver.PhysicalConnection.connect(PhysicalConnection.java:1210)
	at oracle.jdbc.driver.T4CDriverExtension.getConnection(T4CDriverExtension.java:106)
	at oracle.jdbc.driver.OracleDriver.connect(OracleDriver.java:887)
	at oracle.jdbc.driver.OracleDriver.connect(OracleDriver.java:694)
	at com.zaxxer.hikari.util.DriverDataSource.getConnection(DriverDataSource.java:144)
	at com.zaxxer.hikari.pool.PoolBase.newConnection(PoolBase.java:373)
	at com.zaxxer.hikari.pool.PoolBase.newPoolEntry(PoolBase.java:210)
	at com.zaxxer.hikari.pool.HikariPool.createPoolEntry(HikariPool.java:488)
	at com.zaxxer.hikari.pool.HikariPool.checkFailFast(HikariPool.java:576)
	at com.zaxxer.hikari.pool.HikariPool.<init>(HikariPool.java:97)
	at com.zaxxer.hikari.HikariDataSource.getConnection(HikariDataSource.java:111)
	at org.hibernate.engine.jdbc.connections.internal.DataSourceConnectionProvider.getConnection(DataSourceConnectionProvider.java:137)
	at org.hibernate.engine.jdbc.env.internal.JdbcEnvironmentInitiator$ConnectionProviderJdbcConnectionAccess.obtainConnection(JdbcEnvironmentInitiator.java:508)
	at org.hibernate.resource.transaction.backend.jdbc.internal.JdbcIsolationDelegate.delegateWork(JdbcIsolationDelegate.java:48)
	... 130 more
2026-09-15 15:00:55.840 [main] ERROR org.springframework.orm.jpa.LocalContainerEntityManagerFactoryBean - Failed to initialize JPA EntityManagerFactory: Unable to create requested service [org.hibernate.engine.jdbc.env.spi.JdbcEnvironment] due to: Unable to determine Dialect without JDBC metadata (please set 'jakarta.persistence.jdbc.url' for common cases or 'hibernate.dialect' when a custom Dialect implementation must be provided)
2026-09-15 15:00:55.841 [main] WARN  org.springframework.web.context.support.GenericWebApplicationContext - Exception encountered during context initialization - cancelling refresh attempt: org.springframework.beans.factory.BeanCreationException: Error creating bean with name 'entityManagerFactory' defined in class path resource [org/springframework/boot/hibernate/autoconfigure/HibernateJpaConfiguration.class]: Unable to create requested service [org.hibernate.engine.jdbc.env.spi.JdbcEnvironment] due to: Unable to determine Dialect without JDBC metadata (please set 'jakarta.persistence.jdbc.url' for common cases or 'hibernate.dialect' when a custom Dialect implementation must be provided)
2026-09-15 15:00:55.853 [main] INFO  org.springframework.boot.autoconfigure.logging.ConditionEvaluationReportLogger - 

Error starting ApplicationContext. To display the condition evaluation report re-run your application with 'debug' enabled.
2026-09-15 15:00:55.866 [main] ERROR org.springframework.boot.SpringApplication - Application run failed
org.springframework.beans.factory.BeanCreationException: Error creating bean with name 'entityManagerFactory' defined in class path resource [org/springframework/boot/hibernate/autoconfigure/HibernateJpaConfiguration.class]: Unable to create requested service [org.hibernate.engine.jdbc.env.spi.JdbcEnvironment] due to: Unable to determine Dialect without JDBC metadata (please set 'jakarta.persistence.jdbc.url' for common cases or 'hibernate.dialect' when a custom Dialect implementation must be provided)
	at org.springframework.beans.factory.support.AbstractAutowireCapableBeanFactory.initializeBean(AbstractAutowireCapableBeanFactory.java:1817)
	at org.springframework.beans.factory.support.AbstractAutowireCapableBeanFactory.doCreateBean(AbstractAutowireCapableBeanFactory.java:603)
	at org.springframework.beans.factory.support.AbstractAutowireCapableBeanFactory.createBean(AbstractAutowireCapableBeanFactory.java:525)
	at org.springframework.beans.factory.support.AbstractBeanFactory.lambda$doGetBean$0(AbstractBeanFactory.java:333)
	at org.springframework.beans.factory.support.DefaultSingletonBeanRegistry.getSingleton(DefaultSingletonBeanRegistry.java:371)
	at org.springframework.beans.factory.support.AbstractBeanFactory.doGetBean(AbstractBeanFactory.java:331)
	at org.springframework.beans.factory.support.AbstractBeanFactory.getBean(AbstractBeanFactory.java:201)
	at org.springframework.context.support.AbstractApplicationContext.finishBeanFactoryInitialization(AbstractApplicationContext.java:977)
	at org.springframework.context.support.AbstractApplicationContext.refresh(AbstractApplicationContext.java:621)
	at org.springframework.boot.SpringApplication.refresh(SpringApplication.java:756)
	at org.springframework.boot.SpringApplication.refreshContext(SpringApplication.java:445)
	at org.springframework.boot.SpringApplication.run(SpringApplication.java:321)
	at org.springframework.boot.test.context.SpringBootContextLoader.lambda$loadContext$2(SpringBootContextLoader.java:155)
	at org.springframework.util.function.ThrowingSupplier.get(ThrowingSupplier.java:58)
	at org.springframework.util.function.ThrowingSupplier.get(ThrowingSupplier.java:46)
	at org.springframework.boot.SpringApplication.withHook(SpringApplication.java:1465)
	at org.springframework.boot.test.context.SpringBootContextLoader$ContextLoaderHook.run(SpringBootContextLoader.java:600)
	at org.springframework.boot.test.context.SpringBootContextLoader.loadContext(SpringBootContextLoader.java:155)
	at org.springframework.boot.test.context.SpringBootContextLoader.loadContext(SpringBootContextLoader.java:114)
	at org.springframework.test.context.cache.DefaultCacheAwareContextLoaderDelegate.loadContextInternal(DefaultCacheAwareContextLoaderDelegate.java:247)
	at org.springframework.test.context.cache.DefaultCacheAwareContextLoaderDelegate.lambda$loadContext$0(DefaultCacheAwareContextLoaderDelegate.java:167)
	at org.springframework.test.context.cache.DefaultContextCache.put(DefaultContextCache.java:214)
	at org.springframework.test.context.cache.DefaultCacheAwareContextLoaderDelegate.loadContext(DefaultCacheAwareContextLoaderDelegate.java:160)
	at org.springframework.test.context.support.DefaultTestContext.getApplicationContext(DefaultTestContext.java:128)
	at org.springframework.test.context.web.ServletTestExecutionListener.setUpRequestContextIfNecessary(ServletTestExecutionListener.java:200)
	at org.springframework.test.context.web.ServletTestExecutionListener.prepareTestInstance(ServletTestExecutionListener.java:139)
	at org.springframework.test.context.TestContextManager.prepareTestInstance(TestContextManager.java:260)
	at org.springframework.test.context.junit.jupiter.SpringExtension.postProcessTestInstance(SpringExtension.java:210)
	at org.junit.jupiter.engine.descriptor.ClassBasedTestDescriptor.lambda$invokeTestInstancePostProcessors$1(ClassBasedTestDescriptor.java:423)
	at org.junit.jupiter.engine.descriptor.ClassBasedTestDescriptor.executeAndMaskThrowable(ClassBasedTestDescriptor.java:428)
	at org.junit.jupiter.engine.descriptor.ClassBasedTestDescriptor.lambda$invokeTestInstancePostProcessors$0(ClassBasedTestDescriptor.java:422)
	at java.base/java.util.stream.ForEachOps$ForEachOp$OfRef.accept(ForEachOps.java:183)
	at java.base/java.util.stream.ReferencePipeline$3$1.accept(ReferencePipeline.java:197)
	at java.base/java.util.stream.ReferencePipeline$2$1.accept(ReferencePipeline.java:179)
	at java.base/java.util.stream.ReferencePipeline$3$1.accept(ReferencePipeline.java:197)
	at java.base/java.util.ArrayList$ArrayListSpliterator.forEachRemaining(ArrayList.java:1625)
	at java.base/java.util.stream.AbstractPipeline.copyInto(AbstractPipeline.java:509)
	at java.base/java.util.stream.AbstractPipeline.wrapAndCopyInto(AbstractPipeline.java:499)
	at java.base/java.util.stream.ForEachOps$ForEachOp.evaluateSequential(ForEachOps.java:150)
	at java.base/java.util.stream.ForEachOps$ForEachOp$OfRef.evaluateSequential(ForEachOps.java:173)
	at java.base/java.util.stream.AbstractPipeline.evaluate(AbstractPipeline.java:234)
	at java.base/java.util.stream.ReferencePipeline.forEach(ReferencePipeline.java:596)
	at org.junit.jupiter.engine.descriptor.ClassBasedTestDescriptor.invokeTestInstancePostProcessors(ClassBasedTestDescriptor.java:422)
	at org.junit.jupiter.engine.descriptor.ClassBasedTestDescriptor.lambda$instantiateAndPostProcessTestInstance$0(ClassBasedTestDescriptor.java:334)
	at org.junit.platform.engine.support.hierarchical.ThrowableCollector.execute(ThrowableCollector.java:74)
	at org.junit.jupiter.engine.descriptor.ClassBasedTestDescriptor.instantiateAndPostProcessTestInstance(ClassBasedTestDescriptor.java:333)
	at org.junit.jupiter.engine.descriptor.ClassBasedTestDescriptor.lambda$testInstancesProvider$1(ClassBasedTestDescriptor.java:322)
	at java.base/java.util.Optional.orElseGet(Optional.java:364)
	at org.junit.jupiter.engine.descriptor.ClassBasedTestDescriptor.lambda$testInstancesProvider$0(ClassBasedTestDescriptor.java:321)
	at org.junit.jupiter.engine.execution.TestInstancesProvider.getTestInstances(TestInstancesProvider.java:27)
	at org.junit.jupiter.engine.descriptor.TestMethodTestDescriptor.lambda$prepare$0(TestMethodTestDescriptor.java:127)
	at org.junit.platform.engine.support.hierarchical.ThrowableCollector.execute(ThrowableCollector.java:74)
	at org.junit.jupiter.engine.descriptor.TestMethodTestDescriptor.prepare(TestMethodTestDescriptor.java:126)
	at org.junit.jupiter.engine.descriptor.TestMethodTestDescriptor.prepare(TestMethodTestDescriptor.java:70)
	at org.junit.platform.engine.support.hierarchical.NodeTestTask.lambda$prepare$0(NodeTestTask.java:144)
	at org.junit.platform.engine.support.hierarchical.ThrowableCollector.execute(ThrowableCollector.java:74)
	at org.junit.platform.engine.support.hierarchical.NodeTestTask.prepare(NodeTestTask.java:144)
	at org.junit.platform.engine.support.hierarchical.NodeTestTask.execute(NodeTestTask.java:110)
	at java.base/java.util.ArrayList.forEach(ArrayList.java:1511)
	at org.junit.platform.engine.support.hierarchical.SameThreadHierarchicalTestExecutorService.invokeAll(SameThreadHierarchicalTestExecutorService.java:42)
	at org.junit.platform.engine.support.hierarchical.NodeTestTask.lambda$executeRecursively$2(NodeTestTask.java:180)
	at org.junit.platform.engine.support.hierarchical.ThrowableCollector.execute(ThrowableCollector.java:74)
	at org.junit.platform.engine.support.hierarchical.NodeTestTask.lambda$executeRecursively$1(NodeTestTask.java:166)
	at org.junit.platform.engine.support.hierarchical.Node.around(Node.java:138)
	at org.junit.platform.engine.support.hierarchical.NodeTestTask.lambda$executeRecursively$0(NodeTestTask.java:164)
	at org.junit.platform.engine.support.hierarchical.ThrowableCollector.execute(ThrowableCollector.java:74)
	at org.junit.platform.engine.support.hierarchical.NodeTestTask.executeRecursively(NodeTestTask.java:163)
	at org.junit.platform.engine.support.hierarchical.NodeTestTask.execute(NodeTestTask.java:116)
	at java.base/java.util.ArrayList.forEach(ArrayList.java:1511)
	at org.junit.platform.engine.support.hierarchical.SameThreadHierarchicalTestExecutorService.invokeAll(SameThreadHierarchicalTestExecutorService.java:42)
	at org.junit.platform.engine.support.hierarchical.NodeTestTask.lambda$executeRecursively$2(NodeTestTask.java:180)
	at org.junit.platform.engine.support.hierarchical.ThrowableCollector.execute(ThrowableCollector.java:74)
	at org.junit.platform.engine.support.hierarchical.NodeTestTask.lambda$executeRecursively$1(NodeTestTask.java:166)
	at org.junit.platform.engine.support.hierarchical.Node.around(Node.java:138)
	at org.junit.platform.engine.support.hierarchical.NodeTestTask.lambda$executeRecursively$0(NodeTestTask.java:164)
	at org.junit.platform.engine.support.hierarchical.ThrowableCollector.execute(ThrowableCollector.java:74)
	at org.junit.platform.engine.support.hierarchical.NodeTestTask.executeRecursively(NodeTestTask.java:163)
	at org.junit.platform.engine.support.hierarchical.NodeTestTask.execute(NodeTestTask.java:116)
	at org.junit.platform.engine.support.hierarchical.SameThreadHierarchicalTestExecutorService.submit(SameThreadHierarchicalTestExecutorService.java:36)
	at org.junit.platform.engine.support.hierarchical.HierarchicalTestExecutor.execute(HierarchicalTestExecutor.java:52)
	at org.junit.platform.engine.support.hierarchical.HierarchicalTestEngine.execute(HierarchicalTestEngine.java:58)
	at org.junit.platform.launcher.core.EngineExecutionOrchestrator.executeEngine(EngineExecutionOrchestrator.java:246)
	at org.junit.platform.launcher.core.EngineExecutionOrchestrator.failOrExecuteEngine(EngineExecutionOrchestrator.java:218)
	at org.junit.platform.launcher.core.EngineExecutionOrchestrator.execute(EngineExecutionOrchestrator.java:179)
	at org.junit.platform.launcher.core.EngineExecutionOrchestrator.execute(EngineExecutionOrchestrator.java:108)
	at org.junit.platform.launcher.core.EngineExecutionOrchestrator.lambda$execute$0(EngineExecutionOrchestrator.java:66)
	at org.junit.platform.launcher.core.EngineExecutionOrchestrator.withInterceptedStreams(EngineExecutionOrchestrator.java:157)
	at org.junit.platform.launcher.core.EngineExecutionOrchestrator.execute(EngineExecutionOrchestrator.java:65)
	at org.junit.platform.launcher.core.DefaultLauncher.execute(DefaultLauncher.java:125)
	at org.junit.platform.launcher.core.DefaultLauncher.execute(DefaultLauncher.java:114)
	at org.junit.platform.launcher.core.DelegatingLauncher.execute(DelegatingLauncher.java:58)
	at org.junit.platform.launcher.core.InterceptingLauncher.lambda$execute$2(InterceptingLauncher.java:57)
	at org.junit.platform.launcher.core.ClasspathAlignmentCheckingLauncherInterceptor.intercept(ClasspathAlignmentCheckingLauncherInterceptor.java:25)
	at org.junit.platform.launcher.core.InterceptingLauncher.execute(InterceptingLauncher.java:56)
	at org.junit.platform.launcher.core.DelegatingLauncher.execute(DelegatingLauncher.java:58)
	at java.base/jdk.internal.reflect.NativeMethodAccessorImpl.invoke0(Native Method)
	at java.base/jdk.internal.reflect.NativeMethodAccessorImpl.invoke(NativeMethodAccessorImpl.java:77)
	at java.base/jdk.internal.reflect.DelegatingMethodAccessorImpl.invoke(DelegatingMethodAccessorImpl.java:43)
	at java.base/java.lang.reflect.Method.invoke(Method.java:568)
	at org.apache.maven.surefire.api.util.ReflectionUtils.invokeMethodWithArray(ReflectionUtils.java:125)
	at org.apache.maven.surefire.junitplatform.LauncherAdapter.executeWithCancellationToken(LauncherAdapter.java:68)
	at org.apache.maven.surefire.junitplatform.LauncherAdapter.execute(LauncherAdapter.java:54)
	at org.apache.maven.surefire.junitplatform.JUnitPlatformProvider.execute(JUnitPlatformProvider.java:203)
	at org.apache.maven.surefire.junitplatform.JUnitPlatformProvider.invokeAllTests(JUnitPlatformProvider.java:168)
	at org.apache.maven.surefire.junitplatform.JUnitPlatformProvider.invoke(JUnitPlatformProvider.java:136)
	at org.apache.maven.surefire.booter.ForkedBooter.runSuitesInProcess(ForkedBooter.java:385)
	at org.apache.maven.surefire.booter.ForkedBooter.execute(ForkedBooter.java:162)
	at org.apache.maven.surefire.booter.ForkedBooter.run(ForkedBooter.java:507)
	at org.apache.maven.surefire.booter.ForkedBooter.main(ForkedBooter.java:495)
Caused by: org.hibernate.service.spi.ServiceException: Unable to create requested service [org.hibernate.engine.jdbc.env.spi.JdbcEnvironment] due to: Unable to determine Dialect without JDBC metadata (please set 'jakarta.persistence.jdbc.url' for common cases or 'hibernate.dialect' when a custom Dialect implementation must be provided)
	at org.hibernate.service.internal.AbstractServiceRegistryImpl.createService(AbstractServiceRegistryImpl.java:273)
	at org.hibernate.service.internal.AbstractServiceRegistryImpl.initializeService(AbstractServiceRegistryImpl.java:235)
	at org.hibernate.service.internal.AbstractServiceRegistryImpl.getService(AbstractServiceRegistryImpl.java:212)
	at org.hibernate.boot.model.relational.Database.<init>(Database.java:44)
	at org.hibernate.boot.internal.InFlightMetadataCollectorImpl.getDatabase(InFlightMetadataCollectorImpl.java:251)
	at org.hibernate.boot.internal.InFlightMetadataCollectorImpl.<init>(InFlightMetadataCollectorImpl.java:203)
	at org.hibernate.boot.model.process.spi.MetadataBuildingProcess.complete(MetadataBuildingProcess.java:172)
	at org.hibernate.jpa.boot.internal.EntityManagerFactoryBuilderImpl.metadata(EntityManagerFactoryBuilderImpl.java:1392)
	at org.hibernate.jpa.boot.internal.EntityManagerFactoryBuilderImpl.populateSessionFactoryBuilder(EntityManagerFactoryBuilderImpl.java:1472)
	at org.hibernate.jpa.boot.internal.EntityManagerFactoryBuilderImpl.build(EntityManagerFactoryBuilderImpl.java:1454)
	at org.springframework.orm.jpa.vendor.SpringHibernateJpaPersistenceProvider.createContainerEntityManagerFactory(SpringHibernateJpaPersistenceProvider.java:93)
	at org.springframework.orm.jpa.LocalContainerEntityManagerFactoryBean.createNativeEntityManagerFactory(LocalContainerEntityManagerFactoryBean.java:443)
	at org.springframework.orm.jpa.AbstractEntityManagerFactoryBean.buildNativeEntityManagerFactory(AbstractEntityManagerFactoryBean.java:436)
	at org.springframework.orm.jpa.AbstractEntityManagerFactoryBean.afterPropertiesSet(AbstractEntityManagerFactoryBean.java:411)
	at org.springframework.orm.jpa.LocalContainerEntityManagerFactoryBean.afterPropertiesSet(LocalContainerEntityManagerFactoryBean.java:419)
	at org.springframework.beans.factory.support.AbstractAutowireCapableBeanFactory.invokeInitMethods(AbstractAutowireCapableBeanFactory.java:1864)
	at org.springframework.beans.factory.support.AbstractAutowireCapableBeanFactory.initializeBean(AbstractAutowireCapableBeanFactory.java:1813)
	... 108 more
Caused by: org.hibernate.HibernateException: Unable to determine Dialect without JDBC metadata (please set 'jakarta.persistence.jdbc.url' for common cases or 'hibernate.dialect' when a custom Dialect implementation must be provided)
	at org.hibernate.engine.jdbc.dialect.internal.DialectFactoryImpl.determineDialect(DialectFactoryImpl.java:190)
	at org.hibernate.engine.jdbc.dialect.internal.DialectFactoryImpl.buildDialect(DialectFactoryImpl.java:86)
	at org.hibernate.engine.jdbc.env.internal.JdbcEnvironmentInitiator.getJdbcEnvironmentWithDefaults(JdbcEnvironmentInitiator.java:200)
	at org.hibernate.engine.jdbc.env.internal.JdbcEnvironmentInitiator.getJdbcEnvironmentUsingJdbcMetadata(JdbcEnvironmentInitiator.java:452)
	at org.hibernate.engine.jdbc.env.internal.JdbcEnvironmentInitiator.getJdbcEnvironment(JdbcEnvironmentInitiator.java:143)
	at org.hibernate.engine.jdbc.env.internal.JdbcEnvironmentInitiator.initiateService(JdbcEnvironmentInitiator.java:120)
	at org.hibernate.engine.jdbc.env.internal.JdbcEnvironmentInitiator.initiateService(JdbcEnvironmentInitiator.java:80)
	at org.hibernate.boot.registry.internal.StandardServiceRegistryImpl.initiateService(StandardServiceRegistryImpl.java:133)
	at org.hibernate.service.internal.AbstractServiceRegistryImpl.createService(AbstractServiceRegistryImpl.java:260)
	... 124 more
2026-09-15 15:00:55.873 [main] WARN  org.springframework.test.context.TestContextManager - Caught exception while allowing TestExecutionListener [org.springframework.test.context.web.ServletTestExecutionListener] to prepare test instance [com.demo.Docker.DockerApplicationTests@738ed8f5]
java.lang.IllegalStateException: Failed to load ApplicationContext for [WebMergedContextConfiguration@1e288c76 testClass = com.demo.Docker.DockerApplicationTests, locations = [], classes = [com.demo.Docker.DockerApplication], contextInitializerClasses = [], activeProfiles = [], propertySourceDescriptors = [], propertySourceProperties = ["org.springframework.boot.test.context.SpringBootTestContextBootstrapper=true"], contextCustomizers = [org.springframework.boot.test.context.PropertyMappingContextCustomizer@0, org.springframework.boot.test.context.filter.ExcludeFilterContextCustomizer@40d10481, org.springframework.boot.test.json.DuplicateJsonObjectContextCustomizerFactory$DuplicateJsonObjectContextCustomizer@1dcca8d3, org.springframework.boot.test.autoconfigure.OnFailureConditionReportContextCustomizerFactory$OnFailureConditionReportContextCustomizer@6124287a, org.springframework.test.context.support.DynamicPropertiesContextCustomizer@0, org.springframework.boot.webmvc.test.autoconfigure.WebDriverContextCustomizer@7e7f0f0a, org.springframework.boot.web.server.context.SpringBootTestRandomPortContextCustomizer@656d10a4, org.springframework.boot.test.context.SpringBootTestAnnotation@c573e310], resourceBasePath = "src/main/webapp", contextLoader = org.springframework.boot.test.context.SpringBootContextLoader, parent = null]
	at org.springframework.test.context.cache.DefaultCacheAwareContextLoaderDelegate.lambda$loadContext$0(DefaultCacheAwareContextLoaderDelegate.java:195)
	at org.springframework.test.context.cache.DefaultContextCache.put(DefaultContextCache.java:214)
	at org.springframework.test.context.cache.DefaultCacheAwareContextLoaderDelegate.loadContext(DefaultCacheAwareContextLoaderDelegate.java:160)
	at org.springframework.test.context.support.DefaultTestContext.getApplicationContext(DefaultTestContext.java:128)
	at org.springframework.test.context.web.ServletTestExecutionListener.setUpRequestContextIfNecessary(ServletTestExecutionListener.java:200)
	at org.springframework.test.context.web.ServletTestExecutionListener.prepareTestInstance(ServletTestExecutionListener.java:139)
	at org.springframework.test.context.TestContextManager.prepareTestInstance(TestContextManager.java:260)
	at org.springframework.test.context.junit.jupiter.SpringExtension.postProcessTestInstance(SpringExtension.java:210)
	at org.junit.jupiter.engine.descriptor.ClassBasedTestDescriptor.lambda$invokeTestInstancePostProcessors$1(ClassBasedTestDescriptor.java:423)
	at org.junit.jupiter.engine.descriptor.ClassBasedTestDescriptor.executeAndMaskThrowable(ClassBasedTestDescriptor.java:428)
	at org.junit.jupiter.engine.descriptor.ClassBasedTestDescriptor.lambda$invokeTestInstancePostProcessors$0(ClassBasedTestDescriptor.java:422)
	at java.base/java.util.stream.ForEachOps$ForEachOp$OfRef.accept(ForEachOps.java:183)
	at java.base/java.util.stream.ReferencePipeline$3$1.accept(ReferencePipeline.java:197)
	at java.base/java.util.stream.ReferencePipeline$2$1.accept(ReferencePipeline.java:179)
	at java.base/java.util.stream.ReferencePipeline$3$1.accept(ReferencePipeline.java:197)
	at java.base/java.util.ArrayList$ArrayListSpliterator.forEachRemaining(ArrayList.java:1625)
	at java.base/java.util.stream.AbstractPipeline.copyInto(AbstractPipeline.java:509)
	at java.base/java.util.stream.AbstractPipeline.wrapAndCopyInto(AbstractPipeline.java:499)
	at java.base/java.util.stream.ForEachOps$ForEachOp.evaluateSequential(ForEachOps.java:150)
	at java.base/java.util.stream.ForEachOps$ForEachOp$OfRef.evaluateSequential(ForEachOps.java:173)
	at java.base/java.util.stream.AbstractPipeline.evaluate(AbstractPipeline.java:234)
	at java.base/java.util.stream.ReferencePipeline.forEach(ReferencePipeline.java:596)
	at org.junit.jupiter.engine.descriptor.ClassBasedTestDescriptor.invokeTestInstancePostProcessors(ClassBasedTestDescriptor.java:422)
	at org.junit.jupiter.engine.descriptor.ClassBasedTestDescriptor.lambda$instantiateAndPostProcessTestInstance$0(ClassBasedTestDescriptor.java:334)
	at org.junit.platform.engine.support.hierarchical.ThrowableCollector.execute(ThrowableCollector.java:74)
	at org.junit.jupiter.engine.descriptor.ClassBasedTestDescriptor.instantiateAndPostProcessTestInstance(ClassBasedTestDescriptor.java:333)
	at org.junit.jupiter.engine.descriptor.ClassBasedTestDescriptor.lambda$testInstancesProvider$1(ClassBasedTestDescriptor.java:322)
	at java.base/java.util.Optional.orElseGet(Optional.java:364)
	at org.junit.jupiter.engine.descriptor.ClassBasedTestDescriptor.lambda$testInstancesProvider$0(ClassBasedTestDescriptor.java:321)
	at org.junit.jupiter.engine.execution.TestInstancesProvider.getTestInstances(TestInstancesProvider.java:27)
	at org.junit.jupiter.engine.descriptor.TestMethodTestDescriptor.lambda$prepare$0(TestMethodTestDescriptor.java:127)
	at org.junit.platform.engine.support.hierarchical.ThrowableCollector.execute(ThrowableCollector.java:74)
	at org.junit.jupiter.engine.descriptor.TestMethodTestDescriptor.prepare(TestMethodTestDescriptor.java:126)
	at org.junit.jupiter.engine.descriptor.TestMethodTestDescriptor.prepare(TestMethodTestDescriptor.java:70)
	at org.junit.platform.engine.support.hierarchical.NodeTestTask.lambda$prepare$0(NodeTestTask.java:144)
	at org.junit.platform.engine.support.hierarchical.ThrowableCollector.execute(ThrowableCollector.java:74)
	at org.junit.platform.engine.support.hierarchical.NodeTestTask.prepare(NodeTestTask.java:144)
	at org.junit.platform.engine.support.hierarchical.NodeTestTask.execute(NodeTestTask.java:110)
	at java.base/java.util.ArrayList.forEach(ArrayList.java:1511)
	at org.junit.platform.engine.support.hierarchical.SameThreadHierarchicalTestExecutorService.invokeAll(SameThreadHierarchicalTestExecutorService.java:42)
	at org.junit.platform.engine.support.hierarchical.NodeTestTask.lambda$executeRecursively$2(NodeTestTask.java:180)
	at org.junit.platform.engine.support.hierarchical.ThrowableCollector.execute(ThrowableCollector.java:74)
	at org.junit.platform.engine.support.hierarchical.NodeTestTask.lambda$executeRecursively$1(NodeTestTask.java:166)
	at org.junit.platform.engine.support.hierarchical.Node.around(Node.java:138)
	at org.junit.platform.engine.support.hierarchical.NodeTestTask.lambda$executeRecursively$0(NodeTestTask.java:164)
	at org.junit.platform.engine.support.hierarchical.ThrowableCollector.execute(ThrowableCollector.java:74)
	at org.junit.platform.engine.support.hierarchical.NodeTestTask.executeRecursively(NodeTestTask.java:163)
	at org.junit.platform.engine.support.hierarchical.NodeTestTask.execute(NodeTestTask.java:116)
	at java.base/java.util.ArrayList.forEach(ArrayList.java:1511)
	at org.junit.platform.engine.support.hierarchical.SameThreadHierarchicalTestExecutorService.invokeAll(SameThreadHierarchicalTestExecutorService.java:42)
	at org.junit.platform.engine.support.hierarchical.NodeTestTask.lambda$executeRecursively$2(NodeTestTask.java:180)
	at org.junit.platform.engine.support.hierarchical.ThrowableCollector.execute(ThrowableCollector.java:74)
	at org.junit.platform.engine.support.hierarchical.NodeTestTask.lambda$executeRecursively$1(NodeTestTask.java:166)
	at org.junit.platform.engine.support.hierarchical.Node.around(Node.java:138)
	at org.junit.platform.engine.support.hierarchical.NodeTestTask.lambda$executeRecursively$0(NodeTestTask.java:164)
	at org.junit.platform.engine.support.hierarchical.ThrowableCollector.execute(ThrowableCollector.java:74)
	at org.junit.platform.engine.support.hierarchical.NodeTestTask.executeRecursively(NodeTestTask.java:163)
	at org.junit.platform.engine.support.hierarchical.NodeTestTask.execute(NodeTestTask.java:116)
	at org.junit.platform.engine.support.hierarchical.SameThreadHierarchicalTestExecutorService.submit(SameThreadHierarchicalTestExecutorService.java:36)
	at org.junit.platform.engine.support.hierarchical.HierarchicalTestExecutor.execute(HierarchicalTestExecutor.java:52)
	at org.junit.platform.engine.support.hierarchical.HierarchicalTestEngine.execute(HierarchicalTestEngine.java:58)
	at org.junit.platform.launcher.core.EngineExecutionOrchestrator.executeEngine(EngineExecutionOrchestrator.java:246)
	at org.junit.platform.launcher.core.EngineExecutionOrchestrator.failOrExecuteEngine(EngineExecutionOrchestrator.java:218)
	at org.junit.platform.launcher.core.EngineExecutionOrchestrator.execute(EngineExecutionOrchestrator.java:179)
	at org.junit.platform.launcher.core.EngineExecutionOrchestrator.execute(EngineExecutionOrchestrator.java:108)
	at org.junit.platform.launcher.core.EngineExecutionOrchestrator.lambda$execute$0(EngineExecutionOrchestrator.java:66)
	at org.junit.platform.launcher.core.EngineExecutionOrchestrator.withInterceptedStreams(EngineExecutionOrchestrator.java:157)
	at org.junit.platform.launcher.core.EngineExecutionOrchestrator.execute(EngineExecutionOrchestrator.java:65)
	at org.junit.platform.launcher.core.DefaultLauncher.execute(DefaultLauncher.java:125)
	at org.junit.platform.launcher.core.DefaultLauncher.execute(DefaultLauncher.java:114)
	at org.junit.platform.launcher.core.DelegatingLauncher.execute(DelegatingLauncher.java:58)
	at org.junit.platform.launcher.core.InterceptingLauncher.lambda$execute$2(InterceptingLauncher.java:57)
	at org.junit.platform.launcher.core.ClasspathAlignmentCheckingLauncherInterceptor.intercept(ClasspathAlignmentCheckingLauncherInterceptor.java:25)
	at org.junit.platform.launcher.core.InterceptingLauncher.execute(InterceptingLauncher.java:56)
	at org.junit.platform.launcher.core.DelegatingLauncher.execute(DelegatingLauncher.java:58)
	at java.base/jdk.internal.reflect.NativeMethodAccessorImpl.invoke0(Native Method)
	at java.base/jdk.internal.reflect.NativeMethodAccessorImpl.invoke(NativeMethodAccessorImpl.java:77)
	at java.base/jdk.internal.reflect.DelegatingMethodAccessorImpl.invoke(DelegatingMethodAccessorImpl.java:43)
	at java.base/java.lang.reflect.Method.invoke(Method.java:568)
	at org.apache.maven.surefire.api.util.ReflectionUtils.invokeMethodWithArray(ReflectionUtils.java:125)
	at org.apache.maven.surefire.junitplatform.LauncherAdapter.executeWithCancellationToken(LauncherAdapter.java:68)
	at org.apache.maven.surefire.junitplatform.LauncherAdapter.execute(LauncherAdapter.java:54)
	at org.apache.maven.surefire.junitplatform.JUnitPlatformProvider.execute(JUnitPlatformProvider.java:203)
	at org.apache.maven.surefire.junitplatform.JUnitPlatformProvider.invokeAllTests(JUnitPlatformProvider.java:168)
	at org.apache.maven.surefire.junitplatform.JUnitPlatformProvider.invoke(JUnitPlatformProvider.java:136)
	at org.apache.maven.surefire.booter.ForkedBooter.runSuitesInProcess(ForkedBooter.java:385)
	at org.apache.maven.surefire.booter.ForkedBooter.execute(ForkedBooter.java:162)
	at org.apache.maven.surefire.booter.ForkedBooter.run(ForkedBooter.java:507)
	at org.apache.maven.surefire.booter.ForkedBooter.main(ForkedBooter.java:495)
Caused by: org.springframework.beans.factory.BeanCreationException: Error creating bean with name 'entityManagerFactory' defined in class path resource [org/springframework/boot/hibernate/autoconfigure/HibernateJpaConfiguration.class]: Unable to create requested service [org.hibernate.engine.jdbc.env.spi.JdbcEnvironment] due to: Unable to determine Dialect without JDBC metadata (please set 'jakarta.persistence.jdbc.url' for common cases or 'hibernate.dialect' when a custom Dialect implementation must be provided)
	at org.springframework.beans.factory.support.AbstractAutowireCapableBeanFactory.initializeBean(AbstractAutowireCapableBeanFactory.java:1817)
	at org.springframework.beans.factory.support.AbstractAutowireCapableBeanFactory.doCreateBean(AbstractAutowireCapableBeanFactory.java:603)
	at org.springframework.beans.factory.support.AbstractAutowireCapableBeanFactory.createBean(AbstractAutowireCapableBeanFactory.java:525)
	at org.springframework.beans.factory.support.AbstractBeanFactory.lambda$doGetBean$0(AbstractBeanFactory.java:333)
	at org.springframework.beans.factory.support.DefaultSingletonBeanRegistry.getSingleton(DefaultSingletonBeanRegistry.java:371)
	at org.springframework.beans.factory.support.AbstractBeanFactory.doGetBean(AbstractBeanFactory.java:331)
	at org.springframework.beans.factory.support.AbstractBeanFactory.getBean(AbstractBeanFactory.java:201)
	at org.springframework.context.support.AbstractApplicationContext.finishBeanFactoryInitialization(AbstractApplicationContext.java:977)
	at org.springframework.context.support.AbstractApplicationContext.refresh(AbstractApplicationContext.java:621)
	at org.springframework.boot.SpringApplication.refresh(SpringApplication.java:756)
	at org.springframework.boot.SpringApplication.refreshContext(SpringApplication.java:445)
	at org.springframework.boot.SpringApplication.run(SpringApplication.java:321)
	at org.springframework.boot.test.context.SpringBootContextLoader.lambda$loadContext$2(SpringBootContextLoader.java:155)
	at org.springframework.util.function.ThrowingSupplier.get(ThrowingSupplier.java:58)
	at org.springframework.util.function.ThrowingSupplier.get(ThrowingSupplier.java:46)
	at org.springframework.boot.SpringApplication.withHook(SpringApplication.java:1465)
	at org.springframework.boot.test.context.SpringBootContextLoader$ContextLoaderHook.run(SpringBootContextLoader.java:600)
	at org.springframework.boot.test.context.SpringBootContextLoader.loadContext(SpringBootContextLoader.java:155)
	at org.springframework.boot.test.context.SpringBootContextLoader.loadContext(SpringBootContextLoader.java:114)
	at org.springframework.test.context.cache.DefaultCacheAwareContextLoaderDelegate.loadContextInternal(DefaultCacheAwareContextLoaderDelegate.java:247)
	at org.springframework.test.context.cache.DefaultCacheAwareContextLoaderDelegate.lambda$loadContext$0(DefaultCacheAwareContextLoaderDelegate.java:167)
	... 88 more
Caused by: org.hibernate.service.spi.ServiceException: Unable to create requested service [org.hibernate.engine.jdbc.env.spi.JdbcEnvironment] due to: Unable to determine Dialect without JDBC metadata (please set 'jakarta.persistence.jdbc.url' for common cases or 'hibernate.dialect' when a custom Dialect implementation must be provided)
	at org.hibernate.service.internal.AbstractServiceRegistryImpl.createService(AbstractServiceRegistryImpl.java:273)
	at org.hibernate.service.internal.AbstractServiceRegistryImpl.initializeService(AbstractServiceRegistryImpl.java:235)
	at org.hibernate.service.internal.AbstractServiceRegistryImpl.getService(AbstractServiceRegistryImpl.java:212)
	at org.hibernate.boot.model.relational.Database.<init>(Database.java:44)
	at org.hibernate.boot.internal.InFlightMetadataCollectorImpl.getDatabase(InFlightMetadataCollectorImpl.java:251)
	at org.hibernate.boot.internal.InFlightMetadataCollectorImpl.<init>(InFlightMetadataCollectorImpl.java:203)
	at org.hibernate.boot.model.process.spi.MetadataBuildingProcess.complete(MetadataBuildingProcess.java:172)
	at org.hibernate.jpa.boot.internal.EntityManagerFactoryBuilderImpl.metadata(EntityManagerFactoryBuilderImpl.java:1392)
	at org.hibernate.jpa.boot.internal.EntityManagerFactoryBuilderImpl.populateSessionFactoryBuilder(EntityManagerFactoryBuilderImpl.java:1472)
	at org.hibernate.jpa.boot.internal.EntityManagerFactoryBuilderImpl.build(EntityManagerFactoryBuilderImpl.java:1454)
	at org.springframework.orm.jpa.vendor.SpringHibernateJpaPersistenceProvider.createContainerEntityManagerFactory(SpringHibernateJpaPersistenceProvider.java:93)
	at org.springframework.orm.jpa.LocalContainerEntityManagerFactoryBean.createNativeEntityManagerFactory(LocalContainerEntityManagerFactoryBean.java:443)
	at org.springframework.orm.jpa.AbstractEntityManagerFactoryBean.buildNativeEntityManagerFactory(AbstractEntityManagerFactoryBean.java:436)
	at org.springframework.orm.jpa.AbstractEntityManagerFactoryBean.afterPropertiesSet(AbstractEntityManagerFactoryBean.java:411)
	at org.springframework.orm.jpa.LocalContainerEntityManagerFactoryBean.afterPropertiesSet(LocalContainerEntityManagerFactoryBean.java:419)
	at org.springframework.beans.factory.support.AbstractAutowireCapableBeanFactory.invokeInitMethods(AbstractAutowireCapableBeanFactory.java:1864)
	at org.springframework.beans.factory.support.AbstractAutowireCapableBeanFactory.initializeBean(AbstractAutowireCapableBeanFactory.java:1813)
	... 108 more
Caused by: org.hibernate.HibernateException: Unable to determine Dialect without JDBC metadata (please set 'jakarta.persistence.jdbc.url' for common cases or 'hibernate.dialect' when a custom Dialect implementation must be provided)
	at org.hibernate.engine.jdbc.dialect.internal.DialectFactoryImpl.determineDialect(DialectFactoryImpl.java:190)
	at org.hibernate.engine.jdbc.dialect.internal.DialectFactoryImpl.buildDialect(DialectFactoryImpl.java:86)
	at org.hibernate.engine.jdbc.env.internal.JdbcEnvironmentInitiator.getJdbcEnvironmentWithDefaults(JdbcEnvironmentInitiator.java:200)
	at org.hibernate.engine.jdbc.env.internal.JdbcEnvironmentInitiator.getJdbcEnvironmentUsingJdbcMetadata(JdbcEnvironmentInitiator.java:452)
	at org.hibernate.engine.jdbc.env.internal.JdbcEnvironmentInitiator.getJdbcEnvironment(JdbcEnvironmentInitiator.java:143)
	at org.hibernate.engine.jdbc.env.internal.JdbcEnvironmentInitiator.initiateService(JdbcEnvironmentInitiator.java:120)
	at org.hibernate.engine.jdbc.env.internal.JdbcEnvironmentInitiator.initiateService(JdbcEnvironmentInitiator.java:80)
	at org.hibernate.boot.registry.internal.StandardServiceRegistryImpl.initiateService(StandardServiceRegistryImpl.java:133)
	at org.hibernate.service.internal.AbstractServiceRegistryImpl.createService(AbstractServiceRegistryImpl.java:260)
	... 124 more
2026-09-15 15:05:39.629 [main] INFO  org.springframework.test.context.support.AnnotationConfigContextLoaderUtils - Could not detect default configuration classes for test class [com.demo.Docker.DockerApplicationTests]: DockerApplicationTests does not declare any static, non-private, non-final, nested classes annotated with @Configuration.
2026-09-15 15:05:39.735 [main] INFO  org.springframework.boot.test.context.SpringBootTestContextBootstrapper - Found @SpringBootConfiguration com.demo.Docker.DockerApplication for test class com.demo.Docker.DockerApplicationTests
2026-09-15 15:05:39.830 [main] INFO  org.springframework.test.context.support.AnnotationConfigContextLoaderUtils - Could not detect default configuration classes for test class [com.demo.Docker.DockerApplicationTests]: DockerApplicationTests does not declare any static, non-private, non-final, nested classes annotated with @Configuration.
2026-09-15 15:05:39.832 [main] INFO  org.springframework.boot.test.context.SpringBootTestContextBootstrapper - Found @SpringBootConfiguration com.demo.Docker.DockerApplication for test class com.demo.Docker.DockerApplicationTests
2026-09-15 15:05:40.124 [main] INFO  com.demo.Docker.DockerApplicationTests - Starting DockerApplicationTests using Java 17.0.7 with PID 23896 (started by Sai in C:\Amit singh\Docker\Docker)
2026-09-15 15:05:40.128 [main] INFO  com.demo.Docker.DockerApplicationTests - No active profile set, falling back to 1 default profile: "default"
2026-09-15 15:05:40.739 [main] INFO  org.springframework.data.repository.config.RepositoryConfigurationDelegate - Bootstrapping Spring Data JPA repositories in DEFAULT mode.
2026-09-15 15:05:40.800 [main] INFO  org.springframework.data.repository.config.RepositoryConfigurationDelegate - Finished Spring Data repository scanning in 48 ms. Found 1 JPA repository interface.
2026-09-15 15:05:41.273 [main] INFO  org.hibernate.orm.jpa - HHH008540: Processing PersistenceUnitInfo [name: default]
2026-09-15 15:05:41.346 [main] INFO  org.hibernate.orm.core - HHH000001: Hibernate ORM core version 7.2.7.Final
2026-09-15 15:05:42.039 [main] INFO  org.springframework.orm.jpa.persistenceunit.SpringPersistenceUnitInfo - No LoadTimeWeaver setup: ignoring JPA class transformer
2026-09-15 15:05:42.081 [main] INFO  com.zaxxer.hikari.HikariDataSource - HikariPool-1 - Starting...
2026-09-15 15:05:43.359 [main] INFO  com.zaxxer.hikari.pool.HikariPool - HikariPool-1 - Added connection oracle.jdbc.driver.T4CConnection@27682fa9
2026-09-15 15:05:43.361 [main] INFO  com.zaxxer.hikari.HikariDataSource - HikariPool-1 - Start completed.
2026-09-15 15:05:43.705 [main] WARN  org.hibernate.orm.jdbc - HHH100123: Low default JDBC fetch size: 10 (consider setting 'hibernate.jdbc.fetch_size')
2026-09-15 15:05:43.712 [main] INFO  org.hibernate.orm.connections.pooling - HHH10001005: Database info:
	Database JDBC URL [jdbc:oracle:thin:@//localhost:1521/orcl]
	Database driver: Oracle JDBC driver
	Database dialect: OracleDialect
	Database version: 21.3
	Default catalog/schema: undefined/C##MYAPP
	Autocommit mode: undefined/unknown
	Isolation level: READ_COMMITTED [default READ_COMMITTED]
	JDBC fetch size: 10
	Pool: DataSourceConnectionProvider
	Minimum pool size: undefined/unknown
	Maximum pool size: undefined/unknown
2026-09-15 15:05:44.635 [main] INFO  org.hibernate.orm.core - HHH000489: No JTA platform available (set 'hibernate.transaction.jta.platform' to enable JTA platform integration)
2026-09-15 15:05:44.979 [main] INFO  org.springframework.orm.jpa.LocalContainerEntityManagerFactoryBean - Initialized JPA EntityManagerFactory for persistence unit 'default'
2026-09-15 15:05:45.063 [main] INFO  org.springframework.data.jpa.repository.query.QueryEnhancerFactories - Hibernate is in classpath; If applicable, HQL parser will be used.
2026-09-15 15:05:45.308 [main] WARN  org.springframework.boot.jpa.autoconfigure.JpaBaseConfiguration$JpaWebConfiguration - spring.jpa.open-in-view is enabled by default. Therefore, database queries may be performed during view rendering. Explicitly configure spring.jpa.open-in-view to disable this warning
2026-09-15 15:05:45.714 [main] INFO  com.demo.Docker.DockerApplicationTests - Started DockerApplicationTests in 5.816 seconds (process running for 7.157)
2026-09-15 15:05:46.323 [SpringApplicationShutdownHook] INFO  org.springframework.orm.jpa.LocalContainerEntityManagerFactoryBean - Closing JPA EntityManagerFactory for persistence unit 'default'
2026-09-15 15:05:46.326 [SpringApplicationShutdownHook] INFO  com.zaxxer.hikari.HikariDataSource - HikariPool-1 - Shutdown initiated...
2026-09-15 15:05:46.414 [SpringApplicationShutdownHook] INFO  com.zaxxer.hikari.HikariDataSource - HikariPool-1 - Shutdown completed.
2026-09-15 15:53:02.137 [main] INFO  org.springframework.test.context.support.AnnotationConfigContextLoaderUtils - Could not detect default configuration classes for test class [com.demo.Docker.DockerApplicationTests]: DockerApplicationTests does not declare any static, non-private, non-final, nested classes annotated with @Configuration.
2026-09-15 15:53:02.260 [main] INFO  org.springframework.boot.test.context.SpringBootTestContextBootstrapper - Found @SpringBootConfiguration com.demo.Docker.DockerApplication for test class com.demo.Docker.DockerApplicationTests
2026-09-15 15:53:02.357 [main] INFO  org.springframework.test.context.support.AnnotationConfigContextLoaderUtils - Could not detect default configuration classes for test class [com.demo.Docker.DockerApplicationTests]: DockerApplicationTests does not declare any static, non-private, non-final, nested classes annotated with @Configuration.
2026-09-15 15:53:02.360 [main] INFO  org.springframework.boot.test.context.SpringBootTestContextBootstrapper - Found @SpringBootConfiguration com.demo.Docker.DockerApplication for test class com.demo.Docker.DockerApplicationTests
2026-09-15 15:53:02.706 [main] INFO  com.demo.Docker.DockerApplicationTests - Starting DockerApplicationTests using Java 17.0.7 with PID 15696 (started by Sai in C:\Amit singh\Docker\Docker)
2026-09-15 15:53:02.711 [main] INFO  com.demo.Docker.DockerApplicationTests - No active profile set, falling back to 1 default profile: "default"
2026-09-15 15:53:03.546 [main] INFO  org.springframework.data.repository.config.RepositoryConfigurationDelegate - Bootstrapping Spring Data JPA repositories in DEFAULT mode.
2026-09-15 15:53:03.621 [main] INFO  org.springframework.data.repository.config.RepositoryConfigurationDelegate - Finished Spring Data repository scanning in 61 ms. Found 1 JPA repository interface.
2026-09-15 15:53:04.238 [main] INFO  org.hibernate.orm.jpa - HHH008540: Processing PersistenceUnitInfo [name: default]
2026-09-15 15:53:04.336 [main] INFO  org.hibernate.orm.core - HHH000001: Hibernate ORM core version 7.2.7.Final
2026-09-15 15:53:05.289 [main] INFO  org.springframework.orm.jpa.persistenceunit.SpringPersistenceUnitInfo - No LoadTimeWeaver setup: ignoring JPA class transformer
2026-09-15 15:53:05.334 [main] INFO  com.zaxxer.hikari.HikariDataSource - HikariPool-1 - Starting...
2026-09-15 15:53:06.731 [main] INFO  com.zaxxer.hikari.pool.HikariPool - HikariPool-1 - Added connection oracle.jdbc.driver.T4CConnection@594c66c3
2026-09-15 15:53:06.733 [main] INFO  com.zaxxer.hikari.HikariDataSource - HikariPool-1 - Start completed.
2026-09-15 15:53:07.084 [main] WARN  org.hibernate.orm.jdbc - HHH100123: Low default JDBC fetch size: 10 (consider setting 'hibernate.jdbc.fetch_size')
2026-09-15 15:53:07.095 [main] INFO  org.hibernate.orm.connections.pooling - HHH10001005: Database info:
	Database JDBC URL [jdbc:oracle:thin:@//localhost:1521/orcl]
	Database driver: Oracle JDBC driver
	Database dialect: OracleDialect
	Database version: 21.3
	Default catalog/schema: undefined/C##MYAPP
	Autocommit mode: undefined/unknown
	Isolation level: READ_COMMITTED [default READ_COMMITTED]
	JDBC fetch size: 10
	Pool: DataSourceConnectionProvider
	Minimum pool size: undefined/unknown
	Maximum pool size: undefined/unknown
2026-09-15 15:53:08.135 [main] INFO  org.hibernate.orm.core - HHH000489: No JTA platform available (set 'hibernate.transaction.jta.platform' to enable JTA platform integration)
2026-09-15 15:53:08.608 [main] INFO  org.springframework.orm.jpa.LocalContainerEntityManagerFactoryBean - Initialized JPA EntityManagerFactory for persistence unit 'default'
2026-09-15 15:53:10.558 [main] INFO  org.springframework.data.jpa.repository.query.QueryEnhancerFactories - Hibernate is in classpath; If applicable, HQL parser will be used.
2026-09-15 15:53:10.945 [main] WARN  org.springframework.boot.jpa.autoconfigure.JpaBaseConfiguration$JpaWebConfiguration - spring.jpa.open-in-view is enabled by default. Therefore, database queries may be performed during view rendering. Explicitly configure spring.jpa.open-in-view to disable this warning
2026-09-15 15:53:11.569 [main] INFO  com.demo.Docker.DockerApplicationTests - Started DockerApplicationTests in 9.126 seconds (process running for 16.46)
2026-09-15 15:53:12.115 [SpringApplicationShutdownHook] INFO  org.springframework.orm.jpa.LocalContainerEntityManagerFactoryBean - Closing JPA EntityManagerFactory for persistence unit 'default'
2026-09-15 15:53:12.117 [SpringApplicationShutdownHook] INFO  com.zaxxer.hikari.HikariDataSource - HikariPool-1 - Shutdown initiated...
2026-09-15 15:53:12.226 [SpringApplicationShutdownHook] INFO  com.zaxxer.hikari.HikariDataSource - HikariPool-1 - Shutdown completed.
2026-09-15 16:17:10.107 [main] INFO  org.springframework.test.context.support.AnnotationConfigContextLoaderUtils - Could not detect default configuration classes for test class [com.demo.Docker.DockerApplicationTests]: DockerApplicationTests does not declare any static, non-private, non-final, nested classes annotated with @Configuration.
2026-09-15 16:17:10.234 [main] INFO  org.springframework.boot.test.context.SpringBootTestContextBootstrapper - Found @SpringBootConfiguration com.demo.Docker.DockerApplication for test class com.demo.Docker.DockerApplicationTests
2026-09-15 16:17:10.349 [main] INFO  org.springframework.test.context.support.AnnotationConfigContextLoaderUtils - Could not detect default configuration classes for test class [com.demo.Docker.DockerApplicationTests]: DockerApplicationTests does not declare any static, non-private, non-final, nested classes annotated with @Configuration.
2026-09-15 16:17:10.351 [main] INFO  org.springframework.boot.test.context.SpringBootTestContextBootstrapper - Found @SpringBootConfiguration com.demo.Docker.DockerApplication for test class com.demo.Docker.DockerApplicationTests
2026-09-15 16:17:10.752 [main] INFO  com.demo.Docker.DockerApplicationTests - Starting DockerApplicationTests using Java 17.0.7 with PID 2320 (started by Sai in C:\Amit singh\Docker\Docker)
2026-09-15 16:17:10.756 [main] INFO  com.demo.Docker.DockerApplicationTests - No active profile set, falling back to 1 default profile: "default"
2026-09-15 16:17:11.560 [main] INFO  org.springframework.data.repository.config.RepositoryConfigurationDelegate - Bootstrapping Spring Data JPA repositories in DEFAULT mode.
2026-09-15 16:17:11.624 [main] INFO  org.springframework.data.repository.config.RepositoryConfigurationDelegate - Finished Spring Data repository scanning in 53 ms. Found 1 JPA repository interface.
2026-09-15 16:17:12.184 [main] INFO  org.hibernate.orm.jpa - HHH008540: Processing PersistenceUnitInfo [name: default]
2026-09-15 16:17:12.284 [main] INFO  org.hibernate.orm.core - HHH000001: Hibernate ORM core version 7.2.7.Final
2026-09-15 16:17:13.018 [main] INFO  org.springframework.orm.jpa.persistenceunit.SpringPersistenceUnitInfo - No LoadTimeWeaver setup: ignoring JPA class transformer
2026-09-15 16:17:13.059 [main] INFO  com.zaxxer.hikari.HikariDataSource - HikariPool-1 - Starting...
2026-09-15 16:17:16.995 [main] WARN  org.hibernate.orm.jdbc.error - HHH000247: ErrorCode: 17868, SQLState: 22000
2026-09-15 16:17:16.995 [main] WARN  org.hibernate.orm.jdbc.error - ORA-17868: Unknown host specified.: No such host is known (oracle-db)
https://docs.oracle.com/error-help/db/ora-17868/
2026-09-15 16:17:16.997 [main] WARN  org.hibernate.orm.jdbc - HHH100046: Could not obtain connection to query JDBC database metadata
org.hibernate.exception.DataException: Unable to obtain isolated JDBC connection [ORA-17868: Unknown host specified.: No such host is known (oracle-db)
https://docs.oracle.com/error-help/db/ora-17868/] [n/a]
	at org.hibernate.exception.internal.SQLStateConversionDelegate.convert(SQLStateConversionDelegate.java:84)
	at org.hibernate.exception.internal.StandardSQLExceptionConverter.convert(StandardSQLExceptionConverter.java:34)
	at org.hibernate.engine.jdbc.spi.SqlExceptionHelper.convert(SqlExceptionHelper.java:115)
	at org.hibernate.engine.jdbc.spi.SqlExceptionHelper.convert(SqlExceptionHelper.java:101)
	at org.hibernate.resource.transaction.backend.jdbc.internal.JdbcIsolationDelegate.delegateWork(JdbcIsolationDelegate.java:51)
	at org.hibernate.engine.jdbc.env.internal.JdbcEnvironmentInitiator.getJdbcEnvironmentUsingJdbcMetadata(JdbcEnvironmentInitiator.java:366)
	at org.hibernate.engine.jdbc.env.internal.JdbcEnvironmentInitiator.getJdbcEnvironment(JdbcEnvironmentInitiator.java:143)
	at org.hibernate.engine.jdbc.env.internal.JdbcEnvironmentInitiator.initiateService(JdbcEnvironmentInitiator.java:120)
	at org.hibernate.engine.jdbc.env.internal.JdbcEnvironmentInitiator.initiateService(JdbcEnvironmentInitiator.java:80)
	at org.hibernate.boot.registry.internal.StandardServiceRegistryImpl.initiateService(StandardServiceRegistryImpl.java:133)
	at org.hibernate.service.internal.AbstractServiceRegistryImpl.createService(AbstractServiceRegistryImpl.java:260)
	at org.hibernate.service.internal.AbstractServiceRegistryImpl.initializeService(AbstractServiceRegistryImpl.java:235)
	at org.hibernate.service.internal.AbstractServiceRegistryImpl.getService(AbstractServiceRegistryImpl.java:212)
	at org.hibernate.boot.model.relational.Database.<init>(Database.java:44)
	at org.hibernate.boot.internal.InFlightMetadataCollectorImpl.getDatabase(InFlightMetadataCollectorImpl.java:251)
	at org.hibernate.boot.internal.InFlightMetadataCollectorImpl.<init>(InFlightMetadataCollectorImpl.java:203)
	at org.hibernate.boot.model.process.spi.MetadataBuildingProcess.complete(MetadataBuildingProcess.java:172)
	at org.hibernate.jpa.boot.internal.EntityManagerFactoryBuilderImpl.metadata(EntityManagerFactoryBuilderImpl.java:1392)
	at org.hibernate.jpa.boot.internal.EntityManagerFactoryBuilderImpl.populateSessionFactoryBuilder(EntityManagerFactoryBuilderImpl.java:1472)
	at org.hibernate.jpa.boot.internal.EntityManagerFactoryBuilderImpl.build(EntityManagerFactoryBuilderImpl.java:1454)
	at org.springframework.orm.jpa.vendor.SpringHibernateJpaPersistenceProvider.createContainerEntityManagerFactory(SpringHibernateJpaPersistenceProvider.java:93)
	at org.springframework.orm.jpa.LocalContainerEntityManagerFactoryBean.createNativeEntityManagerFactory(LocalContainerEntityManagerFactoryBean.java:443)
	at org.springframework.orm.jpa.AbstractEntityManagerFactoryBean.buildNativeEntityManagerFactory(AbstractEntityManagerFactoryBean.java:436)
	at org.springframework.orm.jpa.AbstractEntityManagerFactoryBean.afterPropertiesSet(AbstractEntityManagerFactoryBean.java:411)
	at org.springframework.orm.jpa.LocalContainerEntityManagerFactoryBean.afterPropertiesSet(LocalContainerEntityManagerFactoryBean.java:419)
	at org.springframework.beans.factory.support.AbstractAutowireCapableBeanFactory.invokeInitMethods(AbstractAutowireCapableBeanFactory.java:1864)
	at org.springframework.beans.factory.support.AbstractAutowireCapableBeanFactory.initializeBean(AbstractAutowireCapableBeanFactory.java:1813)
	at org.springframework.beans.factory.support.AbstractAutowireCapableBeanFactory.doCreateBean(AbstractAutowireCapableBeanFactory.java:603)
	at org.springframework.beans.factory.support.AbstractAutowireCapableBeanFactory.createBean(AbstractAutowireCapableBeanFactory.java:525)
	at org.springframework.beans.factory.support.AbstractBeanFactory.lambda$doGetBean$0(AbstractBeanFactory.java:333)
	at org.springframework.beans.factory.support.DefaultSingletonBeanRegistry.getSingleton(DefaultSingletonBeanRegistry.java:371)
	at org.springframework.beans.factory.support.AbstractBeanFactory.doGetBean(AbstractBeanFactory.java:331)
	at org.springframework.beans.factory.support.AbstractBeanFactory.getBean(AbstractBeanFactory.java:201)
	at org.springframework.context.support.AbstractApplicationContext.finishBeanFactoryInitialization(AbstractApplicationContext.java:977)
	at org.springframework.context.support.AbstractApplicationContext.refresh(AbstractApplicationContext.java:621)
	at org.springframework.boot.SpringApplication.refresh(SpringApplication.java:756)
	at org.springframework.boot.SpringApplication.refreshContext(SpringApplication.java:445)
	at org.springframework.boot.SpringApplication.run(SpringApplication.java:321)
	at org.springframework.boot.test.context.SpringBootContextLoader.lambda$loadContext$2(SpringBootContextLoader.java:155)
	at org.springframework.util.function.ThrowingSupplier.get(ThrowingSupplier.java:58)
	at org.springframework.util.function.ThrowingSupplier.get(ThrowingSupplier.java:46)
	at org.springframework.boot.SpringApplication.withHook(SpringApplication.java:1465)
	at org.springframework.boot.test.context.SpringBootContextLoader$ContextLoaderHook.run(SpringBootContextLoader.java:600)
	at org.springframework.boot.test.context.SpringBootContextLoader.loadContext(SpringBootContextLoader.java:155)
	at org.springframework.boot.test.context.SpringBootContextLoader.loadContext(SpringBootContextLoader.java:114)
	at org.springframework.test.context.cache.DefaultCacheAwareContextLoaderDelegate.loadContextInternal(DefaultCacheAwareContextLoaderDelegate.java:247)
	at org.springframework.test.context.cache.DefaultCacheAwareContextLoaderDelegate.lambda$loadContext$0(DefaultCacheAwareContextLoaderDelegate.java:167)
	at org.springframework.test.context.cache.DefaultContextCache.put(DefaultContextCache.java:214)
	at org.springframework.test.context.cache.DefaultCacheAwareContextLoaderDelegate.loadContext(DefaultCacheAwareContextLoaderDelegate.java:160)
	at org.springframework.test.context.support.DefaultTestContext.getApplicationContext(DefaultTestContext.java:128)
	at org.springframework.test.context.web.ServletTestExecutionListener.setUpRequestContextIfNecessary(ServletTestExecutionListener.java:200)
	at org.springframework.test.context.web.ServletTestExecutionListener.prepareTestInstance(ServletTestExecutionListener.java:139)
	at org.springframework.test.context.TestContextManager.prepareTestInstance(TestContextManager.java:260)
	at org.springframework.test.context.junit.jupiter.SpringExtension.postProcessTestInstance(SpringExtension.java:210)
	at org.junit.jupiter.engine.descriptor.ClassBasedTestDescriptor.lambda$invokeTestInstancePostProcessors$1(ClassBasedTestDescriptor.java:423)
	at org.junit.jupiter.engine.descriptor.ClassBasedTestDescriptor.executeAndMaskThrowable(ClassBasedTestDescriptor.java:428)
	at org.junit.jupiter.engine.descriptor.ClassBasedTestDescriptor.lambda$invokeTestInstancePostProcessors$0(ClassBasedTestDescriptor.java:422)
	at java.base/java.util.stream.ForEachOps$ForEachOp$OfRef.accept(ForEachOps.java:183)
	at java.base/java.util.stream.ReferencePipeline$3$1.accept(ReferencePipeline.java:197)
	at java.base/java.util.stream.ReferencePipeline$2$1.accept(ReferencePipeline.java:179)
	at java.base/java.util.stream.ReferencePipeline$3$1.accept(ReferencePipeline.java:197)
	at java.base/java.util.ArrayList$ArrayListSpliterator.forEachRemaining(ArrayList.java:1625)
	at java.base/java.util.stream.AbstractPipeline.copyInto(AbstractPipeline.java:509)
	at java.base/java.util.stream.AbstractPipeline.wrapAndCopyInto(AbstractPipeline.java:499)
	at java.base/java.util.stream.ForEachOps$ForEachOp.evaluateSequential(ForEachOps.java:150)
	at java.base/java.util.stream.ForEachOps$ForEachOp$OfRef.evaluateSequential(ForEachOps.java:173)
	at java.base/java.util.stream.AbstractPipeline.evaluate(AbstractPipeline.java:234)
	at java.base/java.util.stream.ReferencePipeline.forEach(ReferencePipeline.java:596)
	at org.junit.jupiter.engine.descriptor.ClassBasedTestDescriptor.invokeTestInstancePostProcessors(ClassBasedTestDescriptor.java:422)
	at org.junit.jupiter.engine.descriptor.ClassBasedTestDescriptor.lambda$instantiateAndPostProcessTestInstance$0(ClassBasedTestDescriptor.java:334)
	at org.junit.platform.engine.support.hierarchical.ThrowableCollector.execute(ThrowableCollector.java:74)
	at org.junit.jupiter.engine.descriptor.ClassBasedTestDescriptor.instantiateAndPostProcessTestInstance(ClassBasedTestDescriptor.java:333)
	at org.junit.jupiter.engine.descriptor.ClassBasedTestDescriptor.lambda$testInstancesProvider$1(ClassBasedTestDescriptor.java:322)
	at java.base/java.util.Optional.orElseGet(Optional.java:364)
	at org.junit.jupiter.engine.descriptor.ClassBasedTestDescriptor.lambda$testInstancesProvider$0(ClassBasedTestDescriptor.java:321)
	at org.junit.jupiter.engine.execution.TestInstancesProvider.getTestInstances(TestInstancesProvider.java:27)
	at org.junit.jupiter.engine.descriptor.TestMethodTestDescriptor.lambda$prepare$0(TestMethodTestDescriptor.java:127)
	at org.junit.platform.engine.support.hierarchical.ThrowableCollector.execute(ThrowableCollector.java:74)
	at org.junit.jupiter.engine.descriptor.TestMethodTestDescriptor.prepare(TestMethodTestDescriptor.java:126)
	at org.junit.jupiter.engine.descriptor.TestMethodTestDescriptor.prepare(TestMethodTestDescriptor.java:70)
	at org.junit.platform.engine.support.hierarchical.NodeTestTask.lambda$prepare$0(NodeTestTask.java:144)
	at org.junit.platform.engine.support.hierarchical.ThrowableCollector.execute(ThrowableCollector.java:74)
	at org.junit.platform.engine.support.hierarchical.NodeTestTask.prepare(NodeTestTask.java:144)
	at org.junit.platform.engine.support.hierarchical.NodeTestTask.execute(NodeTestTask.java:110)
	at java.base/java.util.ArrayList.forEach(ArrayList.java:1511)
	at org.junit.platform.engine.support.hierarchical.SameThreadHierarchicalTestExecutorService.invokeAll(SameThreadHierarchicalTestExecutorService.java:42)
	at org.junit.platform.engine.support.hierarchical.NodeTestTask.lambda$executeRecursively$2(NodeTestTask.java:180)
	at org.junit.platform.engine.support.hierarchical.ThrowableCollector.execute(ThrowableCollector.java:74)
	at org.junit.platform.engine.support.hierarchical.NodeTestTask.lambda$executeRecursively$1(NodeTestTask.java:166)
	at org.junit.platform.engine.support.hierarchical.Node.around(Node.java:138)
	at org.junit.platform.engine.support.hierarchical.NodeTestTask.lambda$executeRecursively$0(NodeTestTask.java:164)
	at org.junit.platform.engine.support.hierarchical.ThrowableCollector.execute(ThrowableCollector.java:74)
	at org.junit.platform.engine.support.hierarchical.NodeTestTask.executeRecursively(NodeTestTask.java:163)
	at org.junit.platform.engine.support.hierarchical.NodeTestTask.execute(NodeTestTask.java:116)
	at java.base/java.util.ArrayList.forEach(ArrayList.java:1511)
	at org.junit.platform.engine.support.hierarchical.SameThreadHierarchicalTestExecutorService.invokeAll(SameThreadHierarchicalTestExecutorService.java:42)
	at org.junit.platform.engine.support.hierarchical.NodeTestTask.lambda$executeRecursively$2(NodeTestTask.java:180)
	at org.junit.platform.engine.support.hierarchical.ThrowableCollector.execute(ThrowableCollector.java:74)
	at org.junit.platform.engine.support.hierarchical.NodeTestTask.lambda$executeRecursively$1(NodeTestTask.java:166)
	at org.junit.platform.engine.support.hierarchical.Node.around(Node.java:138)
	at org.junit.platform.engine.support.hierarchical.NodeTestTask.lambda$executeRecursively$0(NodeTestTask.java:164)
	at org.junit.platform.engine.support.hierarchical.ThrowableCollector.execute(ThrowableCollector.java:74)
	at org.junit.platform.engine.support.hierarchical.NodeTestTask.executeRecursively(NodeTestTask.java:163)
	at org.junit.platform.engine.support.hierarchical.NodeTestTask.execute(NodeTestTask.java:116)
	at org.junit.platform.engine.support.hierarchical.SameThreadHierarchicalTestExecutorService.submit(SameThreadHierarchicalTestExecutorService.java:36)
	at org.junit.platform.engine.support.hierarchical.HierarchicalTestExecutor.execute(HierarchicalTestExecutor.java:52)
	at org.junit.platform.engine.support.hierarchical.HierarchicalTestEngine.execute(HierarchicalTestEngine.java:58)
	at org.junit.platform.launcher.core.EngineExecutionOrchestrator.executeEngine(EngineExecutionOrchestrator.java:246)
	at org.junit.platform.launcher.core.EngineExecutionOrchestrator.failOrExecuteEngine(EngineExecutionOrchestrator.java:218)
	at org.junit.platform.launcher.core.EngineExecutionOrchestrator.execute(EngineExecutionOrchestrator.java:179)
	at org.junit.platform.launcher.core.EngineExecutionOrchestrator.execute(EngineExecutionOrchestrator.java:108)
	at org.junit.platform.launcher.core.EngineExecutionOrchestrator.lambda$execute$0(EngineExecutionOrchestrator.java:66)
	at org.junit.platform.launcher.core.EngineExecutionOrchestrator.withInterceptedStreams(EngineExecutionOrchestrator.java:157)
	at org.junit.platform.launcher.core.EngineExecutionOrchestrator.execute(EngineExecutionOrchestrator.java:65)
	at org.junit.platform.launcher.core.DefaultLauncher.execute(DefaultLauncher.java:125)
	at org.junit.platform.launcher.core.DefaultLauncher.execute(DefaultLauncher.java:114)
	at org.junit.platform.launcher.core.DelegatingLauncher.execute(DelegatingLauncher.java:58)
	at org.junit.platform.launcher.core.InterceptingLauncher.lambda$execute$2(InterceptingLauncher.java:57)
	at org.junit.platform.launcher.core.ClasspathAlignmentCheckingLauncherInterceptor.intercept(ClasspathAlignmentCheckingLauncherInterceptor.java:25)
	at org.junit.platform.launcher.core.InterceptingLauncher.execute(InterceptingLauncher.java:56)
	at org.junit.platform.launcher.core.DelegatingLauncher.execute(DelegatingLauncher.java:58)
	at java.base/jdk.internal.reflect.NativeMethodAccessorImpl.invoke0(Native Method)
	at java.base/jdk.internal.reflect.NativeMethodAccessorImpl.invoke(NativeMethodAccessorImpl.java:77)
	at java.base/jdk.internal.reflect.DelegatingMethodAccessorImpl.invoke(DelegatingMethodAccessorImpl.java:43)
	at java.base/java.lang.reflect.Method.invoke(Method.java:568)
	at org.apache.maven.surefire.api.util.ReflectionUtils.invokeMethodWithArray(ReflectionUtils.java:125)
	at org.apache.maven.surefire.junitplatform.LauncherAdapter.executeWithCancellationToken(LauncherAdapter.java:68)
	at org.apache.maven.surefire.junitplatform.LauncherAdapter.execute(LauncherAdapter.java:54)
	at org.apache.maven.surefire.junitplatform.JUnitPlatformProvider.execute(JUnitPlatformProvider.java:203)
	at org.apache.maven.surefire.junitplatform.JUnitPlatformProvider.invokeAllTests(JUnitPlatformProvider.java:168)
	at org.apache.maven.surefire.junitplatform.JUnitPlatformProvider.invoke(JUnitPlatformProvider.java:136)
	at org.apache.maven.surefire.booter.ForkedBooter.runSuitesInProcess(ForkedBooter.java:385)
	at org.apache.maven.surefire.booter.ForkedBooter.execute(ForkedBooter.java:162)
	at org.apache.maven.surefire.booter.ForkedBooter.run(ForkedBooter.java:507)
	at org.apache.maven.surefire.booter.ForkedBooter.main(ForkedBooter.java:495)
Caused by: java.sql.SQLException: ORA-17868: Unknown host specified.: No such host is known (oracle-db)
https://docs.oracle.com/error-help/db/ora-17868/
	at oracle.jdbc.driver.T4CConnection.handleLogonNetException(T4CConnection.java:1912)
	at oracle.jdbc.driver.T4CConnection.logon(T4CConnection.java:1228)
	at oracle.jdbc.driver.PhysicalConnection.connect(PhysicalConnection.java:1210)
	at oracle.jdbc.driver.T4CDriverExtension.getConnection(T4CDriverExtension.java:106)
	at oracle.jdbc.driver.OracleDriver.connect(OracleDriver.java:887)
	at oracle.jdbc.driver.OracleDriver.connect(OracleDriver.java:694)
	at com.zaxxer.hikari.util.DriverDataSource.getConnection(DriverDataSource.java:144)
	at com.zaxxer.hikari.pool.PoolBase.newConnection(PoolBase.java:373)
	at com.zaxxer.hikari.pool.PoolBase.newPoolEntry(PoolBase.java:210)
	at com.zaxxer.hikari.pool.HikariPool.createPoolEntry(HikariPool.java:488)
	at com.zaxxer.hikari.pool.HikariPool.checkFailFast(HikariPool.java:576)
	at com.zaxxer.hikari.pool.HikariPool.<init>(HikariPool.java:97)
	at com.zaxxer.hikari.HikariDataSource.getConnection(HikariDataSource.java:111)
	at org.hibernate.engine.jdbc.connections.internal.DataSourceConnectionProvider.getConnection(DataSourceConnectionProvider.java:137)
	at org.hibernate.engine.jdbc.env.internal.JdbcEnvironmentInitiator$ConnectionProviderJdbcConnectionAccess.obtainConnection(JdbcEnvironmentInitiator.java:508)
	at org.hibernate.resource.transaction.backend.jdbc.internal.JdbcIsolationDelegate.delegateWork(JdbcIsolationDelegate.java:48)
	... 130 more
Caused by: oracle.net.ns.NetException: ORA-17868: Unknown host specified.: No such host is known (oracle-db)
https://docs.oracle.com/error-help/db/ora-17868/
	at oracle.net.resolver.AddrResolution.resolveAddrTree(AddrResolution.java:1175)
	at oracle.net.resolver.AddrResolution.resolveTNSAddress(AddrResolution.java:954)
	at oracle.net.resolver.AddrResolution.initConnStrategy(AddrResolution.java:649)
	at oracle.net.resolver.AddrResolution.<init>(AddrResolution.java:464)
	at oracle.net.ns.NSProtocol.<init>(NSProtocol.java:260)
	at oracle.net.ns.NSProtocolNIO.<init>(NSProtocolNIO.java:162)
	at oracle.jdbc.driver.T4CConnection.logon(T4CConnection.java:1080)
	... 144 more
Caused by: java.net.UnknownHostException: No such host is known (oracle-db)
	at java.base/java.net.Inet6AddressImpl.lookupAllHostAddr(Native Method)
	at java.base/java.net.InetAddress$PlatformNameService.lookupAllHostAddr(InetAddress.java:933)
	at java.base/java.net.InetAddress.getAddressesFromNameService(InetAddress.java:1543)
	at java.base/java.net.InetAddress$NameServiceAddresses.get(InetAddress.java:852)
	at java.base/java.net.InetAddress.getAllByName0(InetAddress.java:1532)
	at java.base/java.net.InetAddress.getAllByName(InetAddress.java:1384)
	at java.base/java.net.InetAddress.getAllByName(InetAddress.java:1305)
	at oracle.net.resolver.InetAddressResolver.resolveInetSocketAddresses(InetAddressResolver.java:89)
	at oracle.net.resolver.AddrResolution.resolveConnOptions(AddrResolution.java:1212)
	at oracle.net.resolver.AddrResolution.resolveAddrTree(AddrResolution.java:1152)
	... 150 more
2026-09-15 16:17:17.008 [main] ERROR org.springframework.orm.jpa.LocalContainerEntityManagerFactoryBean - Failed to initialize JPA EntityManagerFactory: Unable to create requested service [org.hibernate.engine.jdbc.env.spi.JdbcEnvironment] due to: Unable to determine Dialect without JDBC metadata (please set 'jakarta.persistence.jdbc.url' for common cases or 'hibernate.dialect' when a custom Dialect implementation must be provided)
2026-09-15 16:17:17.009 [main] WARN  org.springframework.web.context.support.GenericWebApplicationContext - Exception encountered during context initialization - cancelling refresh attempt: org.springframework.beans.factory.BeanCreationException: Error creating bean with name 'entityManagerFactory' defined in class path resource [org/springframework/boot/hibernate/autoconfigure/HibernateJpaConfiguration.class]: Unable to create requested service [org.hibernate.engine.jdbc.env.spi.JdbcEnvironment] due to: Unable to determine Dialect without JDBC metadata (please set 'jakarta.persistence.jdbc.url' for common cases or 'hibernate.dialect' when a custom Dialect implementation must be provided)
2026-09-15 16:17:17.030 [main] INFO  org.springframework.boot.autoconfigure.logging.ConditionEvaluationReportLogger - 

Error starting ApplicationContext. To display the condition evaluation report re-run your application with 'debug' enabled.
2026-09-15 16:17:17.049 [main] ERROR org.springframework.boot.SpringApplication - Application run failed
org.springframework.beans.factory.BeanCreationException: Error creating bean with name 'entityManagerFactory' defined in class path resource [org/springframework/boot/hibernate/autoconfigure/HibernateJpaConfiguration.class]: Unable to create requested service [org.hibernate.engine.jdbc.env.spi.JdbcEnvironment] due to: Unable to determine Dialect without JDBC metadata (please set 'jakarta.persistence.jdbc.url' for common cases or 'hibernate.dialect' when a custom Dialect implementation must be provided)
	at org.springframework.beans.factory.support.AbstractAutowireCapableBeanFactory.initializeBean(AbstractAutowireCapableBeanFactory.java:1817)
	at org.springframework.beans.factory.support.AbstractAutowireCapableBeanFactory.doCreateBean(AbstractAutowireCapableBeanFactory.java:603)
	at org.springframework.beans.factory.support.AbstractAutowireCapableBeanFactory.createBean(AbstractAutowireCapableBeanFactory.java:525)
	at org.springframework.beans.factory.support.AbstractBeanFactory.lambda$doGetBean$0(AbstractBeanFactory.java:333)
	at org.springframework.beans.factory.support.DefaultSingletonBeanRegistry.getSingleton(DefaultSingletonBeanRegistry.java:371)
	at org.springframework.beans.factory.support.AbstractBeanFactory.doGetBean(AbstractBeanFactory.java:331)
	at org.springframework.beans.factory.support.AbstractBeanFactory.getBean(AbstractBeanFactory.java:201)
	at org.springframework.context.support.AbstractApplicationContext.finishBeanFactoryInitialization(AbstractApplicationContext.java:977)
	at org.springframework.context.support.AbstractApplicationContext.refresh(AbstractApplicationContext.java:621)
	at org.springframework.boot.SpringApplication.refresh(SpringApplication.java:756)
	at org.springframework.boot.SpringApplication.refreshContext(SpringApplication.java:445)
	at org.springframework.boot.SpringApplication.run(SpringApplication.java:321)
	at org.springframework.boot.test.context.SpringBootContextLoader.lambda$loadContext$2(SpringBootContextLoader.java:155)
	at org.springframework.util.function.ThrowingSupplier.get(ThrowingSupplier.java:58)
	at org.springframework.util.function.ThrowingSupplier.get(ThrowingSupplier.java:46)
	at org.springframework.boot.SpringApplication.withHook(SpringApplication.java:1465)
	at org.springframework.boot.test.context.SpringBootContextLoader$ContextLoaderHook.run(SpringBootContextLoader.java:600)
	at org.springframework.boot.test.context.SpringBootContextLoader.loadContext(SpringBootContextLoader.java:155)
	at org.springframework.boot.test.context.SpringBootContextLoader.loadContext(SpringBootContextLoader.java:114)
	at org.springframework.test.context.cache.DefaultCacheAwareContextLoaderDelegate.loadContextInternal(DefaultCacheAwareContextLoaderDelegate.java:247)
	at org.springframework.test.context.cache.DefaultCacheAwareContextLoaderDelegate.lambda$loadContext$0(DefaultCacheAwareContextLoaderDelegate.java:167)
	at org.springframework.test.context.cache.DefaultContextCache.put(DefaultContextCache.java:214)
	at org.springframework.test.context.cache.DefaultCacheAwareContextLoaderDelegate.loadContext(DefaultCacheAwareContextLoaderDelegate.java:160)
	at org.springframework.test.context.support.DefaultTestContext.getApplicationContext(DefaultTestContext.java:128)
	at org.springframework.test.context.web.ServletTestExecutionListener.setUpRequestContextIfNecessary(ServletTestExecutionListener.java:200)
	at org.springframework.test.context.web.ServletTestExecutionListener.prepareTestInstance(ServletTestExecutionListener.java:139)
	at org.springframework.test.context.TestContextManager.prepareTestInstance(TestContextManager.java:260)
	at org.springframework.test.context.junit.jupiter.SpringExtension.postProcessTestInstance(SpringExtension.java:210)
	at org.junit.jupiter.engine.descriptor.ClassBasedTestDescriptor.lambda$invokeTestInstancePostProcessors$1(ClassBasedTestDescriptor.java:423)
	at org.junit.jupiter.engine.descriptor.ClassBasedTestDescriptor.executeAndMaskThrowable(ClassBasedTestDescriptor.java:428)
	at org.junit.jupiter.engine.descriptor.ClassBasedTestDescriptor.lambda$invokeTestInstancePostProcessors$0(ClassBasedTestDescriptor.java:422)
	at java.base/java.util.stream.ForEachOps$ForEachOp$OfRef.accept(ForEachOps.java:183)
	at java.base/java.util.stream.ReferencePipeline$3$1.accept(ReferencePipeline.java:197)
	at java.base/java.util.stream.ReferencePipeline$2$1.accept(ReferencePipeline.java:179)
	at java.base/java.util.stream.ReferencePipeline$3$1.accept(ReferencePipeline.java:197)
	at java.base/java.util.ArrayList$ArrayListSpliterator.forEachRemaining(ArrayList.java:1625)
	at java.base/java.util.stream.AbstractPipeline.copyInto(AbstractPipeline.java:509)
	at java.base/java.util.stream.AbstractPipeline.wrapAndCopyInto(AbstractPipeline.java:499)
	at java.base/java.util.stream.ForEachOps$ForEachOp.evaluateSequential(ForEachOps.java:150)
	at java.base/java.util.stream.ForEachOps$ForEachOp$OfRef.evaluateSequential(ForEachOps.java:173)
	at java.base/java.util.stream.AbstractPipeline.evaluate(AbstractPipeline.java:234)
	at java.base/java.util.stream.ReferencePipeline.forEach(ReferencePipeline.java:596)
	at org.junit.jupiter.engine.descriptor.ClassBasedTestDescriptor.invokeTestInstancePostProcessors(ClassBasedTestDescriptor.java:422)
	at org.junit.jupiter.engine.descriptor.ClassBasedTestDescriptor.lambda$instantiateAndPostProcessTestInstance$0(ClassBasedTestDescriptor.java:334)
	at org.junit.platform.engine.support.hierarchical.ThrowableCollector.execute(ThrowableCollector.java:74)
	at org.junit.jupiter.engine.descriptor.ClassBasedTestDescriptor.instantiateAndPostProcessTestInstance(ClassBasedTestDescriptor.java:333)
	at org.junit.jupiter.engine.descriptor.ClassBasedTestDescriptor.lambda$testInstancesProvider$1(ClassBasedTestDescriptor.java:322)
	at java.base/java.util.Optional.orElseGet(Optional.java:364)
	at org.junit.jupiter.engine.descriptor.ClassBasedTestDescriptor.lambda$testInstancesProvider$0(ClassBasedTestDescriptor.java:321)
	at org.junit.jupiter.engine.execution.TestInstancesProvider.getTestInstances(TestInstancesProvider.java:27)
	at org.junit.jupiter.engine.descriptor.TestMethodTestDescriptor.lambda$prepare$0(TestMethodTestDescriptor.java:127)
	at org.junit.platform.engine.support.hierarchical.ThrowableCollector.execute(ThrowableCollector.java:74)
	at org.junit.jupiter.engine.descriptor.TestMethodTestDescriptor.prepare(TestMethodTestDescriptor.java:126)
	at org.junit.jupiter.engine.descriptor.TestMethodTestDescriptor.prepare(TestMethodTestDescriptor.java:70)
	at org.junit.platform.engine.support.hierarchical.NodeTestTask.lambda$prepare$0(NodeTestTask.java:144)
	at org.junit.platform.engine.support.hierarchical.ThrowableCollector.execute(ThrowableCollector.java:74)
	at org.junit.platform.engine.support.hierarchical.NodeTestTask.prepare(NodeTestTask.java:144)
	at org.junit.platform.engine.support.hierarchical.NodeTestTask.execute(NodeTestTask.java:110)
	at java.base/java.util.ArrayList.forEach(ArrayList.java:1511)
	at org.junit.platform.engine.support.hierarchical.SameThreadHierarchicalTestExecutorService.invokeAll(SameThreadHierarchicalTestExecutorService.java:42)
	at org.junit.platform.engine.support.hierarchical.NodeTestTask.lambda$executeRecursively$2(NodeTestTask.java:180)
	at org.junit.platform.engine.support.hierarchical.ThrowableCollector.execute(ThrowableCollector.java:74)
	at org.junit.platform.engine.support.hierarchical.NodeTestTask.lambda$executeRecursively$1(NodeTestTask.java:166)
	at org.junit.platform.engine.support.hierarchical.Node.around(Node.java:138)
	at org.junit.platform.engine.support.hierarchical.NodeTestTask.lambda$executeRecursively$0(NodeTestTask.java:164)
	at org.junit.platform.engine.support.hierarchical.ThrowableCollector.execute(ThrowableCollector.java:74)
	at org.junit.platform.engine.support.hierarchical.NodeTestTask.executeRecursively(NodeTestTask.java:163)
	at org.junit.platform.engine.support.hierarchical.NodeTestTask.execute(NodeTestTask.java:116)
	at java.base/java.util.ArrayList.forEach(ArrayList.java:1511)
	at org.junit.platform.engine.support.hierarchical.SameThreadHierarchicalTestExecutorService.invokeAll(SameThreadHierarchicalTestExecutorService.java:42)
	at org.junit.platform.engine.support.hierarchical.NodeTestTask.lambda$executeRecursively$2(NodeTestTask.java:180)
	at org.junit.platform.engine.support.hierarchical.ThrowableCollector.execute(ThrowableCollector.java:74)
	at org.junit.platform.engine.support.hierarchical.NodeTestTask.lambda$executeRecursively$1(NodeTestTask.java:166)
	at org.junit.platform.engine.support.hierarchical.Node.around(Node.java:138)
	at org.junit.platform.engine.support.hierarchical.NodeTestTask.lambda$executeRecursively$0(NodeTestTask.java:164)
	at org.junit.platform.engine.support.hierarchical.ThrowableCollector.execute(ThrowableCollector.java:74)
	at org.junit.platform.engine.support.hierarchical.NodeTestTask.executeRecursively(NodeTestTask.java:163)
	at org.junit.platform.engine.support.hierarchical.NodeTestTask.execute(NodeTestTask.java:116)
	at org.junit.platform.engine.support.hierarchical.SameThreadHierarchicalTestExecutorService.submit(SameThreadHierarchicalTestExecutorService.java:36)
	at org.junit.platform.engine.support.hierarchical.HierarchicalTestExecutor.execute(HierarchicalTestExecutor.java:52)
	at org.junit.platform.engine.support.hierarchical.HierarchicalTestEngine.execute(HierarchicalTestEngine.java:58)
	at org.junit.platform.launcher.core.EngineExecutionOrchestrator.executeEngine(EngineExecutionOrchestrator.java:246)
	at org.junit.platform.launcher.core.EngineExecutionOrchestrator.failOrExecuteEngine(EngineExecutionOrchestrator.java:218)
	at org.junit.platform.launcher.core.EngineExecutionOrchestrator.execute(EngineExecutionOrchestrator.java:179)
	at org.junit.platform.launcher.core.EngineExecutionOrchestrator.execute(EngineExecutionOrchestrator.java:108)
	at org.junit.platform.launcher.core.EngineExecutionOrchestrator.lambda$execute$0(EngineExecutionOrchestrator.java:66)
	at org.junit.platform.launcher.core.EngineExecutionOrchestrator.withInterceptedStreams(EngineExecutionOrchestrator.java:157)
	at org.junit.platform.launcher.core.EngineExecutionOrchestrator.execute(EngineExecutionOrchestrator.java:65)
	at org.junit.platform.launcher.core.DefaultLauncher.execute(DefaultLauncher.java:125)
	at org.junit.platform.launcher.core.DefaultLauncher.execute(DefaultLauncher.java:114)
	at org.junit.platform.launcher.core.DelegatingLauncher.execute(DelegatingLauncher.java:58)
	at org.junit.platform.launcher.core.InterceptingLauncher.lambda$execute$2(InterceptingLauncher.java:57)
	at org.junit.platform.launcher.core.ClasspathAlignmentCheckingLauncherInterceptor.intercept(ClasspathAlignmentCheckingLauncherInterceptor.java:25)
	at org.junit.platform.launcher.core.InterceptingLauncher.execute(InterceptingLauncher.java:56)
	at org.junit.platform.launcher.core.DelegatingLauncher.execute(DelegatingLauncher.java:58)
	at java.base/jdk.internal.reflect.NativeMethodAccessorImpl.invoke0(Native Method)
	at java.base/jdk.internal.reflect.NativeMethodAccessorImpl.invoke(NativeMethodAccessorImpl.java:77)
	at java.base/jdk.internal.reflect.DelegatingMethodAccessorImpl.invoke(DelegatingMethodAccessorImpl.java:43)
	at java.base/java.lang.reflect.Method.invoke(Method.java:568)
	at org.apache.maven.surefire.api.util.ReflectionUtils.invokeMethodWithArray(ReflectionUtils.java:125)
	at org.apache.maven.surefire.junitplatform.LauncherAdapter.executeWithCancellationToken(LauncherAdapter.java:68)
	at org.apache.maven.surefire.junitplatform.LauncherAdapter.execute(LauncherAdapter.java:54)
	at org.apache.maven.surefire.junitplatform.JUnitPlatformProvider.execute(JUnitPlatformProvider.java:203)
	at org.apache.maven.surefire.junitplatform.JUnitPlatformProvider.invokeAllTests(JUnitPlatformProvider.java:168)
	at org.apache.maven.surefire.junitplatform.JUnitPlatformProvider.invoke(JUnitPlatformProvider.java:136)
	at org.apache.maven.surefire.booter.ForkedBooter.runSuitesInProcess(ForkedBooter.java:385)
	at org.apache.maven.surefire.booter.ForkedBooter.execute(ForkedBooter.java:162)
	at org.apache.maven.surefire.booter.ForkedBooter.run(ForkedBooter.java:507)
	at org.apache.maven.surefire.booter.ForkedBooter.main(ForkedBooter.java:495)
Caused by: org.hibernate.service.spi.ServiceException: Unable to create requested service [org.hibernate.engine.jdbc.env.spi.JdbcEnvironment] due to: Unable to determine Dialect without JDBC metadata (please set 'jakarta.persistence.jdbc.url' for common cases or 'hibernate.dialect' when a custom Dialect implementation must be provided)
	at org.hibernate.service.internal.AbstractServiceRegistryImpl.createService(AbstractServiceRegistryImpl.java:273)
	at org.hibernate.service.internal.AbstractServiceRegistryImpl.initializeService(AbstractServiceRegistryImpl.java:235)
	at org.hibernate.service.internal.AbstractServiceRegistryImpl.getService(AbstractServiceRegistryImpl.java:212)
	at org.hibernate.boot.model.relational.Database.<init>(Database.java:44)
	at org.hibernate.boot.internal.InFlightMetadataCollectorImpl.getDatabase(InFlightMetadataCollectorImpl.java:251)
	at org.hibernate.boot.internal.InFlightMetadataCollectorImpl.<init>(InFlightMetadataCollectorImpl.java:203)
	at org.hibernate.boot.model.process.spi.MetadataBuildingProcess.complete(MetadataBuildingProcess.java:172)
	at org.hibernate.jpa.boot.internal.EntityManagerFactoryBuilderImpl.metadata(EntityManagerFactoryBuilderImpl.java:1392)
	at org.hibernate.jpa.boot.internal.EntityManagerFactoryBuilderImpl.populateSessionFactoryBuilder(EntityManagerFactoryBuilderImpl.java:1472)
	at org.hibernate.jpa.boot.internal.EntityManagerFactoryBuilderImpl.build(EntityManagerFactoryBuilderImpl.java:1454)
	at org.springframework.orm.jpa.vendor.SpringHibernateJpaPersistenceProvider.createContainerEntityManagerFactory(SpringHibernateJpaPersistenceProvider.java:93)
	at org.springframework.orm.jpa.LocalContainerEntityManagerFactoryBean.createNativeEntityManagerFactory(LocalContainerEntityManagerFactoryBean.java:443)
	at org.springframework.orm.jpa.AbstractEntityManagerFactoryBean.buildNativeEntityManagerFactory(AbstractEntityManagerFactoryBean.java:436)
	at org.springframework.orm.jpa.AbstractEntityManagerFactoryBean.afterPropertiesSet(AbstractEntityManagerFactoryBean.java:411)
	at org.springframework.orm.jpa.LocalContainerEntityManagerFactoryBean.afterPropertiesSet(LocalContainerEntityManagerFactoryBean.java:419)
	at org.springframework.beans.factory.support.AbstractAutowireCapableBeanFactory.invokeInitMethods(AbstractAutowireCapableBeanFactory.java:1864)
	at org.springframework.beans.factory.support.AbstractAutowireCapableBeanFactory.initializeBean(AbstractAutowireCapableBeanFactory.java:1813)
	... 108 more
Caused by: org.hibernate.HibernateException: Unable to determine Dialect without JDBC metadata (please set 'jakarta.persistence.jdbc.url' for common cases or 'hibernate.dialect' when a custom Dialect implementation must be provided)
	at org.hibernate.engine.jdbc.dialect.internal.DialectFactoryImpl.determineDialect(DialectFactoryImpl.java:190)
	at org.hibernate.engine.jdbc.dialect.internal.DialectFactoryImpl.buildDialect(DialectFactoryImpl.java:86)
	at org.hibernate.engine.jdbc.env.internal.JdbcEnvironmentInitiator.getJdbcEnvironmentWithDefaults(JdbcEnvironmentInitiator.java:200)
	at org.hibernate.engine.jdbc.env.internal.JdbcEnvironmentInitiator.getJdbcEnvironmentUsingJdbcMetadata(JdbcEnvironmentInitiator.java:452)
	at org.hibernate.engine.jdbc.env.internal.JdbcEnvironmentInitiator.getJdbcEnvironment(JdbcEnvironmentInitiator.java:143)
	at org.hibernate.engine.jdbc.env.internal.JdbcEnvironmentInitiator.initiateService(JdbcEnvironmentInitiator.java:120)
	at org.hibernate.engine.jdbc.env.internal.JdbcEnvironmentInitiator.initiateService(JdbcEnvironmentInitiator.java:80)
	at org.hibernate.boot.registry.internal.StandardServiceRegistryImpl.initiateService(StandardServiceRegistryImpl.java:133)
	at org.hibernate.service.internal.AbstractServiceRegistryImpl.createService(AbstractServiceRegistryImpl.java:260)
	... 124 more
2026-09-15 16:17:17.060 [main] WARN  org.springframework.test.context.TestContextManager - Caught exception while allowing TestExecutionListener [org.springframework.test.context.web.ServletTestExecutionListener] to prepare test instance [com.demo.Docker.DockerApplicationTests@2dbb8da0]
java.lang.IllegalStateException: Failed to load ApplicationContext for [WebMergedContextConfiguration@4219a4cc testClass = com.demo.Docker.DockerApplicationTests, locations = [], classes = [com.demo.Docker.DockerApplication], contextInitializerClasses = [], activeProfiles = [], propertySourceDescriptors = [], propertySourceProperties = ["org.springframework.boot.test.context.SpringBootTestContextBootstrapper=true"], contextCustomizers = [org.springframework.boot.test.context.PropertyMappingContextCustomizer@0, org.springframework.boot.test.context.filter.ExcludeFilterContextCustomizer@40d10481, org.springframework.boot.test.json.DuplicateJsonObjectContextCustomizerFactory$DuplicateJsonObjectContextCustomizer@1dcca8d3, org.springframework.boot.test.autoconfigure.OnFailureConditionReportContextCustomizerFactory$OnFailureConditionReportContextCustomizer@6124287a, org.springframework.test.context.support.DynamicPropertiesContextCustomizer@0, org.springframework.boot.webmvc.test.autoconfigure.WebDriverContextCustomizer@7e7f0f0a, org.springframework.boot.web.server.context.SpringBootTestRandomPortContextCustomizer@656d10a4, org.springframework.boot.test.context.SpringBootTestAnnotation@c573e310], resourceBasePath = "src/main/webapp", contextLoader = org.springframework.boot.test.context.SpringBootContextLoader, parent = null]
	at org.springframework.test.context.cache.DefaultCacheAwareContextLoaderDelegate.lambda$loadContext$0(DefaultCacheAwareContextLoaderDelegate.java:195)
	at org.springframework.test.context.cache.DefaultContextCache.put(DefaultContextCache.java:214)
	at org.springframework.test.context.cache.DefaultCacheAwareContextLoaderDelegate.loadContext(DefaultCacheAwareContextLoaderDelegate.java:160)
	at org.springframework.test.context.support.DefaultTestContext.getApplicationContext(DefaultTestContext.java:128)
	at org.springframework.test.context.web.ServletTestExecutionListener.setUpRequestContextIfNecessary(ServletTestExecutionListener.java:200)
	at org.springframework.test.context.web.ServletTestExecutionListener.prepareTestInstance(ServletTestExecutionListener.java:139)
	at org.springframework.test.context.TestContextManager.prepareTestInstance(TestContextManager.java:260)
	at org.springframework.test.context.junit.jupiter.SpringExtension.postProcessTestInstance(SpringExtension.java:210)
	at org.junit.jupiter.engine.descriptor.ClassBasedTestDescriptor.lambda$invokeTestInstancePostProcessors$1(ClassBasedTestDescriptor.java:423)
	at org.junit.jupiter.engine.descriptor.ClassBasedTestDescriptor.executeAndMaskThrowable(ClassBasedTestDescriptor.java:428)
	at org.junit.jupiter.engine.descriptor.ClassBasedTestDescriptor.lambda$invokeTestInstancePostProcessors$0(ClassBasedTestDescriptor.java:422)
	at java.base/java.util.stream.ForEachOps$ForEachOp$OfRef.accept(ForEachOps.java:183)
	at java.base/java.util.stream.ReferencePipeline$3$1.accept(ReferencePipeline.java:197)
	at java.base/java.util.stream.ReferencePipeline$2$1.accept(ReferencePipeline.java:179)
	at java.base/java.util.stream.ReferencePipeline$3$1.accept(ReferencePipeline.java:197)
	at java.base/java.util.ArrayList$ArrayListSpliterator.forEachRemaining(ArrayList.java:1625)
	at java.base/java.util.stream.AbstractPipeline.copyInto(AbstractPipeline.java:509)
	at java.base/java.util.stream.AbstractPipeline.wrapAndCopyInto(AbstractPipeline.java:499)
	at java.base/java.util.stream.ForEachOps$ForEachOp.evaluateSequential(ForEachOps.java:150)
	at java.base/java.util.stream.ForEachOps$ForEachOp$OfRef.evaluateSequential(ForEachOps.java:173)
	at java.base/java.util.stream.AbstractPipeline.evaluate(AbstractPipeline.java:234)
	at java.base/java.util.stream.ReferencePipeline.forEach(ReferencePipeline.java:596)
	at org.junit.jupiter.engine.descriptor.ClassBasedTestDescriptor.invokeTestInstancePostProcessors(ClassBasedTestDescriptor.java:422)
	at org.junit.jupiter.engine.descriptor.ClassBasedTestDescriptor.lambda$instantiateAndPostProcessTestInstance$0(ClassBasedTestDescriptor.java:334)
	at org.junit.platform.engine.support.hierarchical.ThrowableCollector.execute(ThrowableCollector.java:74)
	at org.junit.jupiter.engine.descriptor.ClassBasedTestDescriptor.instantiateAndPostProcessTestInstance(ClassBasedTestDescriptor.java:333)
	at org.junit.jupiter.engine.descriptor.ClassBasedTestDescriptor.lambda$testInstancesProvider$1(ClassBasedTestDescriptor.java:322)
	at java.base/java.util.Optional.orElseGet(Optional.java:364)
	at org.junit.jupiter.engine.descriptor.ClassBasedTestDescriptor.lambda$testInstancesProvider$0(ClassBasedTestDescriptor.java:321)
	at org.junit.jupiter.engine.execution.TestInstancesProvider.getTestInstances(TestInstancesProvider.java:27)
	at org.junit.jupiter.engine.descriptor.TestMethodTestDescriptor.lambda$prepare$0(TestMethodTestDescriptor.java:127)
	at org.junit.platform.engine.support.hierarchical.ThrowableCollector.execute(ThrowableCollector.java:74)
	at org.junit.jupiter.engine.descriptor.TestMethodTestDescriptor.prepare(TestMethodTestDescriptor.java:126)
	at org.junit.jupiter.engine.descriptor.TestMethodTestDescriptor.prepare(TestMethodTestDescriptor.java:70)
	at org.junit.platform.engine.support.hierarchical.NodeTestTask.lambda$prepare$0(NodeTestTask.java:144)
	at org.junit.platform.engine.support.hierarchical.ThrowableCollector.execute(ThrowableCollector.java:74)
	at org.junit.platform.engine.support.hierarchical.NodeTestTask.prepare(NodeTestTask.java:144)
	at org.junit.platform.engine.support.hierarchical.NodeTestTask.execute(NodeTestTask.java:110)
	at java.base/java.util.ArrayList.forEach(ArrayList.java:1511)
	at org.junit.platform.engine.support.hierarchical.SameThreadHierarchicalTestExecutorService.invokeAll(SameThreadHierarchicalTestExecutorService.java:42)
	at org.junit.platform.engine.support.hierarchical.NodeTestTask.lambda$executeRecursively$2(NodeTestTask.java:180)
	at org.junit.platform.engine.support.hierarchical.ThrowableCollector.execute(ThrowableCollector.java:74)
	at org.junit.platform.engine.support.hierarchical.NodeTestTask.lambda$executeRecursively$1(NodeTestTask.java:166)
	at org.junit.platform.engine.support.hierarchical.Node.around(Node.java:138)
	at org.junit.platform.engine.support.hierarchical.NodeTestTask.lambda$executeRecursively$0(NodeTestTask.java:164)
	at org.junit.platform.engine.support.hierarchical.ThrowableCollector.execute(ThrowableCollector.java:74)
	at org.junit.platform.engine.support.hierarchical.NodeTestTask.executeRecursively(NodeTestTask.java:163)
	at org.junit.platform.engine.support.hierarchical.NodeTestTask.execute(NodeTestTask.java:116)
	at java.base/java.util.ArrayList.forEach(ArrayList.java:1511)
	at org.junit.platform.engine.support.hierarchical.SameThreadHierarchicalTestExecutorService.invokeAll(SameThreadHierarchicalTestExecutorService.java:42)
	at org.junit.platform.engine.support.hierarchical.NodeTestTask.lambda$executeRecursively$2(NodeTestTask.java:180)
	at org.junit.platform.engine.support.hierarchical.ThrowableCollector.execute(ThrowableCollector.java:74)
	at org.junit.platform.engine.support.hierarchical.NodeTestTask.lambda$executeRecursively$1(NodeTestTask.java:166)
	at org.junit.platform.engine.support.hierarchical.Node.around(Node.java:138)
	at org.junit.platform.engine.support.hierarchical.NodeTestTask.lambda$executeRecursively$0(NodeTestTask.java:164)
	at org.junit.platform.engine.support.hierarchical.ThrowableCollector.execute(ThrowableCollector.java:74)
	at org.junit.platform.engine.support.hierarchical.NodeTestTask.executeRecursively(NodeTestTask.java:163)
	at org.junit.platform.engine.support.hierarchical.NodeTestTask.execute(NodeTestTask.java:116)
	at org.junit.platform.engine.support.hierarchical.SameThreadHierarchicalTestExecutorService.submit(SameThreadHierarchicalTestExecutorService.java:36)
	at org.junit.platform.engine.support.hierarchical.HierarchicalTestExecutor.execute(HierarchicalTestExecutor.java:52)
	at org.junit.platform.engine.support.hierarchical.HierarchicalTestEngine.execute(HierarchicalTestEngine.java:58)
	at org.junit.platform.launcher.core.EngineExecutionOrchestrator.executeEngine(EngineExecutionOrchestrator.java:246)
	at org.junit.platform.launcher.core.EngineExecutionOrchestrator.failOrExecuteEngine(EngineExecutionOrchestrator.java:218)
	at org.junit.platform.launcher.core.EngineExecutionOrchestrator.execute(EngineExecutionOrchestrator.java:179)
	at org.junit.platform.launcher.core.EngineExecutionOrchestrator.execute(EngineExecutionOrchestrator.java:108)
	at org.junit.platform.launcher.core.EngineExecutionOrchestrator.lambda$execute$0(EngineExecutionOrchestrator.java:66)
	at org.junit.platform.launcher.core.EngineExecutionOrchestrator.withInterceptedStreams(EngineExecutionOrchestrator.java:157)
	at org.junit.platform.launcher.core.EngineExecutionOrchestrator.execute(EngineExecutionOrchestrator.java:65)
	at org.junit.platform.launcher.core.DefaultLauncher.execute(DefaultLauncher.java:125)
	at org.junit.platform.launcher.core.DefaultLauncher.execute(DefaultLauncher.java:114)
	at org.junit.platform.launcher.core.DelegatingLauncher.execute(DelegatingLauncher.java:58)
	at org.junit.platform.launcher.core.InterceptingLauncher.lambda$execute$2(InterceptingLauncher.java:57)
	at org.junit.platform.launcher.core.ClasspathAlignmentCheckingLauncherInterceptor.intercept(ClasspathAlignmentCheckingLauncherInterceptor.java:25)
	at org.junit.platform.launcher.core.InterceptingLauncher.execute(InterceptingLauncher.java:56)
	at org.junit.platform.launcher.core.DelegatingLauncher.execute(DelegatingLauncher.java:58)
	at java.base/jdk.internal.reflect.NativeMethodAccessorImpl.invoke0(Native Method)
	at java.base/jdk.internal.reflect.NativeMethodAccessorImpl.invoke(NativeMethodAccessorImpl.java:77)
	at java.base/jdk.internal.reflect.DelegatingMethodAccessorImpl.invoke(DelegatingMethodAccessorImpl.java:43)
	at java.base/java.lang.reflect.Method.invoke(Method.java:568)
	at org.apache.maven.surefire.api.util.ReflectionUtils.invokeMethodWithArray(ReflectionUtils.java:125)
	at org.apache.maven.surefire.junitplatform.LauncherAdapter.executeWithCancellationToken(LauncherAdapter.java:68)
	at org.apache.maven.surefire.junitplatform.LauncherAdapter.execute(LauncherAdapter.java:54)
	at org.apache.maven.surefire.junitplatform.JUnitPlatformProvider.execute(JUnitPlatformProvider.java:203)
	at org.apache.maven.surefire.junitplatform.JUnitPlatformProvider.invokeAllTests(JUnitPlatformProvider.java:168)
	at org.apache.maven.surefire.junitplatform.JUnitPlatformProvider.invoke(JUnitPlatformProvider.java:136)
	at org.apache.maven.surefire.booter.ForkedBooter.runSuitesInProcess(ForkedBooter.java:385)
	at org.apache.maven.surefire.booter.ForkedBooter.execute(ForkedBooter.java:162)
	at org.apache.maven.surefire.booter.ForkedBooter.run(ForkedBooter.java:507)
	at org.apache.maven.surefire.booter.ForkedBooter.main(ForkedBooter.java:495)
Caused by: org.springframework.beans.factory.BeanCreationException: Error creating bean with name 'entityManagerFactory' defined in class path resource [org/springframework/boot/hibernate/autoconfigure/HibernateJpaConfiguration.class]: Unable to create requested service [org.hibernate.engine.jdbc.env.spi.JdbcEnvironment] due to: Unable to determine Dialect without JDBC metadata (please set 'jakarta.persistence.jdbc.url' for common cases or 'hibernate.dialect' when a custom Dialect implementation must be provided)
	at org.springframework.beans.factory.support.AbstractAutowireCapableBeanFactory.initializeBean(AbstractAutowireCapableBeanFactory.java:1817)
	at org.springframework.beans.factory.support.AbstractAutowireCapableBeanFactory.doCreateBean(AbstractAutowireCapableBeanFactory.java:603)
	at org.springframework.beans.factory.support.AbstractAutowireCapableBeanFactory.createBean(AbstractAutowireCapableBeanFactory.java:525)
	at org.springframework.beans.factory.support.AbstractBeanFactory.lambda$doGetBean$0(AbstractBeanFactory.java:333)
	at org.springframework.beans.factory.support.DefaultSingletonBeanRegistry.getSingleton(DefaultSingletonBeanRegistry.java:371)
	at org.springframework.beans.factory.support.AbstractBeanFactory.doGetBean(AbstractBeanFactory.java:331)
	at org.springframework.beans.factory.support.AbstractBeanFactory.getBean(AbstractBeanFactory.java:201)
	at org.springframework.context.support.AbstractApplicationContext.finishBeanFactoryInitialization(AbstractApplicationContext.java:977)
	at org.springframework.context.support.AbstractApplicationContext.refresh(AbstractApplicationContext.java:621)
	at org.springframework.boot.SpringApplication.refresh(SpringApplication.java:756)
	at org.springframework.boot.SpringApplication.refreshContext(SpringApplication.java:445)
	at org.springframework.boot.SpringApplication.run(SpringApplication.java:321)
	at org.springframework.boot.test.context.SpringBootContextLoader.lambda$loadContext$2(SpringBootContextLoader.java:155)
	at org.springframework.util.function.ThrowingSupplier.get(ThrowingSupplier.java:58)
	at org.springframework.util.function.ThrowingSupplier.get(ThrowingSupplier.java:46)
	at org.springframework.boot.SpringApplication.withHook(SpringApplication.java:1465)
	at org.springframework.boot.test.context.SpringBootContextLoader$ContextLoaderHook.run(SpringBootContextLoader.java:600)
	at org.springframework.boot.test.context.SpringBootContextLoader.loadContext(SpringBootContextLoader.java:155)
	at org.springframework.boot.test.context.SpringBootContextLoader.loadContext(SpringBootContextLoader.java:114)
	at org.springframework.test.context.cache.DefaultCacheAwareContextLoaderDelegate.loadContextInternal(DefaultCacheAwareContextLoaderDelegate.java:247)
	at org.springframework.test.context.cache.DefaultCacheAwareContextLoaderDelegate.lambda$loadContext$0(DefaultCacheAwareContextLoaderDelegate.java:167)
	... 88 more
Caused by: org.hibernate.service.spi.ServiceException: Unable to create requested service [org.hibernate.engine.jdbc.env.spi.JdbcEnvironment] due to: Unable to determine Dialect without JDBC metadata (please set 'jakarta.persistence.jdbc.url' for common cases or 'hibernate.dialect' when a custom Dialect implementation must be provided)
	at org.hibernate.service.internal.AbstractServiceRegistryImpl.createService(AbstractServiceRegistryImpl.java:273)
	at org.hibernate.service.internal.AbstractServiceRegistryImpl.initializeService(AbstractServiceRegistryImpl.java:235)
	at org.hibernate.service.internal.AbstractServiceRegistryImpl.getService(AbstractServiceRegistryImpl.java:212)
	at org.hibernate.boot.model.relational.Database.<init>(Database.java:44)
	at org.hibernate.boot.internal.InFlightMetadataCollectorImpl.getDatabase(InFlightMetadataCollectorImpl.java:251)
	at org.hibernate.boot.internal.InFlightMetadataCollectorImpl.<init>(InFlightMetadataCollectorImpl.java:203)
	at org.hibernate.boot.model.process.spi.MetadataBuildingProcess.complete(MetadataBuildingProcess.java:172)
	at org.hibernate.jpa.boot.internal.EntityManagerFactoryBuilderImpl.metadata(EntityManagerFactoryBuilderImpl.java:1392)
	at org.hibernate.jpa.boot.internal.EntityManagerFactoryBuilderImpl.populateSessionFactoryBuilder(EntityManagerFactoryBuilderImpl.java:1472)
	at org.hibernate.jpa.boot.internal.EntityManagerFactoryBuilderImpl.build(EntityManagerFactoryBuilderImpl.java:1454)
	at org.springframework.orm.jpa.vendor.SpringHibernateJpaPersistenceProvider.createContainerEntityManagerFactory(SpringHibernateJpaPersistenceProvider.java:93)
	at org.springframework.orm.jpa.LocalContainerEntityManagerFactoryBean.createNativeEntityManagerFactory(LocalContainerEntityManagerFactoryBean.java:443)
	at org.springframework.orm.jpa.AbstractEntityManagerFactoryBean.buildNativeEntityManagerFactory(AbstractEntityManagerFactoryBean.java:436)
	at org.springframework.orm.jpa.AbstractEntityManagerFactoryBean.afterPropertiesSet(AbstractEntityManagerFactoryBean.java:411)
	at org.springframework.orm.jpa.LocalContainerEntityManagerFactoryBean.afterPropertiesSet(LocalContainerEntityManagerFactoryBean.java:419)
	at org.springframework.beans.factory.support.AbstractAutowireCapableBeanFactory.invokeInitMethods(AbstractAutowireCapableBeanFactory.java:1864)
	at org.springframework.beans.factory.support.AbstractAutowireCapableBeanFactory.initializeBean(AbstractAutowireCapableBeanFactory.java:1813)
	... 108 more
Caused by: org.hibernate.HibernateException: Unable to determine Dialect without JDBC metadata (please set 'jakarta.persistence.jdbc.url' for common cases or 'hibernate.dialect' when a custom Dialect implementation must be provided)
	at org.hibernate.engine.jdbc.dialect.internal.DialectFactoryImpl.determineDialect(DialectFactoryImpl.java:190)
	at org.hibernate.engine.jdbc.dialect.internal.DialectFactoryImpl.buildDialect(DialectFactoryImpl.java:86)
	at org.hibernate.engine.jdbc.env.internal.JdbcEnvironmentInitiator.getJdbcEnvironmentWithDefaults(JdbcEnvironmentInitiator.java:200)
	at org.hibernate.engine.jdbc.env.internal.JdbcEnvironmentInitiator.getJdbcEnvironmentUsingJdbcMetadata(JdbcEnvironmentInitiator.java:452)
	at org.hibernate.engine.jdbc.env.internal.JdbcEnvironmentInitiator.getJdbcEnvironment(JdbcEnvironmentInitiator.java:143)
	at org.hibernate.engine.jdbc.env.internal.JdbcEnvironmentInitiator.initiateService(JdbcEnvironmentInitiator.java:120)
	at org.hibernate.engine.jdbc.env.internal.JdbcEnvironmentInitiator.initiateService(JdbcEnvironmentInitiator.java:80)
	at org.hibernate.boot.registry.internal.StandardServiceRegistryImpl.initiateService(StandardServiceRegistryImpl.java:133)
	at org.hibernate.service.internal.AbstractServiceRegistryImpl.createService(AbstractServiceRegistryImpl.java:260)
	... 124 more
2026-09-15 17:02:01.374 [main] INFO  com.demo.Docker.DockerApplication - Starting DockerApplication using Java 17.0.7 with PID 9324 (C:\Amit singh\Docker\Docker\target\classes started by Sai in C:\Amit singh\Docker\Docker)
2026-09-15 17:02:01.382 [main] INFO  com.demo.Docker.DockerApplication - No active profile set, falling back to 1 default profile: "default"
2026-09-15 17:02:01.982 [main] INFO  org.springframework.data.repository.config.RepositoryConfigurationDelegate - Bootstrapping Spring Data JPA repositories in DEFAULT mode.
2026-09-15 17:02:02.030 [main] INFO  org.springframework.data.repository.config.RepositoryConfigurationDelegate - Finished Spring Data repository scanning in 38 ms. Found 1 JPA repository interface.
2026-09-15 17:02:02.381 [main] INFO  org.springframework.boot.tomcat.TomcatWebServer - Tomcat initialized with port 9087 (http)
2026-09-15 17:02:02.395 [main] INFO  org.apache.coyote.http11.Http11NioProtocol - Initializing ProtocolHandler ["http-nio-9087"]
2026-09-15 17:02:02.396 [main] INFO  org.apache.catalina.core.StandardService - Starting service [Tomcat]
2026-09-15 17:02:02.396 [main] INFO  org.apache.catalina.core.StandardEngine - Starting Servlet engine: [Apache Tomcat/11.0.20]
2026-09-15 17:02:02.449 [main] INFO  org.springframework.boot.web.context.servlet.WebApplicationContextInitializer - Root WebApplicationContext: initialization completed in 1011 ms
2026-09-15 17:02:02.674 [main] INFO  org.hibernate.orm.jpa - HHH008540: Processing PersistenceUnitInfo [name: default]
2026-09-15 17:02:02.733 [main] INFO  org.hibernate.orm.core - HHH000001: Hibernate ORM core version 7.2.7.Final
2026-09-15 17:02:03.197 [main] INFO  org.springframework.orm.jpa.persistenceunit.SpringPersistenceUnitInfo - No LoadTimeWeaver setup: ignoring JPA class transformer
2026-09-15 17:02:03.230 [main] INFO  com.zaxxer.hikari.HikariDataSource - HikariPool-1 - Starting...
2026-09-15 17:02:04.848 [main] INFO  com.zaxxer.hikari.pool.HikariPool - HikariPool-1 - Added connection oracle.jdbc.driver.T4CConnection@3a13f663
2026-09-15 17:02:04.850 [main] INFO  com.zaxxer.hikari.HikariDataSource - HikariPool-1 - Start completed.
2026-09-15 17:02:05.201 [main] WARN  org.hibernate.orm.jdbc - HHH100123: Low default JDBC fetch size: 10 (consider setting 'hibernate.jdbc.fetch_size')
2026-09-15 17:02:05.208 [main] INFO  org.hibernate.orm.connections.pooling - HHH10001005: Database info:
	Database JDBC URL [jdbc:oracle:thin:@//localhost:1521/orcl]
	Database driver: Oracle JDBC driver
	Database dialect: OracleDialect
	Database version: 21.3
	Default catalog/schema: undefined/C##MYAPP
	Autocommit mode: undefined/unknown
	Isolation level: READ_COMMITTED [default READ_COMMITTED]
	JDBC fetch size: 10
	Pool: DataSourceConnectionProvider
	Minimum pool size: undefined/unknown
	Maximum pool size: undefined/unknown
2026-09-15 17:02:06.096 [main] INFO  org.hibernate.orm.core - HHH000489: No JTA platform available (set 'hibernate.transaction.jta.platform' to enable JTA platform integration)
2026-09-15 17:02:06.453 [main] INFO  org.springframework.orm.jpa.LocalContainerEntityManagerFactoryBean - Initialized JPA EntityManagerFactory for persistence unit 'default'
2026-09-15 17:02:06.517 [main] INFO  org.springframework.data.jpa.repository.query.QueryEnhancerFactories - Hibernate is in classpath; If applicable, HQL parser will be used.
2026-09-15 17:02:06.689 [main] WARN  org.springframework.boot.jpa.autoconfigure.JpaBaseConfiguration$JpaWebConfiguration - spring.jpa.open-in-view is enabled by default. Therefore, database queries may be performed during view rendering. Explicitly configure spring.jpa.open-in-view to disable this warning
2026-09-15 17:02:06.994 [main] INFO  org.apache.coyote.http11.Http11NioProtocol - Starting ProtocolHandler ["http-nio-9087"]
2026-09-15 17:02:07.021 [main] INFO  org.springframework.boot.tomcat.TomcatWebServer - Tomcat started on port 9087 (http) with context path '/'
2026-09-15 17:02:07.029 [main] INFO  com.demo.Docker.DockerApplication - Started DockerApplication in 6.015 seconds (process running for 8.027)
2026-09-15 17:02:17.545 [http-nio-9087-exec-2] INFO  org.apache.catalina.core.ContainerBase.[Tomcat].[localhost].[/] - Initializing Spring DispatcherServlet 'dispatcherServlet'
2026-09-15 17:02:17.545 [http-nio-9087-exec-2] INFO  org.springframework.web.servlet.DispatcherServlet - Initializing Servlet 'dispatcherServlet'
2026-09-15 17:02:17.547 [http-nio-9087-exec-2] INFO  org.springframework.web.servlet.DispatcherServlet - Completed initialization in 2 ms
2026-09-15 17:02:18.644 [http-nio-9087-exec-2] INFO  com.demo.Docker.controller.DockerController - Optional[ClientCodeDtls(id=com.demo.Docker.model.ClientIdentity@161f9785, ccdMobile=9372346960, ccdPan=KHSPS8247D, ccdEmail=virsingh937234@gmail.com, ccdOptForUpi=NA, ccdGender=null, ccdMarital=S, ccdFatherName=Omprakash singh, ccdCategory=1, ccdClientType=CLIENT, ccdClientStatus=A, ccddob=null, ccdCountry=INDIA, ccdPriDepo=null, ccdDepoName=NSDL, ccdDepoId=null, ccdBenfAcc=null, ccdDepoName2=null, ccdDepoId2=null, ccdBenfAcc2=null, ccdDepoName3=null, ccdDepoId3=null, ccdBenfAcc3=null, ccdDepoName4=null, ccdDepoId4=null, ccdBenfAcc4=null, ccdDepoName5=null, ccdDepoId5=null, ccdBenfAcc5=null, ccdPribnk=null, ccdBankName=null, ccdBankIfsc=null, ccdBnkAcc=null, ccdBankName2=null, ccdBankIfsc2=null, ccdBnkAcc2=null, ccdBankName3=null, ccdBankIfsc3=null, ccdBnkAcc3=null, ccdBankName4=null, ccdBankIfsc4=null, ccdBnkAcc4=null, ccdBankName5=null, ccdBankIfsc5=null, ccdBnkAcc5=null, ccdupdBy=API, createdDate=null, updatedDate=null, ccdNameDesc=null, ccdNomFlag=null, ccdNetWorth=null, ccdPep=null, ccdPoi=69, ccdOccupation=null, ccdCin=null, ccdRelationship=null, ccdFacilityType=null, ccdProofType=null, ccdProofNo=null)]
2026-09-15 17:21:12.638 [RMI TCP Connection(24)-127.0.0.1] INFO  org.springframework.boot.admin.SpringApplicationAdminMXBeanRegistrar$SpringApplicationAdmin - Application shutdown requested.
2026-09-15 17:21:12.638 [RMI TCP Connection(22)-127.0.0.1] INFO  org.springframework.boot.admin.SpringApplicationAdminMXBeanRegistrar$SpringApplicationAdmin - Application shutdown requested.
2026-09-15 17:21:12.786 [RMI TCP Connection(22)-127.0.0.1] INFO  org.springframework.boot.tomcat.GracefulShutdown - Commencing graceful shutdown. Waiting for active requests to complete
2026-09-15 17:21:12.826 [tomcat-shutdown] INFO  org.apache.coyote.http11.Http11NioProtocol - Pausing ProtocolHandler ["http-nio-9087"]
2026-09-15 17:21:13.157 [tomcat-shutdown] INFO  org.springframework.boot.tomcat.GracefulShutdown - Graceful shutdown complete
2026-09-15 17:21:13.162 [RMI TCP Connection(22)-127.0.0.1] INFO  org.apache.coyote.http11.Http11NioProtocol - Stopping ProtocolHandler ["http-nio-9087"]
2026-09-15 17:21:13.191 [RMI TCP Connection(22)-127.0.0.1] INFO  org.springframework.orm.jpa.LocalContainerEntityManagerFactoryBean - Closing JPA EntityManagerFactory for persistence unit 'default'
2026-09-15 17:21:13.220 [RMI TCP Connection(22)-127.0.0.1] INFO  com.zaxxer.hikari.HikariDataSource - HikariPool-1 - Shutdown initiated...
2026-09-15 17:21:13.435 [RMI TCP Connection(22)-127.0.0.1] INFO  com.zaxxer.hikari.HikariDataSource - HikariPool-1 - Shutdown completed.
2026-09-15 17:21:49.909 [main] INFO  org.springframework.test.context.support.AnnotationConfigContextLoaderUtils - Could not detect default configuration classes for test class [com.demo.Docker.DockerApplicationTests]: DockerApplicationTests does not declare any static, non-private, non-final, nested classes annotated with @Configuration.
2026-09-15 17:21:50.030 [main] INFO  org.springframework.boot.test.context.SpringBootTestContextBootstrapper - Found @SpringBootConfiguration com.demo.Docker.DockerApplication for test class com.demo.Docker.DockerApplicationTests
2026-09-15 17:21:50.152 [main] INFO  org.springframework.test.context.support.AnnotationConfigContextLoaderUtils - Could not detect default configuration classes for test class [com.demo.Docker.DockerApplicationTests]: DockerApplicationTests does not declare any static, non-private, non-final, nested classes annotated with @Configuration.
2026-09-15 17:21:50.154 [main] INFO  org.springframework.boot.test.context.SpringBootTestContextBootstrapper - Found @SpringBootConfiguration com.demo.Docker.DockerApplication for test class com.demo.Docker.DockerApplicationTests
2026-09-15 17:21:50.529 [main] INFO  com.demo.Docker.DockerApplicationTests - Starting DockerApplicationTests using Java 17.0.7 with PID 1404 (started by Sai in C:\Amit singh\Docker\Docker)
2026-09-15 17:21:50.534 [main] INFO  com.demo.Docker.DockerApplicationTests - No active profile set, falling back to 1 default profile: "default"
2026-09-15 17:21:51.350 [main] INFO  org.springframework.data.repository.config.RepositoryConfigurationDelegate - Bootstrapping Spring Data JPA repositories in DEFAULT mode.
2026-09-15 17:21:51.418 [main] INFO  org.springframework.data.repository.config.RepositoryConfigurationDelegate - Finished Spring Data repository scanning in 56 ms. Found 1 JPA repository interface.
2026-09-15 17:21:51.939 [main] INFO  org.hibernate.orm.jpa - HHH008540: Processing PersistenceUnitInfo [name: default]
2026-09-15 17:21:52.011 [main] INFO  org.hibernate.orm.core - HHH000001: Hibernate ORM core version 7.2.7.Final
2026-09-15 17:21:53.051 [main] INFO  org.springframework.orm.jpa.persistenceunit.SpringPersistenceUnitInfo - No LoadTimeWeaver setup: ignoring JPA class transformer
2026-09-15 17:21:53.120 [main] INFO  com.zaxxer.hikari.HikariDataSource - HikariPool-1 - Starting...
2026-09-15 17:21:54.484 [main] WARN  org.hibernate.orm.jdbc.error - HHH000247: ErrorCode: 12514, SQLState: 08006
2026-09-15 17:21:54.485 [main] WARN  org.hibernate.orm.jdbc.error - ORA-12514: Cannot connect to database. Service FREEPDB1 is not registered with the listener at host localhost port 1521. (CONNECTION_ID=FUk38lbyRw26DiQpem7Mcw==)
https://docs.oracle.com/error-help/db/ora-12514/
2026-09-15 17:21:54.486 [main] WARN  org.hibernate.orm.jdbc - HHH100046: Could not obtain connection to query JDBC database metadata
org.hibernate.exception.JDBCConnectionException: Unable to obtain isolated JDBC connection [ORA-12514: Cannot connect to database. Service FREEPDB1 is not registered with the listener at host localhost port 1521. (CONNECTION_ID=FUk38lbyRw26DiQpem7Mcw==)
https://docs.oracle.com/error-help/db/ora-12514/] [n/a]
	at org.hibernate.exception.internal.SQLStateConversionDelegate.convert(SQLStateConversionDelegate.java:80)
	at org.hibernate.exception.internal.StandardSQLExceptionConverter.convert(StandardSQLExceptionConverter.java:34)
	at org.hibernate.engine.jdbc.spi.SqlExceptionHelper.convert(SqlExceptionHelper.java:115)
	at org.hibernate.engine.jdbc.spi.SqlExceptionHelper.convert(SqlExceptionHelper.java:101)
	at org.hibernate.resource.transaction.backend.jdbc.internal.JdbcIsolationDelegate.delegateWork(JdbcIsolationDelegate.java:51)
	at org.hibernate.engine.jdbc.env.internal.JdbcEnvironmentInitiator.getJdbcEnvironmentUsingJdbcMetadata(JdbcEnvironmentInitiator.java:366)
	at org.hibernate.engine.jdbc.env.internal.JdbcEnvironmentInitiator.getJdbcEnvironment(JdbcEnvironmentInitiator.java:143)
	at org.hibernate.engine.jdbc.env.internal.JdbcEnvironmentInitiator.initiateService(JdbcEnvironmentInitiator.java:120)
	at org.hibernate.engine.jdbc.env.internal.JdbcEnvironmentInitiator.initiateService(JdbcEnvironmentInitiator.java:80)
	at org.hibernate.boot.registry.internal.StandardServiceRegistryImpl.initiateService(StandardServiceRegistryImpl.java:133)
	at org.hibernate.service.internal.AbstractServiceRegistryImpl.createService(AbstractServiceRegistryImpl.java:260)
	at org.hibernate.service.internal.AbstractServiceRegistryImpl.initializeService(AbstractServiceRegistryImpl.java:235)
	at org.hibernate.service.internal.AbstractServiceRegistryImpl.getService(AbstractServiceRegistryImpl.java:212)
	at org.hibernate.boot.model.relational.Database.<init>(Database.java:44)
	at org.hibernate.boot.internal.InFlightMetadataCollectorImpl.getDatabase(InFlightMetadataCollectorImpl.java:251)
	at org.hibernate.boot.internal.InFlightMetadataCollectorImpl.<init>(InFlightMetadataCollectorImpl.java:203)
	at org.hibernate.boot.model.process.spi.MetadataBuildingProcess.complete(MetadataBuildingProcess.java:172)
	at org.hibernate.jpa.boot.internal.EntityManagerFactoryBuilderImpl.metadata(EntityManagerFactoryBuilderImpl.java:1392)
	at org.hibernate.jpa.boot.internal.EntityManagerFactoryBuilderImpl.populateSessionFactoryBuilder(EntityManagerFactoryBuilderImpl.java:1472)
	at org.hibernate.jpa.boot.internal.EntityManagerFactoryBuilderImpl.build(EntityManagerFactoryBuilderImpl.java:1454)
	at org.springframework.orm.jpa.vendor.SpringHibernateJpaPersistenceProvider.createContainerEntityManagerFactory(SpringHibernateJpaPersistenceProvider.java:93)
	at org.springframework.orm.jpa.LocalContainerEntityManagerFactoryBean.createNativeEntityManagerFactory(LocalContainerEntityManagerFactoryBean.java:443)
	at org.springframework.orm.jpa.AbstractEntityManagerFactoryBean.buildNativeEntityManagerFactory(AbstractEntityManagerFactoryBean.java:436)
	at org.springframework.orm.jpa.AbstractEntityManagerFactoryBean.afterPropertiesSet(AbstractEntityManagerFactoryBean.java:411)
	at org.springframework.orm.jpa.LocalContainerEntityManagerFactoryBean.afterPropertiesSet(LocalContainerEntityManagerFactoryBean.java:419)
	at org.springframework.beans.factory.support.AbstractAutowireCapableBeanFactory.invokeInitMethods(AbstractAutowireCapableBeanFactory.java:1864)
	at org.springframework.beans.factory.support.AbstractAutowireCapableBeanFactory.initializeBean(AbstractAutowireCapableBeanFactory.java:1813)
	at org.springframework.beans.factory.support.AbstractAutowireCapableBeanFactory.doCreateBean(AbstractAutowireCapableBeanFactory.java:603)
	at org.springframework.beans.factory.support.AbstractAutowireCapableBeanFactory.createBean(AbstractAutowireCapableBeanFactory.java:525)
	at org.springframework.beans.factory.support.AbstractBeanFactory.lambda$doGetBean$0(AbstractBeanFactory.java:333)
	at org.springframework.beans.factory.support.DefaultSingletonBeanRegistry.getSingleton(DefaultSingletonBeanRegistry.java:371)
	at org.springframework.beans.factory.support.AbstractBeanFactory.doGetBean(AbstractBeanFactory.java:331)
	at org.springframework.beans.factory.support.AbstractBeanFactory.getBean(AbstractBeanFactory.java:201)
	at org.springframework.context.support.AbstractApplicationContext.finishBeanFactoryInitialization(AbstractApplicationContext.java:977)
	at org.springframework.context.support.AbstractApplicationContext.refresh(AbstractApplicationContext.java:621)
	at org.springframework.boot.SpringApplication.refresh(SpringApplication.java:756)
	at org.springframework.boot.SpringApplication.refreshContext(SpringApplication.java:445)
	at org.springframework.boot.SpringApplication.run(SpringApplication.java:321)
	at org.springframework.boot.test.context.SpringBootContextLoader.lambda$loadContext$2(SpringBootContextLoader.java:155)
	at org.springframework.util.function.ThrowingSupplier.get(ThrowingSupplier.java:58)
	at org.springframework.util.function.ThrowingSupplier.get(ThrowingSupplier.java:46)
	at org.springframework.boot.SpringApplication.withHook(SpringApplication.java:1465)
	at org.springframework.boot.test.context.SpringBootContextLoader$ContextLoaderHook.run(SpringBootContextLoader.java:600)
	at org.springframework.boot.test.context.SpringBootContextLoader.loadContext(SpringBootContextLoader.java:155)
	at org.springframework.boot.test.context.SpringBootContextLoader.loadContext(SpringBootContextLoader.java:114)
	at org.springframework.test.context.cache.DefaultCacheAwareContextLoaderDelegate.loadContextInternal(DefaultCacheAwareContextLoaderDelegate.java:247)
	at org.springframework.test.context.cache.DefaultCacheAwareContextLoaderDelegate.lambda$loadContext$0(DefaultCacheAwareContextLoaderDelegate.java:167)
	at org.springframework.test.context.cache.DefaultContextCache.put(DefaultContextCache.java:214)
	at org.springframework.test.context.cache.DefaultCacheAwareContextLoaderDelegate.loadContext(DefaultCacheAwareContextLoaderDelegate.java:160)
	at org.springframework.test.context.support.DefaultTestContext.getApplicationContext(DefaultTestContext.java:128)
	at org.springframework.test.context.web.ServletTestExecutionListener.setUpRequestContextIfNecessary(ServletTestExecutionListener.java:200)
	at org.springframework.test.context.web.ServletTestExecutionListener.prepareTestInstance(ServletTestExecutionListener.java:139)
	at org.springframework.test.context.TestContextManager.prepareTestInstance(TestContextManager.java:260)
	at org.springframework.test.context.junit.jupiter.SpringExtension.postProcessTestInstance(SpringExtension.java:210)
	at org.junit.jupiter.engine.descriptor.ClassBasedTestDescriptor.lambda$invokeTestInstancePostProcessors$1(ClassBasedTestDescriptor.java:423)
	at org.junit.jupiter.engine.descriptor.ClassBasedTestDescriptor.executeAndMaskThrowable(ClassBasedTestDescriptor.java:428)
	at org.junit.jupiter.engine.descriptor.ClassBasedTestDescriptor.lambda$invokeTestInstancePostProcessors$0(ClassBasedTestDescriptor.java:422)
	at java.base/java.util.stream.ForEachOps$ForEachOp$OfRef.accept(ForEachOps.java:183)
	at java.base/java.util.stream.ReferencePipeline$3$1.accept(ReferencePipeline.java:197)
	at java.base/java.util.stream.ReferencePipeline$2$1.accept(ReferencePipeline.java:179)
	at java.base/java.util.stream.ReferencePipeline$3$1.accept(ReferencePipeline.java:197)
	at java.base/java.util.ArrayList$ArrayListSpliterator.forEachRemaining(ArrayList.java:1625)
	at java.base/java.util.stream.AbstractPipeline.copyInto(AbstractPipeline.java:509)
	at java.base/java.util.stream.AbstractPipeline.wrapAndCopyInto(AbstractPipeline.java:499)
	at java.base/java.util.stream.ForEachOps$ForEachOp.evaluateSequential(ForEachOps.java:150)
	at java.base/java.util.stream.ForEachOps$ForEachOp$OfRef.evaluateSequential(ForEachOps.java:173)
	at java.base/java.util.stream.AbstractPipeline.evaluate(AbstractPipeline.java:234)
	at java.base/java.util.stream.ReferencePipeline.forEach(ReferencePipeline.java:596)
	at org.junit.jupiter.engine.descriptor.ClassBasedTestDescriptor.invokeTestInstancePostProcessors(ClassBasedTestDescriptor.java:422)
	at org.junit.jupiter.engine.descriptor.ClassBasedTestDescriptor.lambda$instantiateAndPostProcessTestInstance$0(ClassBasedTestDescriptor.java:334)
	at org.junit.platform.engine.support.hierarchical.ThrowableCollector.execute(ThrowableCollector.java:74)
	at org.junit.jupiter.engine.descriptor.ClassBasedTestDescriptor.instantiateAndPostProcessTestInstance(ClassBasedTestDescriptor.java:333)
	at org.junit.jupiter.engine.descriptor.ClassBasedTestDescriptor.lambda$testInstancesProvider$1(ClassBasedTestDescriptor.java:322)
	at java.base/java.util.Optional.orElseGet(Optional.java:364)
	at org.junit.jupiter.engine.descriptor.ClassBasedTestDescriptor.lambda$testInstancesProvider$0(ClassBasedTestDescriptor.java:321)
	at org.junit.jupiter.engine.execution.TestInstancesProvider.getTestInstances(TestInstancesProvider.java:27)
	at org.junit.jupiter.engine.descriptor.TestMethodTestDescriptor.lambda$prepare$0(TestMethodTestDescriptor.java:127)
	at org.junit.platform.engine.support.hierarchical.ThrowableCollector.execute(ThrowableCollector.java:74)
	at org.junit.jupiter.engine.descriptor.TestMethodTestDescriptor.prepare(TestMethodTestDescriptor.java:126)
	at org.junit.jupiter.engine.descriptor.TestMethodTestDescriptor.prepare(TestMethodTestDescriptor.java:70)
	at org.junit.platform.engine.support.hierarchical.NodeTestTask.lambda$prepare$0(NodeTestTask.java:144)
	at org.junit.platform.engine.support.hierarchical.ThrowableCollector.execute(ThrowableCollector.java:74)
	at org.junit.platform.engine.support.hierarchical.NodeTestTask.prepare(NodeTestTask.java:144)
	at org.junit.platform.engine.support.hierarchical.NodeTestTask.execute(NodeTestTask.java:110)
	at java.base/java.util.ArrayList.forEach(ArrayList.java:1511)
	at org.junit.platform.engine.support.hierarchical.SameThreadHierarchicalTestExecutorService.invokeAll(SameThreadHierarchicalTestExecutorService.java:42)
	at org.junit.platform.engine.support.hierarchical.NodeTestTask.lambda$executeRecursively$2(NodeTestTask.java:180)
	at org.junit.platform.engine.support.hierarchical.ThrowableCollector.execute(ThrowableCollector.java:74)
	at org.junit.platform.engine.support.hierarchical.NodeTestTask.lambda$executeRecursively$1(NodeTestTask.java:166)
	at org.junit.platform.engine.support.hierarchical.Node.around(Node.java:138)
	at org.junit.platform.engine.support.hierarchical.NodeTestTask.lambda$executeRecursively$0(NodeTestTask.java:164)
	at org.junit.platform.engine.support.hierarchical.ThrowableCollector.execute(ThrowableCollector.java:74)
	at org.junit.platform.engine.support.hierarchical.NodeTestTask.executeRecursively(NodeTestTask.java:163)
	at org.junit.platform.engine.support.hierarchical.NodeTestTask.execute(NodeTestTask.java:116)
	at java.base/java.util.ArrayList.forEach(ArrayList.java:1511)
	at org.junit.platform.engine.support.hierarchical.SameThreadHierarchicalTestExecutorService.invokeAll(SameThreadHierarchicalTestExecutorService.java:42)
	at org.junit.platform.engine.support.hierarchical.NodeTestTask.lambda$executeRecursively$2(NodeTestTask.java:180)
	at org.junit.platform.engine.support.hierarchical.ThrowableCollector.execute(ThrowableCollector.java:74)
	at org.junit.platform.engine.support.hierarchical.NodeTestTask.lambda$executeRecursively$1(NodeTestTask.java:166)
	at org.junit.platform.engine.support.hierarchical.Node.around(Node.java:138)
	at org.junit.platform.engine.support.hierarchical.NodeTestTask.lambda$executeRecursively$0(NodeTestTask.java:164)
	at org.junit.platform.engine.support.hierarchical.ThrowableCollector.execute(ThrowableCollector.java:74)
	at org.junit.platform.engine.support.hierarchical.NodeTestTask.executeRecursively(NodeTestTask.java:163)
	at org.junit.platform.engine.support.hierarchical.NodeTestTask.execute(NodeTestTask.java:116)
	at org.junit.platform.engine.support.hierarchical.SameThreadHierarchicalTestExecutorService.submit(SameThreadHierarchicalTestExecutorService.java:36)
	at org.junit.platform.engine.support.hierarchical.HierarchicalTestExecutor.execute(HierarchicalTestExecutor.java:52)
	at org.junit.platform.engine.support.hierarchical.HierarchicalTestEngine.execute(HierarchicalTestEngine.java:58)
	at org.junit.platform.launcher.core.EngineExecutionOrchestrator.executeEngine(EngineExecutionOrchestrator.java:246)
	at org.junit.platform.launcher.core.EngineExecutionOrchestrator.failOrExecuteEngine(EngineExecutionOrchestrator.java:218)
	at org.junit.platform.launcher.core.EngineExecutionOrchestrator.execute(EngineExecutionOrchestrator.java:179)
	at org.junit.platform.launcher.core.EngineExecutionOrchestrator.execute(EngineExecutionOrchestrator.java:108)
	at org.junit.platform.launcher.core.EngineExecutionOrchestrator.lambda$execute$0(EngineExecutionOrchestrator.java:66)
	at org.junit.platform.launcher.core.EngineExecutionOrchestrator.withInterceptedStreams(EngineExecutionOrchestrator.java:157)
	at org.junit.platform.launcher.core.EngineExecutionOrchestrator.execute(EngineExecutionOrchestrator.java:65)
	at org.junit.platform.launcher.core.DefaultLauncher.execute(DefaultLauncher.java:125)
	at org.junit.platform.launcher.core.DefaultLauncher.execute(DefaultLauncher.java:114)
	at org.junit.platform.launcher.core.DelegatingLauncher.execute(DelegatingLauncher.java:58)
	at org.junit.platform.launcher.core.InterceptingLauncher.lambda$execute$2(InterceptingLauncher.java:57)
	at org.junit.platform.launcher.core.ClasspathAlignmentCheckingLauncherInterceptor.intercept(ClasspathAlignmentCheckingLauncherInterceptor.java:25)
	at org.junit.platform.launcher.core.InterceptingLauncher.execute(InterceptingLauncher.java:56)
	at org.junit.platform.launcher.core.DelegatingLauncher.execute(DelegatingLauncher.java:58)
	at java.base/jdk.internal.reflect.NativeMethodAccessorImpl.invoke0(Native Method)
	at java.base/jdk.internal.reflect.NativeMethodAccessorImpl.invoke(NativeMethodAccessorImpl.java:77)
	at java.base/jdk.internal.reflect.DelegatingMethodAccessorImpl.invoke(DelegatingMethodAccessorImpl.java:43)
	at java.base/java.lang.reflect.Method.invoke(Method.java:568)
	at org.apache.maven.surefire.api.util.ReflectionUtils.invokeMethodWithArray(ReflectionUtils.java:125)
	at org.apache.maven.surefire.junitplatform.LauncherAdapter.executeWithCancellationToken(LauncherAdapter.java:68)
	at org.apache.maven.surefire.junitplatform.LauncherAdapter.execute(LauncherAdapter.java:54)
	at org.apache.maven.surefire.junitplatform.JUnitPlatformProvider.execute(JUnitPlatformProvider.java:203)
	at org.apache.maven.surefire.junitplatform.JUnitPlatformProvider.invokeAllTests(JUnitPlatformProvider.java:168)
	at org.apache.maven.surefire.junitplatform.JUnitPlatformProvider.invoke(JUnitPlatformProvider.java:136)
	at org.apache.maven.surefire.booter.ForkedBooter.runSuitesInProcess(ForkedBooter.java:385)
	at org.apache.maven.surefire.booter.ForkedBooter.execute(ForkedBooter.java:162)
	at org.apache.maven.surefire.booter.ForkedBooter.run(ForkedBooter.java:507)
	at org.apache.maven.surefire.booter.ForkedBooter.main(ForkedBooter.java:495)
Caused by: java.sql.SQLRecoverableException: ORA-12514: Cannot connect to database. Service FREEPDB1 is not registered with the listener at host localhost port 1521. (CONNECTION_ID=FUk38lbyRw26DiQpem7Mcw==)
https://docs.oracle.com/error-help/db/ora-12514/
	at oracle.jdbc.driver.T4CConnection.handleLogonNetException(T4CConnection.java:1912)
	at oracle.jdbc.driver.T4CConnection.logon(T4CConnection.java:1228)
	at oracle.jdbc.driver.PhysicalConnection.connect(PhysicalConnection.java:1210)
	at oracle.jdbc.driver.T4CDriverExtension.getConnection(T4CDriverExtension.java:106)
	at oracle.jdbc.driver.OracleDriver.connect(OracleDriver.java:887)
	at oracle.jdbc.driver.OracleDriver.connect(OracleDriver.java:694)
	at com.zaxxer.hikari.util.DriverDataSource.getConnection(DriverDataSource.java:144)
	at com.zaxxer.hikari.pool.PoolBase.newConnection(PoolBase.java:373)
	at com.zaxxer.hikari.pool.PoolBase.newPoolEntry(PoolBase.java:210)
	at com.zaxxer.hikari.pool.HikariPool.createPoolEntry(HikariPool.java:488)
	at com.zaxxer.hikari.pool.HikariPool.checkFailFast(HikariPool.java:576)
	at com.zaxxer.hikari.pool.HikariPool.<init>(HikariPool.java:97)
	at com.zaxxer.hikari.HikariDataSource.getConnection(HikariDataSource.java:111)
	at org.hibernate.engine.jdbc.connections.internal.DataSourceConnectionProvider.getConnection(DataSourceConnectionProvider.java:137)
	at org.hibernate.engine.jdbc.env.internal.JdbcEnvironmentInitiator$ConnectionProviderJdbcConnectionAccess.obtainConnection(JdbcEnvironmentInitiator.java:508)
	at org.hibernate.resource.transaction.backend.jdbc.internal.JdbcIsolationDelegate.delegateWork(JdbcIsolationDelegate.java:48)
	... 130 more
Caused by: oracle.net.ns.NetException: ORA-12514: Cannot connect to database. Service FREEPDB1 is not registered with the listener at host localhost port 1521. (CONNECTION_ID=FUk38lbyRw26DiQpem7Mcw==)
https://docs.oracle.com/error-help/db/ora-12514/
	at oracle.net.ns.NSProtocolNIO.createRefusePacketException(NSProtocolNIO.java:952)
	at oracle.net.ns.NSProtocolNIO.handleConnectPacketResponse(NSProtocolNIO.java:496)
	at oracle.net.ns.NSProtocolNIO.negotiateConnection(NSProtocolNIO.java:286)
	at oracle.net.ns.NSProtocol.connect(NSProtocol.java:365)
	at oracle.jdbc.driver.T4CConnection.connectNetworkSessionProtocol(T4CConnection.java:3746)
	at oracle.jdbc.driver.T4CConnection.logon(T4CConnection.java:1107)
	... 144 more
2026-09-15 17:21:54.493 [main] ERROR org.springframework.orm.jpa.LocalContainerEntityManagerFactoryBean - Failed to initialize JPA EntityManagerFactory: Unable to create requested service [org.hibernate.engine.jdbc.env.spi.JdbcEnvironment] due to: Unable to determine Dialect without JDBC metadata (please set 'jakarta.persistence.jdbc.url' for common cases or 'hibernate.dialect' when a custom Dialect implementation must be provided)
2026-09-15 17:21:54.494 [main] WARN  org.springframework.web.context.support.GenericWebApplicationContext - Exception encountered during context initialization - cancelling refresh attempt: org.springframework.beans.factory.BeanCreationException: Error creating bean with name 'entityManagerFactory' defined in class path resource [org/springframework/boot/hibernate/autoconfigure/HibernateJpaConfiguration.class]: Unable to create requested service [org.hibernate.engine.jdbc.env.spi.JdbcEnvironment] due to: Unable to determine Dialect without JDBC metadata (please set 'jakarta.persistence.jdbc.url' for common cases or 'hibernate.dialect' when a custom Dialect implementation must be provided)
2026-09-15 17:21:54.510 [main] INFO  org.springframework.boot.autoconfigure.logging.ConditionEvaluationReportLogger - 

Error starting ApplicationContext. To display the condition evaluation report re-run your application with 'debug' enabled.
2026-09-15 17:21:54.526 [main] ERROR org.springframework.boot.SpringApplication - Application run failed
org.springframework.beans.factory.BeanCreationException: Error creating bean with name 'entityManagerFactory' defined in class path resource [org/springframework/boot/hibernate/autoconfigure/HibernateJpaConfiguration.class]: Unable to create requested service [org.hibernate.engine.jdbc.env.spi.JdbcEnvironment] due to: Unable to determine Dialect without JDBC metadata (please set 'jakarta.persistence.jdbc.url' for common cases or 'hibernate.dialect' when a custom Dialect implementation must be provided)
	at org.springframework.beans.factory.support.AbstractAutowireCapableBeanFactory.initializeBean(AbstractAutowireCapableBeanFactory.java:1817)
	at org.springframework.beans.factory.support.AbstractAutowireCapableBeanFactory.doCreateBean(AbstractAutowireCapableBeanFactory.java:603)
	at org.springframework.beans.factory.support.AbstractAutowireCapableBeanFactory.createBean(AbstractAutowireCapableBeanFactory.java:525)
	at org.springframework.beans.factory.support.AbstractBeanFactory.lambda$doGetBean$0(AbstractBeanFactory.java:333)
	at org.springframework.beans.factory.support.DefaultSingletonBeanRegistry.getSingleton(DefaultSingletonBeanRegistry.java:371)
	at org.springframework.beans.factory.support.AbstractBeanFactory.doGetBean(AbstractBeanFactory.java:331)
	at org.springframework.beans.factory.support.AbstractBeanFactory.getBean(AbstractBeanFactory.java:201)
	at org.springframework.context.support.AbstractApplicationContext.finishBeanFactoryInitialization(AbstractApplicationContext.java:977)
	at org.springframework.context.support.AbstractApplicationContext.refresh(AbstractApplicationContext.java:621)
	at org.springframework.boot.SpringApplication.refresh(SpringApplication.java:756)
	at org.springframework.boot.SpringApplication.refreshContext(SpringApplication.java:445)
	at org.springframework.boot.SpringApplication.run(SpringApplication.java:321)
	at org.springframework.boot.test.context.SpringBootContextLoader.lambda$loadContext$2(SpringBootContextLoader.java:155)
	at org.springframework.util.function.ThrowingSupplier.get(ThrowingSupplier.java:58)
	at org.springframework.util.function.ThrowingSupplier.get(ThrowingSupplier.java:46)
	at org.springframework.boot.SpringApplication.withHook(SpringApplication.java:1465)
	at org.springframework.boot.test.context.SpringBootContextLoader$ContextLoaderHook.run(SpringBootContextLoader.java:600)
	at org.springframework.boot.test.context.SpringBootContextLoader.loadContext(SpringBootContextLoader.java:155)
	at org.springframework.boot.test.context.SpringBootContextLoader.loadContext(SpringBootContextLoader.java:114)
	at org.springframework.test.context.cache.DefaultCacheAwareContextLoaderDelegate.loadContextInternal(DefaultCacheAwareContextLoaderDelegate.java:247)
	at org.springframework.test.context.cache.DefaultCacheAwareContextLoaderDelegate.lambda$loadContext$0(DefaultCacheAwareContextLoaderDelegate.java:167)
	at org.springframework.test.context.cache.DefaultContextCache.put(DefaultContextCache.java:214)
	at org.springframework.test.context.cache.DefaultCacheAwareContextLoaderDelegate.loadContext(DefaultCacheAwareContextLoaderDelegate.java:160)
	at org.springframework.test.context.support.DefaultTestContext.getApplicationContext(DefaultTestContext.java:128)
	at org.springframework.test.context.web.ServletTestExecutionListener.setUpRequestContextIfNecessary(ServletTestExecutionListener.java:200)
	at org.springframework.test.context.web.ServletTestExecutionListener.prepareTestInstance(ServletTestExecutionListener.java:139)
	at org.springframework.test.context.TestContextManager.prepareTestInstance(TestContextManager.java:260)
	at org.springframework.test.context.junit.jupiter.SpringExtension.postProcessTestInstance(SpringExtension.java:210)
	at org.junit.jupiter.engine.descriptor.ClassBasedTestDescriptor.lambda$invokeTestInstancePostProcessors$1(ClassBasedTestDescriptor.java:423)
	at org.junit.jupiter.engine.descriptor.ClassBasedTestDescriptor.executeAndMaskThrowable(ClassBasedTestDescriptor.java:428)
	at org.junit.jupiter.engine.descriptor.ClassBasedTestDescriptor.lambda$invokeTestInstancePostProcessors$0(ClassBasedTestDescriptor.java:422)
	at java.base/java.util.stream.ForEachOps$ForEachOp$OfRef.accept(ForEachOps.java:183)
	at java.base/java.util.stream.ReferencePipeline$3$1.accept(ReferencePipeline.java:197)
	at java.base/java.util.stream.ReferencePipeline$2$1.accept(ReferencePipeline.java:179)
	at java.base/java.util.stream.ReferencePipeline$3$1.accept(ReferencePipeline.java:197)
	at java.base/java.util.ArrayList$ArrayListSpliterator.forEachRemaining(ArrayList.java:1625)
	at java.base/java.util.stream.AbstractPipeline.copyInto(AbstractPipeline.java:509)
	at java.base/java.util.stream.AbstractPipeline.wrapAndCopyInto(AbstractPipeline.java:499)
	at java.base/java.util.stream.ForEachOps$ForEachOp.evaluateSequential(ForEachOps.java:150)
	at java.base/java.util.stream.ForEachOps$ForEachOp$OfRef.evaluateSequential(ForEachOps.java:173)
	at java.base/java.util.stream.AbstractPipeline.evaluate(AbstractPipeline.java:234)
	at java.base/java.util.stream.ReferencePipeline.forEach(ReferencePipeline.java:596)
	at org.junit.jupiter.engine.descriptor.ClassBasedTestDescriptor.invokeTestInstancePostProcessors(ClassBasedTestDescriptor.java:422)
	at org.junit.jupiter.engine.descriptor.ClassBasedTestDescriptor.lambda$instantiateAndPostProcessTestInstance$0(ClassBasedTestDescriptor.java:334)
	at org.junit.platform.engine.support.hierarchical.ThrowableCollector.execute(ThrowableCollector.java:74)
	at org.junit.jupiter.engine.descriptor.ClassBasedTestDescriptor.instantiateAndPostProcessTestInstance(ClassBasedTestDescriptor.java:333)
	at org.junit.jupiter.engine.descriptor.ClassBasedTestDescriptor.lambda$testInstancesProvider$1(ClassBasedTestDescriptor.java:322)
	at java.base/java.util.Optional.orElseGet(Optional.java:364)
	at org.junit.jupiter.engine.descriptor.ClassBasedTestDescriptor.lambda$testInstancesProvider$0(ClassBasedTestDescriptor.java:321)
	at org.junit.jupiter.engine.execution.TestInstancesProvider.getTestInstances(TestInstancesProvider.java:27)
	at org.junit.jupiter.engine.descriptor.TestMethodTestDescriptor.lambda$prepare$0(TestMethodTestDescriptor.java:127)
	at org.junit.platform.engine.support.hierarchical.ThrowableCollector.execute(ThrowableCollector.java:74)
	at org.junit.jupiter.engine.descriptor.TestMethodTestDescriptor.prepare(TestMethodTestDescriptor.java:126)
	at org.junit.jupiter.engine.descriptor.TestMethodTestDescriptor.prepare(TestMethodTestDescriptor.java:70)
	at org.junit.platform.engine.support.hierarchical.NodeTestTask.lambda$prepare$0(NodeTestTask.java:144)
	at org.junit.platform.engine.support.hierarchical.ThrowableCollector.execute(ThrowableCollector.java:74)
	at org.junit.platform.engine.support.hierarchical.NodeTestTask.prepare(NodeTestTask.java:144)
	at org.junit.platform.engine.support.hierarchical.NodeTestTask.execute(NodeTestTask.java:110)
	at java.base/java.util.ArrayList.forEach(ArrayList.java:1511)
	at org.junit.platform.engine.support.hierarchical.SameThreadHierarchicalTestExecutorService.invokeAll(SameThreadHierarchicalTestExecutorService.java:42)
	at org.junit.platform.engine.support.hierarchical.NodeTestTask.lambda$executeRecursively$2(NodeTestTask.java:180)
	at org.junit.platform.engine.support.hierarchical.ThrowableCollector.execute(ThrowableCollector.java:74)
	at org.junit.platform.engine.support.hierarchical.NodeTestTask.lambda$executeRecursively$1(NodeTestTask.java:166)
	at org.junit.platform.engine.support.hierarchical.Node.around(Node.java:138)
	at org.junit.platform.engine.support.hierarchical.NodeTestTask.lambda$executeRecursively$0(NodeTestTask.java:164)
	at org.junit.platform.engine.support.hierarchical.ThrowableCollector.execute(ThrowableCollector.java:74)
	at org.junit.platform.engine.support.hierarchical.NodeTestTask.executeRecursively(NodeTestTask.java:163)
	at org.junit.platform.engine.support.hierarchical.NodeTestTask.execute(NodeTestTask.java:116)
	at java.base/java.util.ArrayList.forEach(ArrayList.java:1511)
	at org.junit.platform.engine.support.hierarchical.SameThreadHierarchicalTestExecutorService.invokeAll(SameThreadHierarchicalTestExecutorService.java:42)
	at org.junit.platform.engine.support.hierarchical.NodeTestTask.lambda$executeRecursively$2(NodeTestTask.java:180)
	at org.junit.platform.engine.support.hierarchical.ThrowableCollector.execute(ThrowableCollector.java:74)
	at org.junit.platform.engine.support.hierarchical.NodeTestTask.lambda$executeRecursively$1(NodeTestTask.java:166)
	at org.junit.platform.engine.support.hierarchical.Node.around(Node.java:138)
	at org.junit.platform.engine.support.hierarchical.NodeTestTask.lambda$executeRecursively$0(NodeTestTask.java:164)
	at org.junit.platform.engine.support.hierarchical.ThrowableCollector.execute(ThrowableCollector.java:74)
	at org.junit.platform.engine.support.hierarchical.NodeTestTask.executeRecursively(NodeTestTask.java:163)
	at org.junit.platform.engine.support.hierarchical.NodeTestTask.execute(NodeTestTask.java:116)
	at org.junit.platform.engine.support.hierarchical.SameThreadHierarchicalTestExecutorService.submit(SameThreadHierarchicalTestExecutorService.java:36)
	at org.junit.platform.engine.support.hierarchical.HierarchicalTestExecutor.execute(HierarchicalTestExecutor.java:52)
	at org.junit.platform.engine.support.hierarchical.HierarchicalTestEngine.execute(HierarchicalTestEngine.java:58)
	at org.junit.platform.launcher.core.EngineExecutionOrchestrator.executeEngine(EngineExecutionOrchestrator.java:246)
	at org.junit.platform.launcher.core.EngineExecutionOrchestrator.failOrExecuteEngine(EngineExecutionOrchestrator.java:218)
	at org.junit.platform.launcher.core.EngineExecutionOrchestrator.execute(EngineExecutionOrchestrator.java:179)
	at org.junit.platform.launcher.core.EngineExecutionOrchestrator.execute(EngineExecutionOrchestrator.java:108)
	at org.junit.platform.launcher.core.EngineExecutionOrchestrator.lambda$execute$0(EngineExecutionOrchestrator.java:66)
	at org.junit.platform.launcher.core.EngineExecutionOrchestrator.withInterceptedStreams(EngineExecutionOrchestrator.java:157)
	at org.junit.platform.launcher.core.EngineExecutionOrchestrator.execute(EngineExecutionOrchestrator.java:65)
	at org.junit.platform.launcher.core.DefaultLauncher.execute(DefaultLauncher.java:125)
	at org.junit.platform.launcher.core.DefaultLauncher.execute(DefaultLauncher.java:114)
	at org.junit.platform.launcher.core.DelegatingLauncher.execute(DelegatingLauncher.java:58)
	at org.junit.platform.launcher.core.InterceptingLauncher.lambda$execute$2(InterceptingLauncher.java:57)
	at org.junit.platform.launcher.core.ClasspathAlignmentCheckingLauncherInterceptor.intercept(ClasspathAlignmentCheckingLauncherInterceptor.java:25)
	at org.junit.platform.launcher.core.InterceptingLauncher.execute(InterceptingLauncher.java:56)
	at org.junit.platform.launcher.core.DelegatingLauncher.execute(DelegatingLauncher.java:58)
	at java.base/jdk.internal.reflect.NativeMethodAccessorImpl.invoke0(Native Method)
	at java.base/jdk.internal.reflect.NativeMethodAccessorImpl.invoke(NativeMethodAccessorImpl.java:77)
	at java.base/jdk.internal.reflect.DelegatingMethodAccessorImpl.invoke(DelegatingMethodAccessorImpl.java:43)
	at java.base/java.lang.reflect.Method.invoke(Method.java:568)
	at org.apache.maven.surefire.api.util.ReflectionUtils.invokeMethodWithArray(ReflectionUtils.java:125)
	at org.apache.maven.surefire.junitplatform.LauncherAdapter.executeWithCancellationToken(LauncherAdapter.java:68)
	at org.apache.maven.surefire.junitplatform.LauncherAdapter.execute(LauncherAdapter.java:54)
	at org.apache.maven.surefire.junitplatform.JUnitPlatformProvider.execute(JUnitPlatformProvider.java:203)
	at org.apache.maven.surefire.junitplatform.JUnitPlatformProvider.invokeAllTests(JUnitPlatformProvider.java:168)
	at org.apache.maven.surefire.junitplatform.JUnitPlatformProvider.invoke(JUnitPlatformProvider.java:136)
	at org.apache.maven.surefire.booter.ForkedBooter.runSuitesInProcess(ForkedBooter.java:385)
	at org.apache.maven.surefire.booter.ForkedBooter.execute(ForkedBooter.java:162)
	at org.apache.maven.surefire.booter.ForkedBooter.run(ForkedBooter.java:507)
	at org.apache.maven.surefire.booter.ForkedBooter.main(ForkedBooter.java:495)
Caused by: org.hibernate.service.spi.ServiceException: Unable to create requested service [org.hibernate.engine.jdbc.env.spi.JdbcEnvironment] due to: Unable to determine Dialect without JDBC metadata (please set 'jakarta.persistence.jdbc.url' for common cases or 'hibernate.dialect' when a custom Dialect implementation must be provided)
	at org.hibernate.service.internal.AbstractServiceRegistryImpl.createService(AbstractServiceRegistryImpl.java:273)
	at org.hibernate.service.internal.AbstractServiceRegistryImpl.initializeService(AbstractServiceRegistryImpl.java:235)
	at org.hibernate.service.internal.AbstractServiceRegistryImpl.getService(AbstractServiceRegistryImpl.java:212)
	at org.hibernate.boot.model.relational.Database.<init>(Database.java:44)
	at org.hibernate.boot.internal.InFlightMetadataCollectorImpl.getDatabase(InFlightMetadataCollectorImpl.java:251)
	at org.hibernate.boot.internal.InFlightMetadataCollectorImpl.<init>(InFlightMetadataCollectorImpl.java:203)
	at org.hibernate.boot.model.process.spi.MetadataBuildingProcess.complete(MetadataBuildingProcess.java:172)
	at org.hibernate.jpa.boot.internal.EntityManagerFactoryBuilderImpl.metadata(EntityManagerFactoryBuilderImpl.java:1392)
	at org.hibernate.jpa.boot.internal.EntityManagerFactoryBuilderImpl.populateSessionFactoryBuilder(EntityManagerFactoryBuilderImpl.java:1472)
	at org.hibernate.jpa.boot.internal.EntityManagerFactoryBuilderImpl.build(EntityManagerFactoryBuilderImpl.java:1454)
	at org.springframework.orm.jpa.vendor.SpringHibernateJpaPersistenceProvider.createContainerEntityManagerFactory(SpringHibernateJpaPersistenceProvider.java:93)
	at org.springframework.orm.jpa.LocalContainerEntityManagerFactoryBean.createNativeEntityManagerFactory(LocalContainerEntityManagerFactoryBean.java:443)
	at org.springframework.orm.jpa.AbstractEntityManagerFactoryBean.buildNativeEntityManagerFactory(AbstractEntityManagerFactoryBean.java:436)
	at org.springframework.orm.jpa.AbstractEntityManagerFactoryBean.afterPropertiesSet(AbstractEntityManagerFactoryBean.java:411)
	at org.springframework.orm.jpa.LocalContainerEntityManagerFactoryBean.afterPropertiesSet(LocalContainerEntityManagerFactoryBean.java:419)
	at org.springframework.beans.factory.support.AbstractAutowireCapableBeanFactory.invokeInitMethods(AbstractAutowireCapableBeanFactory.java:1864)
	at org.springframework.beans.factory.support.AbstractAutowireCapableBeanFactory.initializeBean(AbstractAutowireCapableBeanFactory.java:1813)
	... 108 more
Caused by: org.hibernate.HibernateException: Unable to determine Dialect without JDBC metadata (please set 'jakarta.persistence.jdbc.url' for common cases or 'hibernate.dialect' when a custom Dialect implementation must be provided)
	at org.hibernate.engine.jdbc.dialect.internal.DialectFactoryImpl.determineDialect(DialectFactoryImpl.java:190)
	at org.hibernate.engine.jdbc.dialect.internal.DialectFactoryImpl.buildDialect(DialectFactoryImpl.java:86)
	at org.hibernate.engine.jdbc.env.internal.JdbcEnvironmentInitiator.getJdbcEnvironmentWithDefaults(JdbcEnvironmentInitiator.java:200)
	at org.hibernate.engine.jdbc.env.internal.JdbcEnvironmentInitiator.getJdbcEnvironmentUsingJdbcMetadata(JdbcEnvironmentInitiator.java:452)
	at org.hibernate.engine.jdbc.env.internal.JdbcEnvironmentInitiator.getJdbcEnvironment(JdbcEnvironmentInitiator.java:143)
	at org.hibernate.engine.jdbc.env.internal.JdbcEnvironmentInitiator.initiateService(JdbcEnvironmentInitiator.java:120)
	at org.hibernate.engine.jdbc.env.internal.JdbcEnvironmentInitiator.initiateService(JdbcEnvironmentInitiator.java:80)
	at org.hibernate.boot.registry.internal.StandardServiceRegistryImpl.initiateService(StandardServiceRegistryImpl.java:133)
	at org.hibernate.service.internal.AbstractServiceRegistryImpl.createService(AbstractServiceRegistryImpl.java:260)
	... 124 more
2026-09-15 17:21:54.536 [main] WARN  org.springframework.test.context.TestContextManager - Caught exception while allowing TestExecutionListener [org.springframework.test.context.web.ServletTestExecutionListener] to prepare test instance [com.demo.Docker.DockerApplicationTests@53d2f0ec]
java.lang.IllegalStateException: Failed to load ApplicationContext for [WebMergedContextConfiguration@788d9139 testClass = com.demo.Docker.DockerApplicationTests, locations = [], classes = [com.demo.Docker.DockerApplication], contextInitializerClasses = [], activeProfiles = [], propertySourceDescriptors = [], propertySourceProperties = ["org.springframework.boot.test.context.SpringBootTestContextBootstrapper=true"], contextCustomizers = [org.springframework.boot.test.context.PropertyMappingContextCustomizer@0, org.springframework.boot.test.context.filter.ExcludeFilterContextCustomizer@40d10481, org.springframework.boot.test.json.DuplicateJsonObjectContextCustomizerFactory$DuplicateJsonObjectContextCustomizer@1dcca8d3, org.springframework.boot.test.autoconfigure.OnFailureConditionReportContextCustomizerFactory$OnFailureConditionReportContextCustomizer@6124287a, org.springframework.test.context.support.DynamicPropertiesContextCustomizer@0, org.springframework.boot.webmvc.test.autoconfigure.WebDriverContextCustomizer@7e7f0f0a, org.springframework.boot.web.server.context.SpringBootTestRandomPortContextCustomizer@656d10a4, org.springframework.boot.test.context.SpringBootTestAnnotation@c573e310], resourceBasePath = "src/main/webapp", contextLoader = org.springframework.boot.test.context.SpringBootContextLoader, parent = null]
	at org.springframework.test.context.cache.DefaultCacheAwareContextLoaderDelegate.lambda$loadContext$0(DefaultCacheAwareContextLoaderDelegate.java:195)
	at org.springframework.test.context.cache.DefaultContextCache.put(DefaultContextCache.java:214)
	at org.springframework.test.context.cache.DefaultCacheAwareContextLoaderDelegate.loadContext(DefaultCacheAwareContextLoaderDelegate.java:160)
	at org.springframework.test.context.support.DefaultTestContext.getApplicationContext(DefaultTestContext.java:128)
	at org.springframework.test.context.web.ServletTestExecutionListener.setUpRequestContextIfNecessary(ServletTestExecutionListener.java:200)
	at org.springframework.test.context.web.ServletTestExecutionListener.prepareTestInstance(ServletTestExecutionListener.java:139)
	at org.springframework.test.context.TestContextManager.prepareTestInstance(TestContextManager.java:260)
	at org.springframework.test.context.junit.jupiter.SpringExtension.postProcessTestInstance(SpringExtension.java:210)
	at org.junit.jupiter.engine.descriptor.ClassBasedTestDescriptor.lambda$invokeTestInstancePostProcessors$1(ClassBasedTestDescriptor.java:423)
	at org.junit.jupiter.engine.descriptor.ClassBasedTestDescriptor.executeAndMaskThrowable(ClassBasedTestDescriptor.java:428)
	at org.junit.jupiter.engine.descriptor.ClassBasedTestDescriptor.lambda$invokeTestInstancePostProcessors$0(ClassBasedTestDescriptor.java:422)
	at java.base/java.util.stream.ForEachOps$ForEachOp$OfRef.accept(ForEachOps.java:183)
	at java.base/java.util.stream.ReferencePipeline$3$1.accept(ReferencePipeline.java:197)
	at java.base/java.util.stream.ReferencePipeline$2$1.accept(ReferencePipeline.java:179)
	at java.base/java.util.stream.ReferencePipeline$3$1.accept(ReferencePipeline.java:197)
	at java.base/java.util.ArrayList$ArrayListSpliterator.forEachRemaining(ArrayList.java:1625)
	at java.base/java.util.stream.AbstractPipeline.copyInto(AbstractPipeline.java:509)
	at java.base/java.util.stream.AbstractPipeline.wrapAndCopyInto(AbstractPipeline.java:499)
	at java.base/java.util.stream.ForEachOps$ForEachOp.evaluateSequential(ForEachOps.java:150)
	at java.base/java.util.stream.ForEachOps$ForEachOp$OfRef.evaluateSequential(ForEachOps.java:173)
	at java.base/java.util.stream.AbstractPipeline.evaluate(AbstractPipeline.java:234)
	at java.base/java.util.stream.ReferencePipeline.forEach(ReferencePipeline.java:596)
	at org.junit.jupiter.engine.descriptor.ClassBasedTestDescriptor.invokeTestInstancePostProcessors(ClassBasedTestDescriptor.java:422)
	at org.junit.jupiter.engine.descriptor.ClassBasedTestDescriptor.lambda$instantiateAndPostProcessTestInstance$0(ClassBasedTestDescriptor.java:334)
	at org.junit.platform.engine.support.hierarchical.ThrowableCollector.execute(ThrowableCollector.java:74)
	at org.junit.jupiter.engine.descriptor.ClassBasedTestDescriptor.instantiateAndPostProcessTestInstance(ClassBasedTestDescriptor.java:333)
	at org.junit.jupiter.engine.descriptor.ClassBasedTestDescriptor.lambda$testInstancesProvider$1(ClassBasedTestDescriptor.java:322)
	at java.base/java.util.Optional.orElseGet(Optional.java:364)
	at org.junit.jupiter.engine.descriptor.ClassBasedTestDescriptor.lambda$testInstancesProvider$0(ClassBasedTestDescriptor.java:321)
	at org.junit.jupiter.engine.execution.TestInstancesProvider.getTestInstances(TestInstancesProvider.java:27)
	at org.junit.jupiter.engine.descriptor.TestMethodTestDescriptor.lambda$prepare$0(TestMethodTestDescriptor.java:127)
	at org.junit.platform.engine.support.hierarchical.ThrowableCollector.execute(ThrowableCollector.java:74)
	at org.junit.jupiter.engine.descriptor.TestMethodTestDescriptor.prepare(TestMethodTestDescriptor.java:126)
	at org.junit.jupiter.engine.descriptor.TestMethodTestDescriptor.prepare(TestMethodTestDescriptor.java:70)
	at org.junit.platform.engine.support.hierarchical.NodeTestTask.lambda$prepare$0(NodeTestTask.java:144)
	at org.junit.platform.engine.support.hierarchical.ThrowableCollector.execute(ThrowableCollector.java:74)
	at org.junit.platform.engine.support.hierarchical.NodeTestTask.prepare(NodeTestTask.java:144)
	at org.junit.platform.engine.support.hierarchical.NodeTestTask.execute(NodeTestTask.java:110)
	at java.base/java.util.ArrayList.forEach(ArrayList.java:1511)
	at org.junit.platform.engine.support.hierarchical.SameThreadHierarchicalTestExecutorService.invokeAll(SameThreadHierarchicalTestExecutorService.java:42)
	at org.junit.platform.engine.support.hierarchical.NodeTestTask.lambda$executeRecursively$2(NodeTestTask.java:180)
	at org.junit.platform.engine.support.hierarchical.ThrowableCollector.execute(ThrowableCollector.java:74)
	at org.junit.platform.engine.support.hierarchical.NodeTestTask.lambda$executeRecursively$1(NodeTestTask.java:166)
	at org.junit.platform.engine.support.hierarchical.Node.around(Node.java:138)
	at org.junit.platform.engine.support.hierarchical.NodeTestTask.lambda$executeRecursively$0(NodeTestTask.java:164)
	at org.junit.platform.engine.support.hierarchical.ThrowableCollector.execute(ThrowableCollector.java:74)
	at org.junit.platform.engine.support.hierarchical.NodeTestTask.executeRecursively(NodeTestTask.java:163)
	at org.junit.platform.engine.support.hierarchical.NodeTestTask.execute(NodeTestTask.java:116)
	at java.base/java.util.ArrayList.forEach(ArrayList.java:1511)
	at org.junit.platform.engine.support.hierarchical.SameThreadHierarchicalTestExecutorService.invokeAll(SameThreadHierarchicalTestExecutorService.java:42)
	at org.junit.platform.engine.support.hierarchical.NodeTestTask.lambda$executeRecursively$2(NodeTestTask.java:180)
	at org.junit.platform.engine.support.hierarchical.ThrowableCollector.execute(ThrowableCollector.java:74)
	at org.junit.platform.engine.support.hierarchical.NodeTestTask.lambda$executeRecursively$1(NodeTestTask.java:166)
	at org.junit.platform.engine.support.hierarchical.Node.around(Node.java:138)
	at org.junit.platform.engine.support.hierarchical.NodeTestTask.lambda$executeRecursively$0(NodeTestTask.java:164)
	at org.junit.platform.engine.support.hierarchical.ThrowableCollector.execute(ThrowableCollector.java:74)
	at org.junit.platform.engine.support.hierarchical.NodeTestTask.executeRecursively(NodeTestTask.java:163)
	at org.junit.platform.engine.support.hierarchical.NodeTestTask.execute(NodeTestTask.java:116)
	at org.junit.platform.engine.support.hierarchical.SameThreadHierarchicalTestExecutorService.submit(SameThreadHierarchicalTestExecutorService.java:36)
	at org.junit.platform.engine.support.hierarchical.HierarchicalTestExecutor.execute(HierarchicalTestExecutor.java:52)
	at org.junit.platform.engine.support.hierarchical.HierarchicalTestEngine.execute(HierarchicalTestEngine.java:58)
	at org.junit.platform.launcher.core.EngineExecutionOrchestrator.executeEngine(EngineExecutionOrchestrator.java:246)
	at org.junit.platform.launcher.core.EngineExecutionOrchestrator.failOrExecuteEngine(EngineExecutionOrchestrator.java:218)
	at org.junit.platform.launcher.core.EngineExecutionOrchestrator.execute(EngineExecutionOrchestrator.java:179)
	at org.junit.platform.launcher.core.EngineExecutionOrchestrator.execute(EngineExecutionOrchestrator.java:108)
	at org.junit.platform.launcher.core.EngineExecutionOrchestrator.lambda$execute$0(EngineExecutionOrchestrator.java:66)
	at org.junit.platform.launcher.core.EngineExecutionOrchestrator.withInterceptedStreams(EngineExecutionOrchestrator.java:157)
	at org.junit.platform.launcher.core.EngineExecutionOrchestrator.execute(EngineExecutionOrchestrator.java:65)
	at org.junit.platform.launcher.core.DefaultLauncher.execute(DefaultLauncher.java:125)
	at org.junit.platform.launcher.core.DefaultLauncher.execute(DefaultLauncher.java:114)
	at org.junit.platform.launcher.core.DelegatingLauncher.execute(DelegatingLauncher.java:58)
	at org.junit.platform.launcher.core.InterceptingLauncher.lambda$execute$2(InterceptingLauncher.java:57)
	at org.junit.platform.launcher.core.ClasspathAlignmentCheckingLauncherInterceptor.intercept(ClasspathAlignmentCheckingLauncherInterceptor.java:25)
	at org.junit.platform.launcher.core.InterceptingLauncher.execute(InterceptingLauncher.java:56)
	at org.junit.platform.launcher.core.DelegatingLauncher.execute(DelegatingLauncher.java:58)
	at java.base/jdk.internal.reflect.NativeMethodAccessorImpl.invoke0(Native Method)
	at java.base/jdk.internal.reflect.NativeMethodAccessorImpl.invoke(NativeMethodAccessorImpl.java:77)
	at java.base/jdk.internal.reflect.DelegatingMethodAccessorImpl.invoke(DelegatingMethodAccessorImpl.java:43)
	at java.base/java.lang.reflect.Method.invoke(Method.java:568)
	at org.apache.maven.surefire.api.util.ReflectionUtils.invokeMethodWithArray(ReflectionUtils.java:125)
	at org.apache.maven.surefire.junitplatform.LauncherAdapter.executeWithCancellationToken(LauncherAdapter.java:68)
	at org.apache.maven.surefire.junitplatform.LauncherAdapter.execute(LauncherAdapter.java:54)
	at org.apache.maven.surefire.junitplatform.JUnitPlatformProvider.execute(JUnitPlatformProvider.java:203)
	at org.apache.maven.surefire.junitplatform.JUnitPlatformProvider.invokeAllTests(JUnitPlatformProvider.java:168)
	at org.apache.maven.surefire.junitplatform.JUnitPlatformProvider.invoke(JUnitPlatformProvider.java:136)
	at org.apache.maven.surefire.booter.ForkedBooter.runSuitesInProcess(ForkedBooter.java:385)
	at org.apache.maven.surefire.booter.ForkedBooter.execute(ForkedBooter.java:162)
	at org.apache.maven.surefire.booter.ForkedBooter.run(ForkedBooter.java:507)
	at org.apache.maven.surefire.booter.ForkedBooter.main(ForkedBooter.java:495)
Caused by: org.springframework.beans.factory.BeanCreationException: Error creating bean with name 'entityManagerFactory' defined in class path resource [org/springframework/boot/hibernate/autoconfigure/HibernateJpaConfiguration.class]: Unable to create requested service [org.hibernate.engine.jdbc.env.spi.JdbcEnvironment] due to: Unable to determine Dialect without JDBC metadata (please set 'jakarta.persistence.jdbc.url' for common cases or 'hibernate.dialect' when a custom Dialect implementation must be provided)
	at org.springframework.beans.factory.support.AbstractAutowireCapableBeanFactory.initializeBean(AbstractAutowireCapableBeanFactory.java:1817)
	at org.springframework.beans.factory.support.AbstractAutowireCapableBeanFactory.doCreateBean(AbstractAutowireCapableBeanFactory.java:603)
	at org.springframework.beans.factory.support.AbstractAutowireCapableBeanFactory.createBean(AbstractAutowireCapableBeanFactory.java:525)
	at org.springframework.beans.factory.support.AbstractBeanFactory.lambda$doGetBean$0(AbstractBeanFactory.java:333)
	at org.springframework.beans.factory.support.DefaultSingletonBeanRegistry.getSingleton(DefaultSingletonBeanRegistry.java:371)
	at org.springframework.beans.factory.support.AbstractBeanFactory.doGetBean(AbstractBeanFactory.java:331)
	at org.springframework.beans.factory.support.AbstractBeanFactory.getBean(AbstractBeanFactory.java:201)
	at org.springframework.context.support.AbstractApplicationContext.finishBeanFactoryInitialization(AbstractApplicationContext.java:977)
	at org.springframework.context.support.AbstractApplicationContext.refresh(AbstractApplicationContext.java:621)
	at org.springframework.boot.SpringApplication.refresh(SpringApplication.java:756)
	at org.springframework.boot.SpringApplication.refreshContext(SpringApplication.java:445)
	at org.springframework.boot.SpringApplication.run(SpringApplication.java:321)
	at org.springframework.boot.test.context.SpringBootContextLoader.lambda$loadContext$2(SpringBootContextLoader.java:155)
	at org.springframework.util.function.ThrowingSupplier.get(ThrowingSupplier.java:58)
	at org.springframework.util.function.ThrowingSupplier.get(ThrowingSupplier.java:46)
	at org.springframework.boot.SpringApplication.withHook(SpringApplication.java:1465)
	at org.springframework.boot.test.context.SpringBootContextLoader$ContextLoaderHook.run(SpringBootContextLoader.java:600)
	at org.springframework.boot.test.context.SpringBootContextLoader.loadContext(SpringBootContextLoader.java:155)
	at org.springframework.boot.test.context.SpringBootContextLoader.loadContext(SpringBootContextLoader.java:114)
	at org.springframework.test.context.cache.DefaultCacheAwareContextLoaderDelegate.loadContextInternal(DefaultCacheAwareContextLoaderDelegate.java:247)
	at org.springframework.test.context.cache.DefaultCacheAwareContextLoaderDelegate.lambda$loadContext$0(DefaultCacheAwareContextLoaderDelegate.java:167)
	... 88 more
Caused by: org.hibernate.service.spi.ServiceException: Unable to create requested service [org.hibernate.engine.jdbc.env.spi.JdbcEnvironment] due to: Unable to determine Dialect without JDBC metadata (please set 'jakarta.persistence.jdbc.url' for common cases or 'hibernate.dialect' when a custom Dialect implementation must be provided)
	at org.hibernate.service.internal.AbstractServiceRegistryImpl.createService(AbstractServiceRegistryImpl.java:273)
	at org.hibernate.service.internal.AbstractServiceRegistryImpl.initializeService(AbstractServiceRegistryImpl.java:235)
	at org.hibernate.service.internal.AbstractServiceRegistryImpl.getService(AbstractServiceRegistryImpl.java:212)
	at org.hibernate.boot.model.relational.Database.<init>(Database.java:44)
	at org.hibernate.boot.internal.InFlightMetadataCollectorImpl.getDatabase(InFlightMetadataCollectorImpl.java:251)
	at org.hibernate.boot.internal.InFlightMetadataCollectorImpl.<init>(InFlightMetadataCollectorImpl.java:203)
	at org.hibernate.boot.model.process.spi.MetadataBuildingProcess.complete(MetadataBuildingProcess.java:172)
	at org.hibernate.jpa.boot.internal.EntityManagerFactoryBuilderImpl.metadata(EntityManagerFactoryBuilderImpl.java:1392)
	at org.hibernate.jpa.boot.internal.EntityManagerFactoryBuilderImpl.populateSessionFactoryBuilder(EntityManagerFactoryBuilderImpl.java:1472)
	at org.hibernate.jpa.boot.internal.EntityManagerFactoryBuilderImpl.build(EntityManagerFactoryBuilderImpl.java:1454)
	at org.springframework.orm.jpa.vendor.SpringHibernateJpaPersistenceProvider.createContainerEntityManagerFactory(SpringHibernateJpaPersistenceProvider.java:93)
	at org.springframework.orm.jpa.LocalContainerEntityManagerFactoryBean.createNativeEntityManagerFactory(LocalContainerEntityManagerFactoryBean.java:443)
	at org.springframework.orm.jpa.AbstractEntityManagerFactoryBean.buildNativeEntityManagerFactory(AbstractEntityManagerFactoryBean.java:436)
	at org.springframework.orm.jpa.AbstractEntityManagerFactoryBean.afterPropertiesSet(AbstractEntityManagerFactoryBean.java:411)
	at org.springframework.orm.jpa.LocalContainerEntityManagerFactoryBean.afterPropertiesSet(LocalContainerEntityManagerFactoryBean.java:419)
	at org.springframework.beans.factory.support.AbstractAutowireCapableBeanFactory.invokeInitMethods(AbstractAutowireCapableBeanFactory.java:1864)
	at org.springframework.beans.factory.support.AbstractAutowireCapableBeanFactory.initializeBean(AbstractAutowireCapableBeanFactory.java:1813)
	... 108 more
Caused by: org.hibernate.HibernateException: Unable to determine Dialect without JDBC metadata (please set 'jakarta.persistence.jdbc.url' for common cases or 'hibernate.dialect' when a custom Dialect implementation must be provided)
	at org.hibernate.engine.jdbc.dialect.internal.DialectFactoryImpl.determineDialect(DialectFactoryImpl.java:190)
	at org.hibernate.engine.jdbc.dialect.internal.DialectFactoryImpl.buildDialect(DialectFactoryImpl.java:86)
	at org.hibernate.engine.jdbc.env.internal.JdbcEnvironmentInitiator.getJdbcEnvironmentWithDefaults(JdbcEnvironmentInitiator.java:200)
	at org.hibernate.engine.jdbc.env.internal.JdbcEnvironmentInitiator.getJdbcEnvironmentUsingJdbcMetadata(JdbcEnvironmentInitiator.java:452)
	at org.hibernate.engine.jdbc.env.internal.JdbcEnvironmentInitiator.getJdbcEnvironment(JdbcEnvironmentInitiator.java:143)
	at org.hibernate.engine.jdbc.env.internal.JdbcEnvironmentInitiator.initiateService(JdbcEnvironmentInitiator.java:120)
	at org.hibernate.engine.jdbc.env.internal.JdbcEnvironmentInitiator.initiateService(JdbcEnvironmentInitiator.java:80)
	at org.hibernate.boot.registry.internal.StandardServiceRegistryImpl.initiateService(StandardServiceRegistryImpl.java:133)
	at org.hibernate.service.internal.AbstractServiceRegistryImpl.createService(AbstractServiceRegistryImpl.java:260)
	... 124 more
